"date","region","regionname","population","sample_size","reach","cases","recentcases","fatalities","cases_est","cases_low","cases_high","p_cases","p_cases_low","p_cases_high","recentcases_est","recentcases_low","recentcases_high","p_recentcases","p_recentcases_low","p_recentcases_high","p_recenthospital","p_recenthospital_low","p_recenthospital_high","recentcasesnursing_est","recentcasesnursing_low","recentcasesnursing_high","fatalities_est","fatalities_low","fatalities_high","hospital_est","hospital_low","hospital_high","icu_est","icu_low","icu_high","p_recovered","p_recovered_low","p_recovered_high","p_fatalities","p_fatalities_low","p_fatalities_high","p_recentcasesnursing","p_recentcasesnursing_low","p_recentcasesnursing_high","p_stillsick","p_stillsick_low","p_stillsick_high","p_hospital","p_hospital_low","p_hospital_high","p_severe","p_severe_low","p_severe_high","p_icu","p_icu_low","p_icu_high","p_tested","p_tested_low","p_tested_high","p_positive","p_positive_low","p_positive_high","p_cases_smooth","p_cases_low_smooth","p_cases_high_smooth"
"2020/07/30","ESMAR","Arganda del Rey",55389,18,437,42,0,2,5323.42791762014,3792.78934681646,6854.06648842381,0.0961098398169336,0.0684754977850559,0.123744181848811,0,0,0,0,0,0,NA,NA,NA,NA,NA,NA,255.248847926267,0,608.183168228237,1148.6198156682,406.023584250035,1891.21604708637,1020.99539170507,320.045756260492,1721.94502714965,0.0921658986175115,0.0649519473139892,0.119379849921034,0.00460829493087558,0,0.0109802157148213,NA,NA,NA,0,0,0,0.0207373271889401,0.00733040105887514,0.034144253319005,0.0138248847926267,0.00283960794254474,0.0248101616427087,0.0184331797235023,0.00577814649588352,0.0310882129511211,0.0786240786240786,0.0524755593904583,0.104772597857699,0.5,0.32676202195629,0.67323797804371,0.0902395179357605,0.0578547056001582,0.12311665861001
"2020/07/31","ESMAR","Arganda del Rey",55389,21,523,48,0,2,5459.28542094456,3992.95767493204,6925.61316695708,0.0985626283367557,0.0720893620562212,0.12503589461729,0,0,0,0,0,0,NA,NA,NA,NA,NA,NA,228.880165289256,0,545.429999145809,1029.96074380165,363.351038275222,1696.57044932808,915.520661157025,286.373787555733,1544.66753475832,0.0950413223140496,0.068913932815051,0.121168711813048,0.00413223140495868,0,0.00984726207632939,NA,NA,NA,0,0,0,0.0185950413223141,0.00655998552555962,0.0306300971190685,0.012396694214876,0.00253912983694765,0.0222542585928044,0.0165289256198347,0.00517022852110947,0.0278876227185599,0.0831509846827133,0.0578362954254145,0.108465673940012,0.447368421052632,0.289277545703789,0.605459296401474,0.0902395179814176,0.0578547056001628,0.123116658718899
"2020/08/01","ESMAR","Arganda del Rey",55389,28,730,60,1,2,4788.67435158501,3630.55674568851,5946.79195748152,0.0864553314121038,0.0655465299190906,0.107364132905117,84.9524539877301,0,251.328468279674,0.00153374233128834,0,0.00453751590170745,NA,NA,NA,NA,NA,NA,161.483965014577,0,384.958730685807,807.419825072886,310.645902804919,1304.19374734085,796.327476038339,279.823163083281,1312.8317889934,0.0868055555555556,0.063812735519216,0.109798375591895,0.00291545189504373,0,0.00695009353275574,NA,NA,NA,0,0,0,0.0145772594752187,0.00560844035467185,0.0235460785957655,0.00958466453674121,0.00195231834397576,0.0172170107295067,0.0143769968051118,0.00505196271973281,0.0237020308904908,0.115963855421687,0.0916104115057459,0.140317299337628,0.266666666666667,0.166585458718679,0.366747874614654,0.0902395180270747,0.0578547056001675,0.123116658827788
"2020/08/02","ESMAR","Arganda del Rey",55389,33,860,60,1,2,4693.98305084746,3557.70437362889,5830.26172806603,0.0847457627118644,0.0642312439948164,0.105260281428912,71.2857142857143,0,210.913209693491,0.00128700128700129,0,0.00380785371993521,NA,NA,NA,NA,NA,NA,158.254285714286,0,377.265959641349,791.271428571429,304.360972553497,1278.18188458936,692.3625,215.596598308264,1169.12840169174,0.0847457627118644,0.0622732333964862,0.107218292027243,0.00285714285714286,0,0.00681120727294859,NA,NA,NA,0,0,0,0.0142857142857143,0.00549497143031102,0.0230764571411175,0.009375,0.00190882123471275,0.0168411787652873,0.0125,0.00389240820936041,0.0211075917906396,0.113569321533923,0.0896864716540992,0.137452171413747,0.25974025974026,0.161799283424358,0.357681236056161,0.0902395180727318,0.0578547056001722,0.123116658936677
"2020/08/03","ESMAR","Arganda del Rey",55389,37,960,61,1,2,4765.48519040903,3622.19972300937,5908.77065780868,0.0860366713681241,0.0653956511763955,0.106677691559853,63.519495412844,0,187.944012983333,0.00114678899082569,0,0.00339316494219671,NA,NA,NA,NA,NA,NA,158.028530670471,0,376.728224067513,790.142653352354,303.921765338532,1276.36354136618,691.282371294852,215.255554031128,1167.30918855858,0.0930626057529611,0.0696402480437397,0.116484963462182,0.00285306704707561,0,0.00680149892699838,NA,NA,NA,0,0,0,0.014265335235378,0.00548704192779311,0.023043628542963,0.0093603744149766,0.00190578832533553,0.0168149605046177,0.0124804992199688,0.00388625095291714,0.0210747474870205,0.114874815905744,0.0908904651435302,0.138859166667957,0.256410256410256,0.159507711788644,0.353312801031869,0.0902395181183889,0.0578547056001769,0.123116659045566
"2020/08/04","ESMAR","Arganda del Rey",55389,59,1502,100,1,2,4791.43598615917,3893.86909674414,5689.0028755742,0.0865051903114187,0.0703004043536467,0.102709976269191,39.5071326676177,0,116.912069867965,0.000713266761768902,0,0.00211074527194867,NA,NA,NA,NA,NA,NA,98.3818827708703,0,234.608566098742,688.673179396092,330.180376560329,1047.16598223186,519.596622889306,199.06729897614,840.125946802472,0.0911736178467507,0.0736027256045473,0.108744510088954,0.00177619893428064,0,0.0042356526765015,NA,NA,NA,0,0,0,0.0124333925399645,0.00596111821048094,0.018905666869448,0.00844277673545966,0.00295026450881708,0.0139352889621022,0.00938086303939963,0.00359398615205438,0.0151677399267449,0.105113636363636,0.0866154305409292,0.123611842186344,0.333333333333333,0.245637220251636,0.421029446415031,0.090239518164046,0.0578547056001815,0.123116659154455
"2020/08/05","ESMAR","Arganda del Rey",55389,76,1931,119,3,5,4523.87851750172,3744.97471289,5302.78232211343,0.0816746739876458,0.0676122463465671,0.0957371016287246,91.3005494505495,0,194.529764374021,0.00164835164835165,0,0.00351206492939068,NA,NA,NA,NA,NA,NA,194.894440534835,24.365879499069,365.4230015706,672.100642398287,354.554443682369,989.646841114205,457.760330578512,188.366379207846,727.154281949179,0.0806938159879336,0.0660340665806735,0.0953535653951938,0.00351864883884588,0.00043990466516942,0.00659739301252235,NA,NA,NA,0.00218978102189781,0,0.00466499144361861,0.0121341898643826,0.00640117069602933,0.0178672090327358,0.00881704628949302,0.00385046553767631,0.0137836270413097,0.00826446280991736,0.00340079039534647,0.0131281352244882,0.102431834929993,0.086299049270235,0.11856462058975,0.352517985611511,0.273095187147491,0.431940784075531,0.0902395182097031,0.0578547056001862,0.123116659263344
"2020/08/06","ESMAR","Arganda del Rey",55389,64,1634,92,3,3,4362.83219178082,3507.16003470891,5218.50434885274,0.0787671232876712,0.0633187101176932,0.0942155364576493,109.320394736842,0,232.903655872899,0.00197368421052632,0,0.00420487201200416,NA,NA,NA,0,0,0,147.835409252669,0,314.900450491982,501.711956521739,192.164908788172,811.259004255307,218.497041420118,4.79662645094607,432.197456389291,0.0796890184645287,0.0631424879494493,0.096235548979608,0.00266903914590747,0,0.0056852524958382,0,0,0,0.00279589934762349,0,0.00595527323460858,0.00905797101449275,0.00346936952803213,0.0146465725009534,0.0075187969924812,0.00232825628172198,0.0127093377032404,0.00394477317554241,8.65988996180843e-05,0.00780294745146673,0.105646630236794,0.0874651466028507,0.123828113870738,0.344827586206897,0.25833121277971,0.431323959634083,0.0902395182553602,0.0578547056001909,0.123116659372233
"2020/08/07","ESMAR","Arganda del Rey",55389,69,1718,96,3,3,4544.73846153846,3673.71354219348,5415.76338088344,0.0820512820512821,0.0663256881726242,0.0977768759299399,103.919324577861,0,221.402585005644,0.00187617260787992,0,0.00399723022632009,NA,NA,NA,0,0,0,147.572824156306,0,314.341521007796,500.804701627486,191.814859794531,809.794543460442,222.44578313253,4.89109845576954,440.000467809291,0.0834141610087294,0.0665359962122556,0.100292325805203,0.00266429840142096,0,0.00567516151235436,0,0,0,0.00186046511627907,0,0.00443649118380927,0.00904159132007233,0.00346304969930006,0.0146201329408446,0.0075046904315197,0.00232385125271006,0.0126855296103293,0.00401606425702811,8.83045091222001e-05,0.00794382400493402,0.116363636363636,0.0974141614361705,0.135313111291102,0.40625,0.321167233149711,0.491332766850289,0.0902395183010172,0.0578547056001956,0.123116659481122
"2020/08/08","ESMAR","Arganda del Rey",55389,67,1613,91,2,3,4961.02263779527,3988.44872574797,5933.59654984258,0.0895669291338583,0.0720079569183046,0.107125901349412,71.2857142857143,0,170.017263128647,0.00128700128700129,0,0.00306951313669947,NA,NA,NA,0,0,0,170.953703703704,0,364.103713241311,523.635504201681,183.154181098137,864.116827305225,245.627494456763,5.4512923240578,485.803696589468,0.0861195542046606,0.0686176584141693,0.103621449995152,0.00308641975308642,0,0.00657357441443808,0,0,0,0.00203873598369011,0,0.00486134629472456,0.00945378151260504,0.00330668871252661,0.0156008743126835,0.00823045267489712,0.00255066365149715,0.0139102416982971,0.00443458980044346,9.84183199562692e-05,0.00877076128093065,0.087737843551797,0.0697094997932322,0.105766187310362,0.44578313253012,0.338850383867242,0.552715881192999,0.0902395183466743,0.0578547056002002,0.123116659590011
"2020/08/09","ESMAR","Arganda del Rey",55389,69,1610,96,2,3,5157.46265761397,4174.97966895097,6139.94564627697,0.0931134820562561,0.075375610120258,0.110851353992254,73.4602122015915,0,175.201466370124,0.0013262599469496,0,0.00316310939663335,NA,NA,NA,0,0,0,168.355623100304,0,358.574697027617,515.512926577042,180.288301622983,850.737551531102,241.60959651036,5.3535151204462,477.865677900274,0.0898203592814371,0.0721166127689041,0.10752410579397,0.00303951367781155,0,0.00647375285756409,0,0,0,0.00200803212851406,0,0.00478817601489022,0.0093071354705274,0.00325494776260599,0.0153593231784488,0.00810536980749747,0.00251154705060044,0.0136991925643945,0.00436205016357688,9.66530379758832e-05,0.00862744728917788,0.0936524453694069,0.0752322877648207,0.112072602973993,0.444444444444444,0.341784901900024,0.547103986988865,0.0902395183923314,0.0578547056002049,0.1231166596989
"2020/08/10","ESMAR","Arganda del Rey",55389,70,1657,102,2,3,5350.07386363636,4363.22644062437,6336.92128664836,0.0965909090909091,0.0787742411060746,0.114407577075744,71.2398713826367,0,169.907968152207,0.00128617363344051,0,0.00306753991139409,NA,NA,NA,0,0,0,164.196640316206,0,349.723612603323,558.35685483871,214.038756472751,902.674953204668,279.178427419355,35.0897210523117,523.267133786398,0.0934761441090555,0.075672746850654,0.111279541367457,0.00296442687747036,0,0.0063139542617365,0,0,0,0.0019588638589618,0,0.0046710005102867,0.0100806451612903,0.0038642827361525,0.0162970075864281,0.00889328063241107,0.00310900415151384,0.0146775571133083,0.00504032258064516,0.000633514254677133,0.00944713090661319,0.0983772819472617,0.0797877067203318,0.116966857174192,0.45360824742268,0.354535373180351,0.552681121665009,0.0902395184379886,0.0578547056002096,0.123116659807789
"2020/08/11","ESMAR","Arganda del Rey",55389,54,1263,60,2,3,5300.38277511962,4025.00906971021,6575.75648052902,0.0956937799043062,0.0726680219846939,0.118719537823919,97.7740511915269,0,233.159831041576,0.00176522506619594,0,0.00420949703084685,NA,NA,NA,0,0,0,291.521052631579,0,620.532863644996,604.243636363636,123.401346997706,1085.08592572957,302.121818181818,0,643.064891560187,0.0947368421052632,0.0706955647796346,0.118778119430892,0.00526315789473684,0,0.0112031786752784,0,0,0,0.00350877192982456,0,0.00836305360549309,0.0109090909090909,0.00222790350065366,0.0195902783175282,0.0105263157894737,0.00214811074868216,0.0189045208302652,0.00545454545454545,0,0.011609974752391,0.106418918918919,0.0815782296849383,0.1312596081529,0.396825396825397,0.276016458015825,0.517634335634968,0.0902395184836456,0.0578547056002143,0.123116659916678
"2020/08/12","ESMAR","Arganda del Rey",55389,39,905,53,2,0,7142.62043795621,5347.93503401317,8937.30584189924,0.128953771289538,0.0965522943908208,0.161355248188255,140.93893129771,0,336.018068240787,0.00254452926208651,0,0.00606651263320853,NA,NA,NA,0,0,0,0,0,0,923.15,190.671097148547,1655.62890285145,651.635294117647,16.8119708980253,1286.45861733727,0.141666666666667,0.105645425946878,0.177687907386455,0,0,0,0,0,0,0.00555555555555556,0,0.0132336040541608,0.0166666666666667,0.00344240006406592,0.0298909332692674,0.0138888888888889,0.00179980145632196,0.0259779763214558,0.0117647058823529,0.000303525445449914,0.023225886319256,0.138297872340426,0.103404696378139,0.173191048302712,0.519230769230769,0.383432272628858,0.65502926583268,0.0902395185293027,0.057854705600219,0.123116660025567
"2020/08/13","ESMAR","Arganda del Rey",55389,36,805,47,3,0,7054.9674796748,5170.84586857478,8939.08909077481,0.127371273712737,0.0933551042368481,0.161387443188626,238.403156384505,0,507.595566553336,0.00430416068866571,0,0.00916419445292994,NA,NA,NA,0,0,0,0,0,0,673.422492401216,17.5046502487793,1329.34033455365,336.711246200608,0,801.940100585246,0.142857142857143,0.105045310196276,0.18066897551801,0,0,0,0,0,0,0.00303951367781155,0,0.00898779042248661,0.0121580547112462,0.000316031165913435,0.024000078256579,0.0121580547112462,0.000316031165913435,0.024000078256579,0.0060790273556231,0,0.0144783278373909,0.119760479041916,0.0849402156714138,0.154580742412419,0.45,0.295827932318967,0.604172067681033,0.0902395185749598,0.0578547056002236,0.123116660134456
"2020/08/14","ESMAR","Arganda del Rey",55389,30,708,40,4,0,6989.14826498423,4964.48593656635,9013.81059340211,0.126182965299685,0.0896294559671839,0.162736474632185,366.20826446281,8.5190992395011,723.897429686119,0.00661157024793388,0.000153804893381377,0.0130693356024864,NA,NA,NA,0,0,0,0,0,0,799.841155234657,21.6912282848982,1577.99108218442,599.880866425993,0,1275.01158761936,0.140794223826715,0.0998352356610011,0.181753211992428,0,0,0,0,0,0,0.0036101083032491,0,0.0106730070203565,0.0144404332129964,0.000391616174419076,0.0284892502515737,0.0144404332129964,0.000391616174419076,0.0284892502515737,0.0108303249097473,0,0.023019220199306,0.134751773049645,0.0948987619620458,0.174604784137245,0.368421052631579,0.215050375570489,0.521791729692669,0.0902395186206169,0.0578547056002283,0.123116660243345
"2020/08/15","ESMAR","Arganda del Rey",55389,27,641,41,5,0,7163.87697160883,5117.76596535141,9209.98797786626,0.129337539432177,0.0923967929616242,0.166278285902729,514.767657992565,65.663776464496,963.871539520634,0.00929368029739777,0.00118550211169178,0.0174018584831038,NA,NA,NA,0,0,0,0,0,0,799.841155234657,21.6912282848982,1577.99108218442,599.880866425993,0,1275.01158761936,0.144404332129964,0.103010788605057,0.185797875654871,0,0,0,0,0,0,0.0036101083032491,0,0.0106730070203565,0.0144404332129964,0.000391616174419076,0.0284892502515737,0.0144404332129964,0.000391616174419076,0.0284892502515737,0.0108303249097473,0,0.023019220199306,0.138297872340426,0.0980067032710109,0.17858904140984,0.384615384615385,0.231928254983856,0.537302514246913,0.090239518666274,0.057854705600233,0.123116660352234
"2020/08/16","ESMAR","Arganda del Rey",55389,23,582,36,5,0,6173.38699690402,4272.48367039348,8074.29032341456,0.111455108359133,0.0771359596741859,0.14577425704408,530.545977011494,67.7430098844747,993.348944138514,0.00957854406130268,0.00122304085440204,0.0179340472682033,NA,NA,NA,0,0,0,0,0,0,782.883392226148,21.1130516735262,1544.65373277877,587.162544169611,0,1248.05623384736,0.123674911660777,0.085319354098829,0.162030469222726,0,0,0,0,0,0,0.00353356890459364,0,0.0104469897038443,0.0141342756183746,0.000381177700870683,0.0278873735358784,0.0141342756183746,0.000381177700870683,0.0278873735358784,0.0106007067137809,0,0.0225325648386388,0.118055555555556,0.080789307004322,0.155321804106789,0.411764705882353,0.246336815620432,0.577192596144274,0.0902395187119311,0.0578547056002377,0.123116660461123
"2020/08/17","ESMAR","Arganda del Rey",55389,20,528,31,6,0,7008.40408163265,4702.66467255593,9314.14349070938,0.126530612244898,0.0849025018064224,0.168158722683374,702.6088794926,143.992108894521,1261.22565009068,0.0126849894291755,0.00259965171594578,0.0227703271424052,NA,NA,NA,0,0,0,0,0,0,810.570731707317,0,1721.06483174304,540.380487804878,0,1285.63367259125,0.141463414634146,0.0937574554476438,0.189169373820649,0,0,0,0,0,0,0.00975609756097561,0,0.0232109926626451,0.0146341463414634,0,0.0310723217921074,0.0146341463414634,0,0.0310723217921074,0.00975609756097561,0,0.0232109926626451,0.128571428571429,0.083299752250244,0.173843104892613,0.407407407407407,0.222071837133356,0.592742977681459,0.0902395187575882,0.0578547056002423,0.123116660570012
"2020/08/18","ESMAR","Arganda del Rey",55389,16,435,29,7,0,8112.5303030303,5384.7073380683,10840.3532679923,0.146464646464646,0.0972161862114915,0.195713106717801,934.272289156626,248.028270854255,1620.516307459,0.0168674698795181,0.00447793372067115,0.029257006038365,NA,NA,NA,0,0,0,0,0,0,860.968911917098,0,1827.62742444968,573.979274611399,0,1365.32695443156,0.139896373056995,0.090958166057054,0.188834580056936,0,0,0,0,0,0,0.0103626943005181,0,0.0246497852359054,0.0155440414507772,0,0.0329962162965513,0.0155440414507772,0,0.0329962162965513,0.0103626943005181,0,0.0246497852359054,0.146464646464646,0.0972161862114915,0.195713106717801,0.310344827586207,0.141966052146024,0.47872360302639,0.0902395188032453,0.057854705600247,0.123116660678901
"2020/08/19","ESMAR","Arganda del Rey",55389,24,650,52,7,NA,6874.05250596659,5125.47339883012,8622.63161310305,0.124105011933174,0.0925359439388709,0.155674079927478,674.300869565217,177.830840325104,1170.77089880533,0.0121739130434783,0.00321058044602907,0.0211372456409274,0.00462962962962963,0,0.0136825081832303,NA,NA,NA,NA,NA,NA,NA,NA,NA,NA,NA,NA,NA,NA,NA,NA,NA,NA,NA,NA,NA,NA,NA,NA,NA,NA,NA,NA,NA,NA,NA,NA,NA,NA,NA,NA,NA,NA,NA,0.0902395188489024,0.0578547056002517,0.12311666078779
"2020/08/20","ESMAR","Arganda del Rey",55389,27,823,55,14,NA,7019.34331797235,5285.78693707498,8752.89969886972,0.126728110599078,0.0954302648012237,0.158025956396933,1029.80876494024,495.410070872103,1564.20745900838,0.0185922974767596,0.0089441959752316,0.0282403989782877,0.00233100233100233,0,0.00689435503840864,NA,NA,NA,NA,NA,NA,NA,NA,NA,NA,NA,NA,NA,NA,NA,NA,NA,NA,NA,NA,NA,NA,NA,NA,NA,NA,NA,NA,NA,NA,NA,NA,NA,NA,NA,NA,NA,NA,NA,0.0902395188945595,0.0578547056002564,0.123116660896679
"2020/08/21","ESMAR","Arganda del Rey",55389,29,849,49,14,NA,7031.24611398964,5191.72977843565,8870.76244954363,0.126943005181347,0.0937321449824991,0.160153865380195,995.437740693196,478.711919244652,1512.16356214174,0.0179717586649551,0.00864272543726465,0.0273007918926455,0.00568181818181818,0,0.0120929910368023,NA,NA,NA,NA,NA,NA,NA,NA,NA,NA,NA,NA,NA,NA,NA,NA,NA,NA,NA,NA,NA,NA,NA,NA,NA,NA,NA,NA,NA,NA,NA,NA,NA,NA,NA,NA,NA,NA,NA,0.0902395189402166,0.057854705600261,0.123116661005568
"2020/08/22","ESMAR","Arganda del Rey",55389,32,976,42,14,NA,6480.05013927577,4638.49715420232,8321.60312434922,0.116991643454039,0.0837440133275978,0.15023927358048,865.453125,415.66507660017,1315.24117339983,0.015625,0.00750446977920111,0.0237455302207989,0.00444444444444444,0,0.00946252577265081,NA,NA,NA,NA,NA,NA,NA,NA,NA,NA,NA,NA,NA,NA,NA,NA,NA,NA,NA,NA,NA,NA,NA,NA,NA,NA,NA,NA,NA,NA,NA,NA,NA,NA,NA,NA,NA,NA,NA,0.0902395189858737,0.0578547056002657,0.123116661114457
"2020/08/23","ESMAR","Arganda del Rey",55389,30,958,37,14,NA,5992.37719298246,4168.97178698749,7815.78259897742,0.108187134502924,0.0752671430606707,0.141107125945177,878.194790486976,421.83805358211,1334.55152739184,0.0158550396375991,0.0076159174850983,0.0240941617900999,0.00413793103448276,0,0.0088106569458428,NA,NA,NA,NA,NA,NA,NA,NA,NA,NA,NA,NA,NA,NA,NA,NA,NA,NA,NA,NA,NA,NA,NA,NA,NA,NA,NA,NA,NA,NA,NA,NA,NA,NA,NA,NA,NA,NA,NA,0.0902395190315308,0.0578547056002704,0.123116661223346
"2020/08/24","ESMAR","Arganda del Rey",55389,34,1045,46,14,NA,6244.83823529412,4544.97268738053,7944.70378320771,0.112745098039216,0.0820555107942106,0.143434685284221,799.428865979381,383.703065701337,1215.15466625743,0.0144329896907217,0.00692742359857258,0.0219385557828707,0.00331491712707182,0,0.00705980758243327,NA,NA,NA,NA,NA,NA,NA,NA,NA,NA,NA,NA,NA,NA,NA,NA,NA,NA,NA,NA,NA,NA,NA,NA,NA,NA,NA,NA,NA,NA,NA,NA,NA,NA,NA,NA,NA,NA,NA,0.0902395190771879,0.0578547056002751,0.123116661332235
"2020/08/25","ESMAR","Arganda del Rey",55389,39,1262,46,13,NA,5884.28175519631,4276.6959259937,7491.86758439891,0.106235565819861,0.0772120082686762,0.135259123371047,604.07466442953,277.49750213936,930.651826719701,0.0109060402684564,0.00500997494338876,0.016802105593524,0.00254885301614274,0,0.00542942062304432,NA,NA,NA,NA,NA,NA,NA,NA,NA,NA,NA,NA,NA,NA,NA,NA,NA,NA,NA,NA,NA,NA,NA,NA,NA,NA,NA,NA,NA,NA,NA,NA,NA,NA,NA,NA,NA,NA,NA,0.090239519122845,0.0578547056002798,0.123116661441124
"2020/08/26","ESMAR","Arganda del Rey",55389,32,1077,32,12,NA,4842.75409836066,3239.88443286457,6445.62376385674,0.087431693989071,0.0584932826529558,0.116370105325186,625.864406779661,273.761092619737,977.967720939585,0.0112994350282486,0.00494251733412297,0.0176563527223742,0.00188323917137476,0,0.00449076876682021,NA,NA,NA,NA,NA,NA,NA,NA,NA,NA,NA,NA,NA,NA,NA,NA,NA,NA,NA,NA,NA,NA,NA,NA,NA,NA,NA,NA,NA,NA,NA,NA,NA,NA,NA,NA,NA,NA,NA,0.0902395191685021,0.0578547056002844,0.123116661550013
"2020/08/27","ESMAR","Arganda del Rey",55389,29,949,36,6,NA,5165.81347150259,3558.96127425458,6772.6656687506,0.0932642487046632,0.0642539362374223,0.122274561171904,355.817987152034,72.0254867969478,639.610487507121,0.00642398286937901,0.00130035723333059,0.0115476085054274,0.00214132762312634,0,0.00510582268111712,NA,NA,NA,NA,NA,NA,NA,NA,NA,NA,NA,NA,NA,NA,NA,NA,NA,NA,NA,NA,NA,NA,NA,NA,NA,NA,NA,NA,NA,NA,NA,NA,NA,NA,NA,NA,NA,NA,NA,0.0902395192141592,0.0578547056002891,0.123116661658902
"2020/08/28","ESMAR","Arganda del Rey",55389,25,850,28,5,NA,4418.49572649573,2848.52621864453,5988.46523434692,0.0797720797720798,0.0514276520364067,0.108116507507753,331.670658682635,41.825566829638,621.515750535631,0.00598802395209581,0.000755124064879995,0.0112209238393116,0,0,0,NA,NA,NA,NA,NA,NA,NA,NA,NA,NA,NA,NA,NA,NA,NA,NA,NA,NA,NA,NA,NA,NA,NA,NA,NA,NA,NA,NA,NA,NA,NA,NA,NA,NA,NA,NA,NA,NA,NA,0.0902395192598163,0.0578547056002938,0.123116661767791
"2020/08/29","ESMAR","Arganda del Rey",55389,23,793,24,4,NA,4583.91724137931,2827.52682899755,6340.30765376107,0.0827586206896552,0.0510485264041154,0.114468714975195,279.389659520807,6.28423161700214,552.495087424612,0.00504413619167718,0.000113456311126797,0.00997481607222755,0,0,0,NA,NA,NA,NA,NA,NA,NA,NA,NA,NA,NA,NA,NA,NA,NA,NA,NA,NA,NA,NA,NA,NA,NA,NA,NA,NA,NA,NA,NA,NA,NA,NA,NA,NA,NA,NA,NA,NA,NA,0.0902395193054734,0.0578547056002985,0.12311666187668
"2020/08/30","ESMAR","Arganda del Rey",55389,24,803,24,4,NA,4583.91724137931,2827.52682899755,6340.30765376107,0.0827586206896552,0.0510485264041154,0.114468714975195,275.910336239103,6.19745849023996,545.623213987967,0.0049813200498132,0.000111889698139341,0.00985075040148706,0,0,0,NA,NA,NA,NA,NA,NA,NA,NA,NA,NA,NA,NA,NA,NA,NA,NA,NA,NA,NA,NA,NA,NA,NA,NA,NA,NA,NA,NA,NA,NA,NA,NA,NA,NA,NA,NA,NA,NA,NA,0.0902395193511305,0.0578547056003031,0.123116661985569
"2020/08/31","ESMAR","Arganda del Rey",55389,20,719,21,3,NA,4456.58620689655,2628.79694041335,6284.37547337975,0.0804597701149425,0.0474606319018822,0.113458908328003,231.108484005563,0,492.08138808232,0.00417246175243394,0,0.00888409951583022,0,0,0,NA,NA,NA,NA,NA,NA,NA,NA,NA,NA,NA,NA,NA,NA,NA,NA,NA,NA,NA,NA,NA,NA,NA,NA,NA,NA,NA,NA,NA,NA,NA,NA,NA,NA,NA,NA,NA,NA,NA,0.0902395193967876,0.0578547056003078,0.123116662094458
"2020/09/01","ESMAR","Arganda del Rey",55389,15,502,21,3,NA,4928.68220338983,2916.66130047184,6940.70310630782,0.0889830508474576,0.0526577714071718,0.125308330287743,331.009960159363,0,704.455210193848,0.00597609561752988,0,0.012718323316793,0,0,0,NA,NA,NA,NA,NA,NA,NA,NA,NA,NA,NA,NA,NA,NA,NA,NA,NA,NA,NA,NA,NA,NA,NA,NA,NA,NA,NA,NA,NA,NA,NA,NA,NA,NA,NA,NA,NA,NA,NA,0.0902395194424446,0.0578547056003125,0.123116662203347
"2020/09/02","ESMAR","Arganda del Rey",55389,14,461,21,2,NA,4928.68220338983,2916.66130047184,6940.70310630782,0.0889830508474576,0.0526577714071718,0.125308330287743,240.299349240781,0,572.60793942561,0.00433839479392625,0,0.0103379360419146,0,0,0,NA,NA,NA,NA,NA,NA,NA,NA,NA,NA,NA,NA,NA,NA,NA,NA,NA,NA,NA,NA,NA,NA,NA,NA,NA,NA,NA,NA,NA,NA,NA,NA,NA,NA,NA,NA,NA,NA,NA,0.0902395194881017,0.0578547056003172,0.123116662312236
"2020/09/03","ESMAR","Arganda del Rey",55389,12,426,14,0,NA,3675.09952606635,1814.96196066544,5535.23709146726,0.0663507109004739,0.0327675524141155,0.0999338693868324,0,0,0,0,0,0,0,0,0,NA,NA,NA,NA,NA,NA,NA,NA,NA,NA,NA,NA,NA,NA,NA,NA,NA,NA,NA,NA,NA,NA,NA,NA,NA,NA,NA,NA,NA,NA,NA,NA,NA,NA,NA,NA,NA,NA,NA,0.0902395195337588,0.0578547056003218,0.123116662421125
"2020/09/04","ESMAR","Arganda del Rey",55389,13,476,14,0,NA,3675.09952606635,1814.96196066544,5535.23709146726,0.0663507109004739,0.0327675524141155,0.0999338693868324,0,0,0,0,0,0,0,0,0,NA,NA,NA,NA,NA,NA,NA,NA,NA,NA,NA,NA,NA,NA,NA,NA,NA,NA,NA,NA,NA,NA,NA,NA,NA,NA,NA,NA,NA,NA,NA,NA,NA,NA,NA,NA,NA,NA,NA,0.0902395195794159,0.0578547056003265,0.123116662530014
"2020/09/05","ESMAR","Arganda del Rey",55389,11,421,14,0,NA,3675.09952606635,1814.96196066544,5535.23709146726,0.0663507109004739,0.0327675524141155,0.0999338693868324,0,0,0,0,0,0,0,0,0,NA,NA,NA,NA,NA,NA,NA,NA,NA,NA,NA,NA,NA,NA,NA,NA,NA,NA,NA,NA,NA,NA,NA,NA,NA,NA,NA,NA,NA,NA,NA,NA,NA,NA,NA,NA,NA,NA,NA,0.090239519625073,0.0578547056003312,0.123116662638903
"2020/09/06","ESMAR","Arganda del Rey",55389,11,421,8,0,NA,2752.24844720497,893.059579494864,4611.43731491507,0.0496894409937888,0.0161234104153327,0.0832554715722449,0,0,0,0,0,0,0,0,0,NA,NA,NA,NA,NA,NA,NA,NA,NA,NA,NA,NA,NA,NA,NA,NA,NA,NA,NA,NA,NA,NA,NA,NA,NA,NA,NA,NA,NA,NA,NA,NA,NA,NA,NA,NA,NA,NA,NA,0.0902395196707301,0.0578547056003359,0.123116662747792
"2020/09/07","ESMAR","Arganda del Rey",55389,10,375,3,0,NA,1444.93043478261,0,3058.52526433162,0.0260869565217391,0,0.0552190013239384,0,0,0,0,0,0,0,0,0,NA,NA,NA,NA,NA,NA,NA,NA,NA,NA,NA,NA,NA,NA,NA,NA,NA,NA,NA,NA,NA,NA,NA,NA,NA,NA,NA,NA,NA,NA,NA,NA,NA,NA,NA,NA,NA,NA,NA,0.0902395197163872,0.0578547056003406,0.123116662856681
"2020/09/08","ESMAR","Arganda del Rey",55389,9,370,3,0,NA,2769.45,0,5823.96874775731,0.05,0,0.105146667167801,0,0,0,0,0,0,0,0,0,NA,NA,NA,NA,NA,NA,NA,NA,NA,NA,NA,NA,NA,NA,NA,NA,NA,NA,NA,NA,NA,NA,NA,NA,NA,NA,NA,NA,NA,NA,NA,NA,NA,NA,NA,NA,NA,NA,NA,0.0902395197620443,0.0578547056003452,0.12311666296557
"2020/09/09","ESMAR","Arganda del Rey",55389,8,360,3,0,NA,2769.45,0,5823.96874775731,0.05,0,0.105146667167801,0,0,0,0,0,0,0,0,0,NA,NA,NA,NA,NA,NA,NA,NA,NA,NA,NA,NA,NA,NA,NA,NA,NA,NA,NA,NA,NA,NA,NA,NA,NA,NA,NA,NA,NA,NA,NA,NA,NA,NA,NA,NA,NA,NA,NA,0.0902395198077014,0.0578547056003499,0.123116663074459
"2020/09/10","ESMAR","Arganda del Rey",55389,8,360,3,0,NA,2769.45,0,5823.96874775731,0.05,0,0.105146667167801,0,0,0,0,0,0,0,0,0,NA,NA,NA,NA,NA,NA,NA,NA,NA,NA,NA,NA,NA,NA,NA,NA,NA,NA,NA,NA,NA,NA,NA,NA,NA,NA,NA,NA,NA,NA,NA,NA,NA,NA,NA,NA,NA,NA,NA,0.0902395198533585,0.0578547056003546,0.123116663183348
"2020/09/11","ESMAR","Arganda del Rey",55389,7,310,3,0,NA,2769.45,0,5823.96874775731,0.05,0,0.105146667167801,0,0,0,0,0,0,0,0,0,NA,NA,NA,NA,NA,NA,NA,NA,NA,NA,NA,NA,NA,NA,NA,NA,NA,NA,NA,NA,NA,NA,NA,NA,NA,NA,NA,NA,NA,NA,NA,NA,NA,NA,NA,NA,NA,NA,NA,0.0902395198990156,0.0578547056003593,0.123116663292237
"2020/09/12","ESMAR","Arganda del Rey",55389,9,334,5,0,NA,3296.96428571429,494.428065572103,6099.50050585647,0.0595238095238095,0.00892646672754704,0.110121152320072,0,0,0,0,0,0,0,0,0,NA,NA,NA,NA,NA,NA,NA,NA,NA,NA,NA,NA,NA,NA,NA,NA,NA,NA,NA,NA,NA,NA,NA,NA,NA,NA,NA,NA,NA,NA,NA,NA,NA,NA,NA,NA,NA,NA,NA,0.0902395199446727,0.057854705600364,0.123116663401125
"2020/09/13","ESMAR","Arganda del Rey",55389,8,284,5,0,NA,3296.96428571429,494.428065572103,6099.50050585647,0.0595238095238095,0.00892646672754704,0.110121152320072,0,0,0,0,0,0,0,0,0,NA,NA,NA,NA,NA,NA,NA,NA,NA,NA,NA,NA,NA,NA,NA,NA,NA,NA,NA,NA,NA,NA,NA,NA,NA,NA,NA,NA,NA,NA,NA,NA,NA,NA,NA,NA,NA,NA,NA,0.0902395199903298,0.0578547056003686,0.123116663510014
"2020/09/14","ESMAR","Arganda del Rey",55389,10,384,12,2,NA,4960.20895522388,2282.36690975512,7638.05100069264,0.0895522388059701,0.0412061403844648,0.137898337227475,288.484375,0,687.2534382997,0.00520833333333333,0,0.0124077603549387,0,0,0,NA,NA,NA,NA,NA,NA,NA,NA,NA,NA,NA,NA,NA,NA,NA,NA,NA,NA,NA,NA,NA,NA,NA,NA,NA,NA,NA,NA,NA,NA,NA,NA,NA,NA,NA,NA,NA,NA,NA,0.0902395200359869,0.0578547056003733,0.123116663618903
"2020/09/15","ESMAR","Arganda del Rey",55389,10,384,12,2,NA,4960.20895522388,2282.36690975512,7638.05100069264,0.0895522388059701,0.0412061403844648,0.137898337227475,288.484375,0,687.2534382997,0.00520833333333333,0,0.0124077603549387,0,0,0,NA,NA,NA,NA,NA,NA,NA,NA,NA,NA,NA,NA,NA,NA,NA,NA,NA,NA,NA,NA,NA,NA,NA,NA,NA,NA,NA,NA,NA,NA,NA,NA,NA,NA,NA,NA,NA,NA,NA,0.090239520081644,0.057854705600378,0.123116663727792
