"date","population","total_responses","pct_cli","pct_cli_smooth","pct_cli_smooth_low","pct_cli_smooth_high","number_cli","batched_pct_cli","batched_pct_cli_smooth","batched_pct_cli_smooth_low","batched_pct_cli_smooth_high","estimate_cli","cum_estimate_cli","number_cli_smooth","cum_number_cli_smooth","b_size_denom","p_cases_active","p_cases_active_high","p_cases_active_low"
2020-04-23,31949789,493,0.6085,0.604462647266569,0.377125216286252,0.831800078246886,2.999905,0.6085,0.58567839512006,0.441780804552733,0.729575985687386,187123.011459445,187123.011459445,193124.540385483,193124.540385483,1500,0.0058567839512006,0.00729575985687387,0.00441780804552733
2020-04-24,31949789,714,0.9804,0.605380560926815,0.395317583657998,0.815443538195631,7.000056,0.9804,0.586641536456694,0.443448872977421,0.729834199935968,187430.733084272,374553.744543717,193417.811863134,386542.352248617,1500,0.00586641536456695,0.00729834199935968,0.00443448872977421
2020-04-25,31949789,586,0,0.606207033657057,0.411945124957634,0.800468942356479,0,0,0.587606233098095,0.445107019280785,0.730105446915406,187738.95162569,562292.696169407,193681.868156589,580224.220405205,1500,0.00587606233098095,0.00730105446915406,0.00445107019280785
2020-04-26,31949789,666,0.3003,0.606904760962414,0.426893694934994,0.786915826989834,1.999998,0.3003,0.588572475016831,0.446755104084425,0.730389845949238,188047.663879955,750340.360049362,193904.790558446,774129.010963651,1500,0.00588572475016831,0.00730389845949238,0.00446755104084425
2020-04-27,31949789,583,0.3431,0.607436337199344,0.440033888293547,0.774838786105141,2.000273,0.3431,0.589540252107136,0.44839300027676,0.730687503937513,188356.866618298,938697.226667661,194074.628044519,968203.63900817,1500,0.00589540252107136,0.00730687503937513,0.0044839300027676
2020-04-28,31949789,678,1.1799,0.607764345891587,0.451247281420133,0.764281410363042,7.999722,1.1799,0.590509554184591,0.450020602889697,0.730998505479484,188666.556586817,1127363.78325448,194179.426129592,1162383.06513776,1500,0.0059050955418459,0.00730998505479484,0.00450020602889697
2020-04-29,31949789,687,0.5822,0.607851472903927,0.460457619431685,0.755245326376168,3.999714,0.5822,0.591480370985798,0.451637835845094,0.731322906126502,188976.73050638,1316340.51376086,194207.263026197,1356590.32816396,1500,0.00591480370985798,0.00731322906126502,0.00451637835845094
2020-04-30,31949789,564,0.5319,0.607660642239559,0.467661516662896,0.747659767816223,2.999916,0.5319,0.592452692168069,0.453244655372365,0.731660728963772,189287.385072517,1505627.89883337,194146.293031584,1550736.62119554,1500,0.00592452692168069,0.00731660728963772,0.00453244655372365
2020-05-01,31949789,506,0.5929,0.607155174014601,0.472949598193817,0.741360749835385,3.000074,0.5929,0.593426507309103,0.454841049897832,0.732011964720373,189598.516955328,1695226.4157887,193984.797000248,1744721.41819579,1500,0.00593426507309102,0.00732011964720373,0.00454841049897832
2020-05-02,31949789,436,0.6881,0.60629896391413,0.476508450460741,0.736089477367518,3.000116,0.6881,0.594401805906674,0.456427036206538,0.73237657560681,189910.122799372,1885136.53858807,193711.239679751,1938432.65787554,1500,0.00594401805906674,0.0073237657560681,0.00456427036206538
2020-05-03,31949789,1650,0.6061,0.605056683150303,0.47859830424152,0.731515062059086,10.00065,0.613601599754558,0.595378577378318,0.458002651678003,0.732754503078632,190222.199223574,2075358.73781165,193314.33359692,2131746.99147246,1500,0.00595378577378318,0.00732754503078632,0.00458002651678003
2020-05-04,31949789,1673,0.538,0.603395482466471,0.479506655459444,0.727284309473499,9.00074,NA,0.596356811143014,0.459567940461427,0.7331456818246,190534.742847321,2265893.48065897,192783.583483569,2324530.57495603,1500,0.00596356811143014,0.007331456818246,0.00459567940461427
2020-05-05,31949789,1595,0.6897,0.601313163506339,0.479446879528109,0.723179447484569,11.000715,NA,0.597336498173514,0.461122902507219,0.733550093839809,190847.750786427,2456741.2314454,192118.2869695,2516648.86192553,1500,0.00597336498173514,0.00733550093839808,0.00461122902507219
2020-05-06,31949789,1621,0.987,0.598835462859383,0.478529166025058,0.719141759693708,15.99927,NA,0.598317630879042,0.462667494434746,0.733967767323339,191161.220615653,2647902.45206105,191326.666840746,2707975.52876628,1500,0.00598317630879042,0.00733967767323339,0.00462667494434746
2020-05-07,31949789,1695,1.0029,0.59598957329186,0.476822616789083,0.715156529794638,16.999155,NA,0.599300201664783,0.464201676715783,0.734398726613784,191475.149908473,2839377.60196952,190417.41112875,2898392.93989503,1500,0.00599300201664783,0.00734398726613784,0.00464201676715783
2020-05-08,31949789,1709,0.5851,0.59280296996002,0.474386742230688,0.711219197689352,9.999359,NA,0.600284202875802,0.46572542786172,0.734842977889883,191789.536219151,3031167.13818867,189399.29808796,3087792.23798299,1500,0.00600284202875802,0.00734842977889883,0.0046572542786172
2020-05-09,31949789,1777,0.4502,0.589303262433157,0.471294307374679,0.707312217491635,8.000054,NA,0.601269626796819,0.467238753999428,0.735300499594209,192104.377082671,3223271.51527134,188281.14891751,3276073.3869005,1500,0.00601269626796818,0.00735300499594209,0.00467238753999428
2020-05-10,31949789,1800,0.5556,0.585518057296771,0.467644801382804,0.703391313210737,10.0008,NA,0.602256465651987,0.468741694942085,0.735771236361889,192419.670014667,3415691.18528601,187071.783863217,3463145.17076371,1500,0.00602256465651987,0.00735771236361889,0.00468741694942085
2020-05-11,31949789,1689,0.4144,0.581474831792925,0.463567852726433,0.699381810859417,6.999216,NA,0.603244711604669,0.470234326556506,0.736255096652832,192735.41251135,3608426.59779736,185779.981845944,3648925.15260966,1500,0.00603244711604669,0.00736255096652831,0.00470234326556506
2020-05-12,31949789,1694,0.4132,0.57720081880629,0.459217361142321,0.695184276470259,6.999608,NA,0.604234356757211,0.471716759230576,0.736751954283847,193051.602049436,3801478.1998468,184414.443714882,3833339.59632454,1500,0.00604234356757211,0.00736751954283847,0.00471716759230576
2020-05-13,31949789,1481,0.6077,0.57272290336691,0.454758072696315,0.690687734037505,9.000037,NA,0.605225393150729,0.473189132247139,0.737261654054319,193368.236086078,3994846.43593288,182983.759180402,4016323.35550494,1500,0.00605225393150729,0.00737261654054319,0.00473189132247139
2020-05-14,31949789,1709,0.5266,0.56806753071536,0.450346413610089,0.685788647820631,8.999594,NA,0.606217812764878,0.474651603873885,0.73778402165587,193685.312058793,4188531.74799167,181496.377441068,4197819.73294601,1500,0.00606217812764877,0.0073778402165587,0.00474651603873885
2020-05-15,31949789,1835,0.654,0.563262615997896,0.446093838133265,0.680431393862527,12.0009,NA,0.607211607258544,0.476104322722084,0.738318891795003,194002.827302613,4382534.57529428,179961.217327208,4377780.95027322,1500,0.00607211607258543,0.00738318891795003,0.00476104322722084
2020-05-16,31949789,1874,0.7471,0.558348725644884,0.441976886574067,0.674720564715702,14.000654,NA,0.608206766476005,0.477547331516684,0.738866201435326,194320.778572806,4576855.35386709,178391.239727729,4556172.19000095,1500,0.00608206766476005,0.00738866201435326,0.00477547331516684
2020-05-17,31949789,1783,0.5609,0.553370682223542,0.437909948488564,0.66883141595852,10.000847,NA,0.609203279461156,0.478980627844793,0.73942593107752,194639.16236892,4771494.51623601,176800.765358282,4732972.95535923,1500,0.00609203279461156,0.00739425931077519,0.00478980627844793
2020-05-18,31949789,1843,0.5426,0.548371869318582,0.433811845139216,0.662931893497948,10.000118,0.542569959759461,0.610201135175284,0.480404219056245,0.739998051294324,194957.975164108,4966452.49140012,175203.655182643,4908176.61054187,1500,0.00610201135175284,0.00739998051294324,0.00480404219056245
2020-05-19,31949789,1911,0.7326,0.543394180714731,0.429628228449971,0.657160132979491,13.999986,NA,0.611200322499086,0.481818135131341,0.740582509866832,195277.213405778,5161729.70480589,173613.294176635,5081789.90471851,1500,0.00611200322499086,0.00740582509866832,0.00481818135131341
2020-05-20,31949789,2021,0.4948,0.538478020156828,0.42534580378426,0.651610236529395,9.999908,NA,0.612200830232394,0.483222437743156,0.741179222721631,195596.873515498,5357326.57832139,172042.591251484,5253832.49596999,1500,0.00612200830232394,0.00741179222721631,0.00483222437743156
2020-05-21,31949789,1939,0.361,0.533662331989369,0.420998247682364,0.646326416296373,6.99979,NA,0.613202647093904,0.484617225446591,0.741788068741216,195916.951888917,5553243.53021031,170503.989043083,5424336.48501307,1500,0.00613202647093904,0.00741788068741216,0.00484617225446591
2020-05-22,31949789,1927,0.5708,0.52898466076008,0.416663851104575,0.641305470415585,10.999316,NA,0.614205761720908,0.486002634803453,0.742408888638363,196237.444895673,5749480.97510598,169009.482955211,5593345.96796829,1500,0.00614205761720908,0.00742408888638363,0.00486002634803453
2020-05-23,31949789,1823,0.4388,0.524481237965303,0.412455689231186,0.636506786699421,7.999324,NA,0.615210162669028,0.487378837256998,0.743041488081058,196558.348879311,5946039.32398529,167570.648874502,5760916.61684279,1500,0.00615210162669028,0.00743041488081058,0.00487378837256998
2020-05-24,31949789,1971,0.3044,0.520187094264736,0.408505754659709,0.631868433869762,5.999724,NA,0.616215838411949,0.488746031573958,0.74368564524994,196879.660157199,6142918.98414249,166198.679022814,5927115.2958656,1500,0.00616215838411949,0.0074368564524994,0.00488746031573958
2020-05-25,31949789,2166,0.4617,0.51613618731273,0.404944416135258,0.627327958490202,10.000422,NA,0.617222777337837,0.490104431620647,0.744341123055026,197201.375019379,6340120.35916187,164904.422799062,6092019.71866466,1500,0.00617222777337837,0.00744341123055026,0.00490104431620647
2020-05-26,31949789,2247,0.2225,0.512355595577559,0.401837440961236,0.622873750193882,4.999575,NA,0.618230965363911,0.491454209602034,0.745007721125789,197523.488966433,6537643.8481283,163696.531716723,6255716.25038139,1500,0.00618230965363911,0.00745007721125789,0.00491454209602034
2020-05-27,31949789,2077,0.4815,0.508855464968248,0.399108964580216,0.61860196535628,10.000755,NA,0.619240381708224,0.492795414445711,0.745685348970737,197845.995358572,6735489.84348688,162578.247372324,6418294.49775371,1500,0.00619240381708224,0.00745685348970737,0.00492795414445711
2020-05-28,31949789,2270,0.793,0.505643170440831,0.396654784099975,0.614631556781687,18.0011,NA,0.620251004316485,0.4941280743762,0.746373934256769,198168.887149498,6933658.73063637,161551.926048756,6579846.42380247,1500,0.00620251004316485,0.00746373934256769,0.004941280743762
2020-05-29,31949789,2196,0.592,0.502726234884274,0.394384383557272,0.611068086211277,13.00032,NA,0.621262810984866,0.495452231826114,0.747073390143619,198492.157245134,7132150.88788151,160619.97129317,6740466.39509564,1500,0.00621262810984866,0.00747073390143619,0.00495452231826114
2020-05-30,31949789,2250,0.5333,0.500112388264634,0.3922377217967,0.607987054732568,11.99925,0.49355859493108,0.622275779359562,0.49676795578679,0.747783602932333,198815.798503486,7330966.68638499,159784.852813411,6900251.24790905,1500,0.00622275779359562,0.00747783602932333,0.0049676795578679
2020-05-31,31949789,2223,0.3599,0.497809628900489,0.390195553193918,0.60542370460706,8.000577,NA,0.623289886936351,0.498075350119765,0.748504423752938,199139.803734503,7530106.4901195,159049.126055389,7059300.37396444,1500,0.00623289886936351,0.00748504423752938,0.00498075350119765
2020-06-01,31949789,1789,0.4472,0.495826287152745,0.388282926755833,0.603369647549657,8.000408,NA,0.624305111060176,0.499374557646527,0.749235664473825,199464.165699942,7729570.65581944,158415.452551836,7217715.82651627,1500,0.00624305111060176,0.00749235664473825,0.00499374557646527
2020-06-02,31949789,1859,0.4841,0.494171091853074,0.386565831717807,0.601776351988341,8.999419,NA,0.625321428924721,0.500665759838981,0.749977098010461,199788.877113233,7929359.53293267,157886.621146053,7375602.44766233,1500,0.00625321428924721,0.00749977098010461,0.00500665759838981
2020-06-03,31949789,1741,0.919,0.492853239839574,0.385141575868255,0.600564903810893,15.99979,NA,0.626338817572006,0.501949171938346,0.750728463205667,200113.930639351,8129473.46357202,157465.570208408,7533068.01787074,1500,0.00626338817572006,0.00750728463205667,0.00501949171938346
2020-06-04,31949789,1672,0.1196,0.491882469016198,0.384123861056874,0.599641076975522,1.999712,NA,0.627357253891985,0.503225033335631,0.751489474448338,200439.318894683,8329912.7824667,157155.410978666,7690223.4288494,1500,0.00627357253891985,0.00751489474448338,0.00503225033335631
2020-06-05,31949789,1639,0.7932,0.491269041956774,0.383621349975536,0.598916733938011,13.000548,NA,0.628376714442377,0.504493590734357,0.752259838150396,200765.034389472,8530677.81685618,156959.422327511,7847182.85117691,1500,0.00628376714442377,0.00752259838150396,0.00504493590734357
2020-06-06,31949789,1695,0.59,0.491020725922582,0.383652407020175,0.598389044824988,10.0005,NA,0.629397169466894,0.505755003304294,0.753039335629493,201091.067616645,8731768.88447282,156880.085878533,8004062.93705545,1500,0.00629397169466894,0.00753039335629493,0.00505755003304294
2020-06-07,31949789,1761,0.6814,0.49114215483907,0.384128451720514,0.598155857957626,11.999454,NA,0.630418581455271,0.507009320122179,0.753827842788363,201417.406591752,8933186.29106457,156918.882161136,8160981.81921658,1500,0.00630418581455271,0.00753827842788363,0.00507009320122179
2020-06-08,31949789,1715,0.2332,0.491638555991932,0.384950532667477,0.598326579316386,3.99938,NA,0.631440912190741,0.508256586610732,0.75462523777075,201744.039104617,9134930.33016919,157077.481282069,8318059.30049865,1500,0.00631440912190741,0.0075462523777075,0.00508256586610732
2020-06-09,31949789,1627,0.6761,0.492516028237973,0.386034368856713,0.598997687619233,11.000147,NA,0.632464123209111,0.509496866358248,0.755431380059974,202070.952866011,9337001.2830352,157357.831813213,8475417.13231186,1500,0.00632464123209111,0.00755431380059974,0.00509496866358248
2020-06-10,31949789,1615,0.1238,0.493781584532509,0.387325632226219,0.600237536838799,1.99937,NA,0.633488175798226,0.510730252846306,0.756246098750145,202398.135507482,9539399.41854268,157762.174378993,8633179.30669086,1500,0.00633488175798226,0.00756246098750145,0.00510730252846306
2020-06-11,31949789,1678,0.3576,0.495443198716741,0.388809966716465,0.602076430717017,6.000528,0.478470238314317,0.634513030997451,0.511956876804621,0.757069185190281,202725.57458119,9742124.99312387,158293.056604849,8791472.36329571,1500,0.00634513030997451,0.00757069185190281,0.00511956876804621
2020-06-12,31949789,1907,0.3146,0.497509856933598,0.39051699635388,0.604502717513316,5.999422,NA,0.635538649597189,0.513176909025428,0.75790039016895,203053.257559751,9945178.25068363,158953.349544486,8950425.71284019,1500,0.00635538649597189,0.0075790039016895,0.00513176909025428
2020-06-13,31949789,1872,0.3205,0.499991614077187,0.392517846635676,0.607465381518698,5.99976,NA,0.636564992138407,0.514390558475112,0.758739425801703,203381.171836088,10148559.4225197,159746.265715356,9110171.97855555,1500,0.00636564992138407,0.00758739425801703,0.00514390558475112
2020-06-14,31949789,1628,0.4914,0.50289965572165,0.394916240491746,0.610883070951554,7.999992,NA,0.637592018912202,0.515598065546175,0.759585972278229,203709.304723289,10352268.727243,160675.378884794,9270847.35744034,1500,0.00637592018912202,0.00759585972278229,0.00515598065546175
2020-06-15,31949789,1579,0.95,0.50624636602042,0.397833523686161,0.614659208354679,15.0005,NA,0.638619689959378,0.516799690297716,0.76043968962104,204037.643454475,10556306.3706975,161744.645763692,9432592.00320403,1500,0.00638619689959378,0.0076043968962104,0.00516799690297716
2020-06-16,31949789,1535,0.1303,0.510042567654934,0.401375818969304,0.618709316340563,2.000105,NA,0.639647964317053,0.517995683523746,0.761300245110361,204366.174942094,10760672.5456396,162957.524175934,9595549.52737997,1500,0.00639647964317053,0.00761300245110361,0.00517995683523746
2020-06-17,31949789,1485,0.6061,0.514272725925211,0.405508286511105,0.623037165339317,9.000585,NA,0.640676793478488,0.519186165037844,0.762167421919133,204694.883688343,10965367.4293279,164309.050817653,9759858.57819762,1500,0.00640676793478488,0.00762167421919133,0.00519186165037844
2020-06-18,31949789,1499,0.5337,0.518906009570493,0.410104539502903,0.627707479638084,8.000163,NA,0.64170612454431,0.520371177995612,0.763041071093007,205023.752791984,11170391.1821199,165789.375166092,9925647.95336371,1500,0.0064170612454431,0.00763041071093007,0.00520371177995612
2020-06-19,31949789,1434,0.2789,0.523910952858895,0.415030717162587,0.632791188555203,3.999426,NA,0.642735904240337,0.521550771351443,0.763921037129231,205352.76523203,11375743.9473519,167388.443986306,10093036.39735,1500,0.00642735904240337,0.00763921037129231,0.00521550771351443
2020-06-20,31949789,1561,0.3844,0.529255348509693,0.420166673116447,0.638344023902939,6.000484,NA,0.643766078962036,0.522725015998358,0.764807141925714,205681.903881944,11581425.8512339,169095.967120062,10262132.3644701,1500,0.00643766078962036,0.00764807141925714,0.00522725015998358
2020-06-21,31949789,1499,0.3336,0.534905993517647,0.42542285718535,0.644389129849944,5.000664,NA,0.6447965947742,0.523894015673755,0.765699173874646,206011.151509542,11787437.0027434,170901.336277242,10433033.7007473,1500,0.006447965947742,0.00765699173874646,0.00523894015673755
2020-06-22,31949789,1578,0.5703,0.540828455924276,0.43075232073595,0.650904591112601,8.999334,NA,0.645827397410681,0.525057913190504,0.766596881630859,206340.490776904,11993777.4935203,172793.550519764,10605827.2512671,1500,0.00645827397410681,0.00766596881630859,0.00525057913190504
2020-06-23,31949789,1500,0.6667,0.546986863360253,0.436156174115791,0.657817552604715,10.0005,NA,0.646858432274157,0.526216891840454,0.76749997270786,206669.904240301,12200447.3977606,174761.148701319,10780588.3999684,1500,0.00646858432274157,0.0076749997270786,0.00526216891840454
2020-06-24,31949789,1484,1.4151,0.553343714637313,0.441681193085894,0.665006236188733,21.000084,NA,0.647889644435953,0.527371171822027,0.768408117049879,206999.374350137,12407446.7721108,176792.149271384,10957380.5492398,1500,0.00647889644435953,0.00768408117049879,0.00527371171822027
2020-06-25,31949789,1381,0.5069,0.559859716081092,0.447409026972841,0.672310405189344,7.000289,0.572282780440143,0.648920978635904,0.528521001547929,0.769320955723879,207328.883450907,12614775.6555617,178873.997983908,11136254.5472237,1500,0.00648920978635904,0.00769320955723879,0.00528521001547929
2020-06-26,31949789,1336,0.4491,0.566493644681055,0.453436939019298,0.679550350342812,5.999976,NA,0.649952379282266,0.529666643692622,0.770238114871909,207658.413781164,12822434.0693428,180993.524174007,11317248.0713977,1500,0.00649952379282266,0.00770238114871909,0.00529666643692622
2020-06-27,31949789,1401,0.571,0.573206484581848,0.459822597566401,0.686590371597296,7.99971,NA,0.650983789272554,0.53080832124852,0.771159257296588,207987.947096786,13030422.0164396,183138.262358218,11500386.3337559,1500,0.00650983789272554,0.00771159257296588,0.0053080832124852
2020-06-28,31949789,1432,0.3492,0.579973683473534,0.46648071085368,0.693466656093388,5.000544,NA,0.652015146661363,0.531946105395414,0.772084187927313,208317.463606346,13238739.480046,185300.368125322,11685686.7018812,1500,0.00652015146661363,0.00772084187927313,0.00531946105395414
2020-06-29,31949789,1400,0.5714,0.586773447749815,0.473269696914443,0.700277198585188,7.9996,NA,0.65304638806059,0.5330800277272,0.773012748393981,208646.94305748,13447386.4231034,187472.878464091,11873159.5803453,1500,0.0065304638806059,0.00773012748393981,0.005330800277272
2020-06-30,31949789,1403,0.7128,0.593582958327861,0.480043331649407,0.707122585006316,10.000584,NA,0.654077449707938,0.534210130831721,0.773944768584154,208976.365078267,13656362.7881817,189648.50272571,12062808.083071,1500,0.00654077449707938,0.00773944768584154,0.00534210130831721
2020-07-01,31949789,1445,0.7612,0.600378363048497,0.486675919001875,0.71408080709512,10.99934,NA,0.655108267467097,0.535336483007757,0.774880051926436,209305.709177293,13865668.497359,191819.620195649,12254627.7032667,1500,0.00655108267467097,0.00774880051926436,0.00535336483007757
2020-07-02,31949789,1140,0.4386,0.607134778336606,0.493083096675287,0.721186459997924,5.00004,NA,0.656138776827991,0.536459188180075,0.775818365475907,209634.954743724,14075303.4521027,193978.280624163,12448605.9838909,1500,0.00656138776827991,0.00775818365475907,0.00536459188180075
2020-07-03,31949789,1072,0.2799,0.613826300806134,0.499235872991995,0.728416728620273,3.000528,NA,0.657168912907085,0.537578390867602,0.776759434946567,209964.081047407,14285267.5331501,196116.207934065,12644722.1918249,1500,0.00657168912907085,0.00776759434946567,0.00537578390867602
2020-07-04,31949789,1218,0.9031,0.620426029485826,0.505165422127208,0.735686636844445,10.999758,NA,0.658198610447753,0.538694276063044,0.777702944832462,210293.067238989,14495560.6003891,198224.807321799,12842946.9991467,1500,0.00658198610447753,0.00777702944832462,0.00538694276063044
2020-07-05,31949789,1283,0.5456,0.626906099321672,0.510957162206721,0.742855036436623,7.000048,NA,0.659227803820716,0.539807063885361,0.77864854375607,210621.892350053,14706182.4927392,200295.175961405,13043242.1751081,1500,0.00659227803820716,0.0077864854375607,0.00539807063885361
2020-07-06,31949789,1299,0.3849,0.633237726579161,0.516733977470819,0.749741475687502,4.999851,NA,0.660256427024541,0.54091699886912,0.779595855179962,210950.53529328,14917133.0280325,202318.117510439,13245560.2926186,1500,0.00660256427024541,0.00779595855179962,0.0054091699886912
2020-07-07,31949789,1208,0.745,0.639391694129367,0.522628382732467,0.756155005526266,8.9996,NA,0.661284413688149,0.542024332718457,0.780544494657842,211278.974863251,15128412.0028957,204284.297157858,13449844.5897764,1500,0.00661284413688149,0.00780544494657842,0.00542024332718457
2020-07-08,31949789,1179,0.7634,0.645368193198335,0.528698654490538,0.762037731906132,9.000486,NA,0.662311697205692,0.543129232315532,0.781494162095852,211607.189779537,15340019.1926752,206193.77599998,13656038.3657764,1500,0.00662311697205692,0.00781494162095852,0.00543129232315532
2020-07-09,31949789,1160,1.1207,0.651217685195237,0.534876802608067,0.767558567782408,13.00012,NA,0.663338210825315,0.544231725987757,0.782444695662872,211935.158715063,15551954.3513903,208062.676350563,13864101.042127,1500,0.00663338210825315,0.00782444695662872,0.00544231725987757
2020-07-10,31949789,1245,0.8835,0.656997416390771,0.541062628776983,0.77293220400456,10.999575,NA,0.664363887448626,0.545331828092424,0.783395946804827,212262.860232033,15764217.2116223,209909.288272303,14074010.3303993,1500,0.00664363887448626,0.00783395946804827,0.00545331828092424
2020-07-11,31949789,1232,0.5682,0.662766836645195,0.547163943933563,0.778369729356826,7.000224,0.688303198014702,0.665388659610926,0.546429568700396,0.784347750521455,212590.272775619,15976807.484398,211752.605870114,14285762.9362694,1500,0.00665388659610926,0.00784347750521455,0.00546429568700397
2020-07-12,31949789,1411,0.567,0.668587563230971,0.553125194101937,0.784049932360004,8.00037,NA,0.666412459482102,0.547525007440511,0.785299911523692,212917.374674242,16189724.8590722,213612.315732537,14499375.2520019,1500,0.00666412459482102,0.00785299911523692,0.00547525007440511
2020-07-13,31949789,1323,0.7559,0.674523400413644,0.55894957000395,0.790097230823337,10.000557,NA,0.667435218867588,0.548618242283382,0.786252195451794,213244.144139882,16402969.0032121,215508.803187784,14714884.0551897,1500,0.00667435218867588,0.00786252195451794,0.00548618242283382
2020-07-14,31949789,1319,0.6823,0.680640418375733,0.564711777016096,0.796569059735369,8.999537,NA,0.668456869209396,0.549709413127246,0.787204325291546,213570.559268408,16616539.5624805,217463.177519764,14932347.2327095,1500,0.00668456869209396,0.00787204325291546,0.00549709413127246
2020-07-15,31949789,1312,0.8384,0.687007095199407,0.570559192704686,0.803454997694129,10.999808,NA,0.669477341587214,0.550798700049896,0.788155983124533,213896.598039924,16830436.1605204,219497.31733124,15151844.5500407,1500,0.00669477341587214,0.00788155983124533,0.00550798700049896
2020-07-16,31949789,1262,0.7924,0.693694525919049,0.576700764511088,0.81068828732701,10.000088,NA,0.670496566719577,0.551886316091803,0.789106817347352,214222.238319149,17044658.3988396,221633.937335687,15373478.4873764,1500,0.00670496566719577,0.00789106817347352,0.00551886316091803
2020-07-17,31949789,1132,0.8834,0.700776703129428,0.583384443453562,0.818168962805293,10.000088,NA,0.671514474965102,0.55297249443588,0.790056455494325,214547.457855808,17259205.8566954,223896.678011009,15597375.1653874,1500,0.00671514474965102,0.00790056455494325,0.0055297249443588
2020-07-18,31949789,1350,0.5926,0.708330354041845,0.590854330760834,0.825806377322856,8.0001,NA,0.672530996446129,0.554057461945154,0.791004530947104,214872.234324136,17474078.0910195,226310.053539323,15823685.2189267,1500,0.00672530996446129,0.00791004530947104,0.00554057461945154
2020-07-19,31949789,1352,0.4438,0.716428293414101,0.599181046316702,0.833675540511501,6.000176,NA,0.67354606269413,0.555141312706234,0.791950812682026,215196.545848582,17689274.6368681,228897.328082106,16052582.5470088,1500,0.0067354606269413,0.00791950812682026,0.00555141312706234
2020-07-20,31949789,1608,0.8706,0.725141400639651,0.608281153547027,0.842001647732274,13.999248,NA,0.674559606223598,0.55622403753658,0.792895174910616,215520.37086767,17904795.0077358,231681.147456013,16284263.6944648,1500,0.00674559606223598,0.00792895174910616,0.0055622403753658
2020-07-21,31949789,1405,0.8541,0.734544487888476,0.618048137949649,0.851040837827303,12.000105,NA,0.67557155924636,0.55730562773132,0.7938374907614,215843.687723222,18120638.695459,234685.413991499,16518949.1084563,1500,0.0067557155924636,0.007938374907614,0.0055730562773132
2020-07-22,31949789,1388,0.4323,0.744717007259522,0.628390850689981,0.861043163829063,6.000324,NA,0.676581853640988,0.558386095143759,0.794777612138217,216166.474650585,18336805.1701096,237935.512466532,16756884.6209229,1500,0.00676581853640988,0.00794777612138217,0.00558386095143759
2020-07-23,31949789,1495,0.5351,0.755743706356383,0.639265682393692,0.872221730319073,7.999745,NA,0.67759042095438,0.559465485021785,0.795715356886976,216488.709779136,18553293.8798887,241458.519561644,16998343.1404845,1500,0.0067759042095438,0.00795715356886976,0.00559465485021785
2020-07-24,31949789,1420,0.8451,0.767715377572544,0.650702609991131,0.884728145153957,12.00042,NA,0.678597192403412,0.560543883540515,0.796650501266309,216810.371132814,18770104.2510215,245283.443254981,17243626.5837395,1500,0.00678597192403412,0.00796650501266309,0.00560543883540515
2020-07-25,31949789,1525,0.5246,0.780729712903653,0.662821335284628,0.898638090522679,8.00015,NA,0.67960209887665,0.561621419894981,0.79758277785832,217131.436630661,18987235.6876522,249441.495933023,17493068.0796725,1500,0.0067960209887665,0.0079758277785832,0.00561621419894981
2020-07-26,31949789,1598,0.6884,0.794892278245934,0.675834193133719,0.913950363358148,11.000632,NA,0.680605070936142,0.562698262815885,0.798511879056399,217451.884087398,19204687.5717396,253966.405676869,17747034.4853494,1500,0.00680605070936142,0.00798511879056399,0.00562698262815885
2020-07-27,31949789,1436,0.9053,0.810317623661458,0.690034364183456,0.930600883139461,13.000108,0.749417828560855,0.681606038819263,0.563774611370286,0.79943746626824,217771.691214013,19422459.2629536,258894.77098965,18005929.256339,1500,0.00681606038819263,0.0079943746626824,0.00563774611370286
2020-07-28,31949789,1477,1.0833,0.827130549063106,0.705769344882722,0.948491753243491,16.000341,NA,0.682604932440645,0.564850679906998,0.800359184974293,218090.835618379,19640550.098572,264266.465180204,18270195.7215192,1500,0.00682604932440645,0.00800359184974293,0.00564850679906998
2020-07-29,31949789,1430,0.6294,0.845429977251188,0.723329116366802,0.967530838135574,9.00042,NA,0.683601682328494,0.565926650659847,0.801276713997141,218409.295104404,19858959.3936764,270113.093874503,18540308.8153937,1500,0.00683601682328494,0.00801276713997141,0.00565926650659847
2020-07-30,31949789,1262,0.6339,0.865120657170459,0.742582586045564,0.987658728295354,7.999818,NA,0.684596223661451,0.567002542117463,0.80218990520544,218727.048961802,20077686.4426382,276404.224561375,18816713.0399551,1500,0.00684596223661451,0.00802189905205439,0.00567002542117463
2020-07-31,31949789,1312,0.3811,0.886029152580289,0.76319093637828,1.0088673687823,5.000032,NA,0.685588492977808,0.568078313101617,0.803098672853999,219044.07691469,20296730.5195529,283084.44472789,19099797.484683,1500,0.00685588492977808,0.00803098672853999,0.00568078313101617
2020-08-01,31949789,1217,1.0682,0.907963609262194,0.784760721519389,1.031166497005,12.999994,NA,0.686578426545995,0.569153930700216,0.804002922391775,219360.358600966,20516090.8781538,290092.457356055,19389889.9420391,1500,0.00686578426545995,0.00804002922391775,0.00569153930700216
2020-08-02,31949789,1567,0.8296,0.930710871343319,0.8068861909006,1.05453555178604,12.999832,NA,0.687565960365558,0.570229387419974,0.804902533311142,219675.873572619,20735766.7517264,297360.159594252,19687250.1016333,1500,0.00687565960365558,0.00804902533311142,0.00570229387419974
2020-08-03,31949789,1477,0.9479,0.954034007209908,0.829193035303735,1.07887497911608,14.000483,NA,0.688551030169211,0.571304712904059,0.805797347434362,219990.601296389,20955757.3530228,304811.85229181,19992061.9539251,1500,0.00688551030169211,0.00805797347434362,0.00571304712904059
2020-08-04,31949789,1462,0.8208,0.977670386750484,0.851377703669467,1.1039630698315,12.000096,NA,0.689533571424954,0.572379980104699,0.80668716274521,220304.521154437,21176061.8741773,312363.625682264,20304425.5796074,1500,0.00689533571424954,0.0080668716274521,0.00572379980104699
2020-08-05,31949789,1299,0.5389,1.00133042791309,0.873232717729894,1.12942813809628,7.000311,NA,0.690513519338246,0.573455305768632,0.80757173290786,220617.612445044,21396679.4866223,319922.958911029,20624348.5385184,1500,0.00690513519338246,0.0080757173290786,0.00573455305768632
2020-08-06,31949789,1125,1.2444,1.0246971429633,0.894649099176436,1.15474518675016,13.9995,NA,0.691490808854229,0.574530845090395,0.808450772618064,220929.85438332,21617609.3410056,327388.575065802,20951737.1135842,1500,0.00691490808854229,0.00808450772618064,0.00574530845090395
2020-08-07,31949789,1208,1.0762,1.04742662147991,0.915591410621994,1.17926183233782,13.000496,NA,0.69246537466002,0.575606780384854,0.809323968935187,221241.226101936,21838850.5671076,334650.595492659,21286387.7090769,1500,0.0069246537466002,0.00809323968935187,0.00575606780384854
2020-08-08,31949789,1176,1.6156,1.06914981280736,0.9360446988479,1.20225492676681,18.999456,NA,0.693437151234016,0.576683303342604,0.810190999125428,221551.706666879,22060402.2737744,341591.109285845,21627978.8183627,1500,0.00693437151234016,0.00810190999125428,0.00576683303342604
2020-08-09,31949789,1244,1.2862,1.08952203953279,0.955867001956885,1.22317707710869,16.000328,NA,0.694406082379404,0.577760534913826,0.811051629844983,221861.278123386,22282263.5518978,348099.992739222,21976078.811102,1500,0.00694406082379404,0.00811051629844983,0.00577760534913826
2020-08-10,31949789,1204,0.9136,1.10828894058535,0.974638176476399,1.2419397046943,10.999744,NA,0.695372132911301,0.578838444208599,0.811905821614003,222169.92922996,22504433.4811278,354095.978027354,22330174.7891293,1500,0.00695372132911301,0.00811905821614003,0.00578838444208599
2020-08-11,31949789,1171,1.1102,1.12520608687557,0.99182071422826,1.25859145952288,13.000442,NA,0.696335270411645,0.579916975934002,0.812753564889288,222477.6496291,22726911.1307569,359500.970571901,22689675.7597012,1500,0.00696335270411645,0.00812753564889288,0.00579916975934002
2020-08-12,31949789,1096,0.7299,1.14002876487179,1.0068580742871,1.27319945545648,7.999704,NA,0.697295462401653,0.580996088914358,0.813594835888947,222784.428943902,22949695.5597008,364236.784915844,23053912.544617,1500,0.00697295462401653,0.00813594835888947,0.00580996088914358
2020-08-13,31949789,1076,1.2082,1.15251551096547,1.01925467146275,1.28577635046819,13.000232,1.17284983924286,0.698252676342948,0.582075772246565,0.814429580439332,223090.256778425,23172785.8164792,368226.273945738,23422138.8185628,1500,0.00698252676342948,0.00814429580439332,0.00582075772246565
2020-08-14,31949789,1090,1.4679,1.16243198422967,1.02864609307104,1.2962178753883,16.00011,NA,0.69920687963871,0.583156055806404,0.815257703471017,223395.122718052,23396180.9391973,371394.566229893,23793533.3847927,1500,0.0069920687963871,0.00815257703471017,0.00583156055806404
2020-08-15,31949789,1118,1.7889,1.16955512189875,1.03484370537415,1.30426653842335,19.999902,NA,0.700158039634823,0.58423701495571,0.816079064313936,223699.016329862,23619879.9555271,373670.393685344,24167203.778478,1500,0.00700158039634823,0.00816079064313936,0.0058423701495571
2020-08-16,31949789,1210,1.157,1.17367750572874,1.03784041426875,1.30951459718873,13.9997,NA,0.701106123621046,0.585318769295332,0.816893477946759,224001.927163003,23843881.8826901,374987.486620794,24542191.2650988,1500,0.00701106123621046,0.0081689347794676,0.00585318769295332
2020-08-17,31949789,1187,1.011,1.17461185145235,1.0377751982066,1.3114485046981,12.00057,NA,0.702051098832187,0.586401475303673,0.817700722360701,224303.844749065,24068185.7274392,375286.008108019,24917477.2732068,1500,0.00702051098832187,0.00817700722360701,0.00586401475303673
2020-08-18,31949789,1131,1.5031,1.17219551853499,1.0348651816073,1.30952585546267,17.000061,NA,0.702992932449295,0.587485312694757,0.818500552203833,224604.758602462,24292790.4860417,374513.994839384,25291991.2680462,1500,0.00702992932449295,0.00818500552203833,0.00587485312694757
2020-08-19,31949789,1116,1.5233,1.16630567205439,1.02931825799685,1.30329308611193,17.000028,NA,0.703931592275834,0.588570459848062,0.819292724703607,224904.658436469,24517695.1444781,372632.201316411,25664623.4693626,1500,0.00703931592275834,0.00819292724703607,0.00588570459848062
2020-08-20,31949789,1074,1.2104,1.15709760222622,1.02126660619213,1.29292859826031,12.999696,NA,0.70486706161268,0.589656971818694,0.820077151406665,225203.538915751,24742898.6833939,369690.242435337,26034313.711798,1500,0.0070486706161268,0.00820077151406665,0.00589656971818694
2020-08-21,31949789,1001,1.5984,1.14499488556471,1.01077131621708,1.27921845491234,15.999984,NA,0.7057993393621,0.590744777694165,0.820853901030035,225501.399689585,24968400.0830835,365823.449998716,26400137.1617967,1500,0.007057993393621,0.00820853901030035,0.00590744777694165
2020-08-22,31949789,1095,0.7306,1.13044053456737,0.997889146721844,1.26299192241289,8.00007,NA,0.706728425222137,0.591833800897226,0.821623049547047,225798.240661495,25194198.323745,361173.365564746,26761310.5273614,1500,0.00706728425222137,0.00821623049547047,0.00591833800897226
2020-08-23,31949789,1126,0.8881,1.11387688879962,0.982749847640065,1.24500392995917,10.000006,NA,0.707654319012265,0.592923984508877,0.822384653515654,226094.061773806,25420292.3855188,355881.315691242,27117191.8430527,1500,0.00707654319012265,0.00822384653515654,0.00592923984508877
2020-08-24,31949789,1060,1.6038,1.0957377785928,0.96560801149383,1.22586754569178,17.00028,NA,0.708577020673135,0.59401530638433,0.823138734961941,226388.863007553,25646681.2485263,350085.908253688,27467277.7513064,1500,0.00708577020673135,0.00823138734961941,0.0059401530638433
2020-08-25,31949789,1034,0.677,1.07644221998233,0.94686148383984,1.20602295612483,7.00018,NA,0.709496530266308,0.595107788356315,0.823885272176302,226682.644382407,25873363.8929087,343921.017991272,27811198.7692976,1500,0.00709496530266308,0.00823885272176302,0.00595107788356315
2020-08-26,31949789,1006,1.0934,1.0563896343916,0.927033877730742,1.18574539105245,10.999604,NA,0.710412847973988,0.596201499357616,0.82462419659036,226975.40595658,26100339.2988653,337514.259205987,28148713.0285036,1500,0.00710412847973988,0.00824624196590361,0.00596201499357616
2020-08-27,31949789,905,0.5525,1.03595653337188,0.90672809190194,1.16518497484182,5.000125,NA,0.71132597409875,0.597296552287761,0.825355395909739,227267.147826745,26327606.4466921,330985.926544031,28479698.9550477,1500,0.0071132597409875,0.00825355395909739,0.00597296552287761
2020-08-28,31949789,934,1.0707,1.015494569845,0.886564474385124,1.14442466530488,10.000338,NA,0.712235909063263,0.598393094441508,0.826078723685017,227557.870127944,26555164.31682,324448.372371936,28804147.3274196,1500,0.00712235909063263,0.00826078723685017,0.00598393094441508
2020-08-29,31949789,937,0.5336,0.995329832146426,0.867116360439592,1.12354330385326,4.999832,NA,0.71314265341001,0.599491291308733,0.826794015511288,227847.5730335,26783011.8898535,318005.781224837,29122153.1086444,1500,0.0071314265341001,0.00826794015511288,0.00599491291308733
2020-08-30,31949789,980,1.0204,0.975748643122384,0.848806796970092,1.10269048927468,9.99992,NA,0.714046208854822,0.60059128322704,0.827501134482603,228136.257091615,27011148.1469451,311749.632647965,29433902.7412924,1500,0.00714046208854822,0.00827501134482603,0.0060059128322704
2020-08-31,31949789,956,0.9414,0.9569077276571,0.831615080526905,1.08220037478729,8.999784,NA,0.71494658511642,0.601693031524973,0.828200138707868,228423.925407402,27239572.0723525,305729.999911138,29739632.7412035,1500,0.0071494658511642,0.00828200138707868,0.00601693031524973
2020-09-01,31949789,971,1.1329,0.938903690457269,0.815330745215756,1.06247663569878,11.000459,NA,0.715843795644474,0.602796409146783,0.828891182142164,228710.582278,27468282.6546305,299977.748014311,30039610.4892178,1500,0.00715843795644474,0.00828891182142164,0.00602796409146783
2020-09-02,31949789,1017,1.0816,0.921825056974817,0.799771336614274,1.04387877733536,10.999872,NA,0.716737854087081,0.603901293378606,0.829574414795556,228996.23206395,27697278.8866945,294521.160652584,30334131.6498704,1500,0.00716737854087081,0.00829574414795556,0.00603901293378606
2020-09-03,31949789,964,0.4149,0.905753561154895,0.784830253226314,1.02667686908348,3.999636,0.865126650766929,0.717628774272474,0.605007586218359,0.830249962326588,229280.879183342,27926559.7658778,289386.351648975,30623518.0015194,1500,0.00717628774272474,0.00830249962326588,0.00605007586218359
2020-09-04,31949789,799,1.1264,0.890765257817255,0.770503011760352,1.01102750387416,8.999936,NA,0.71851657020816,0.606115228378906,0.830917912037413,229564.528111544,28156124.2939894,284597.620357919,30908115.6218773,1500,0.0071851657020816,0.00830917912037413,0.00606115228378906
2020-09-05,31949789,710,1.4085,0.876931697700866,0.756892248528499,0.996971146873233,10.00035,NA,0.719401256080071,0.607224207078709,0.831578305081433,229847.183380932,28385971.4773703,280177.827089545,31188293.4489669,1500,0.00719401256080071,0.00831578305081433,0.00607224207078709
2020-09-06,31949789,729,0.823,0.864321159907904,0.744192998481739,0.984449321334069,5.99967,NA,0.720282846251711,0.608334557427065,0.832231135076358,230128.849580616,28616100.3269509,276148.786872928,31464442.2358398,1500,0.00720282846251711,0.00832231135076358,0.00608334557427065
2020-09-07,31949789,782,0.8951,0.852999940258405,0.732663258689754,0.973336621827056,6.999682,NA,0.721161355263298,0.60944635720227,0.832876353324325,230409.531356164,28846509.8583071,272531.681082686,31736973.9169225,1500,0.00721161355263298,0.00832876353324325,0.0060944635720227
2020-09-08,31949789,876,0.9132,0.843033697980215,0.722586361362617,0.963481034597814,7.999632,NA,0.722036797830908,0.610559714812083,0.833513880849732,230689.233409332,29077199.0917164,269347.487703576,32006321.4046261,1500,0.00722036797830908,0.00833513880849732,0.00610559714812083
2020-09-09,31949789,809,0.3708,0.834488840348735,0.714229614619374,0.954748066078095,2.999772,NA,0.722909188846987,0.61167475018071,0.834143627513263,230967.960498224,29308167.0522146,266617.423719968,32272938.828346,1500,0.00722909188846987,0.00834143627513263,0.0061167475018071
2020-09-10,31949789,788,0.5076,0.82739165233671,0.707699381678779,0.947083922994641,3.999888,NA,0.723778545548764,0.61279151291414,0.834765578183387,231245.718130099,29539412.7703447,264349.887125192,32537288.7154712,1500,0.00723778545548764,0.00834765578183387,0.0061279151291414
2020-09-11,31949789,805,0.6211,0.821645969732797,0.702728550466179,0.940563388999414,4.999855,NA,0.724644891936147,0.61390985163943,0.835379932232864,231522.513972877,29770935.2843176,262514.153656632,32799802.8691278,1500,0.00724644891936147,0.00835379932232864,0.0061390985163943
2020-09-12,31949789,840,0.7143,0.817140263195106,0.698980084950115,0.935300441440097,6.00012,NA,0.725508253464802,0.615029568107135,0.83598693882247,231798.35615959,30002733.6404772,261074.589924881,33060877.4590527,1500,0.00725508253464802,0.0083598693882247,0.00615029568107135
2020-09-13,31949789,797,0.5019,0.813770741585424,0.696150755637319,0.931390727533529,4.000143,NA,0.726368655809171,0.616150474036056,0.836586837582285,232073.252893166,30234806.8933704,259998.034880278,33320875.493933,1500,0.00726368655809171,0.00836586837582285,0.00616150474036056
2020-09-14,31949789,795,0.6289,0.811439987855087,0.69400441505523,0.928875560654945,4.999755,NA,0.727226124861207,0.617272410262797,0.837179839459616,232347.212446032,30467154.1058164,259253.363981326,33580128.8579143,1500,0.00727226124861207,0.00837179839459616,0.00617272410262797
2020-09-15,31949789,764,1.0471,0.810055748776804,0.692393995861358,0.927717501692249,7.999844,NA,0.728080686729126,0.618395259541449,0.837766113916804,232620.243159707,30699774.3489761,258811.102516559,33838939.9604309,1500,0.00728080686729126,0.00837766113916804,0.00618395259541449
2020-09-16,31949789,852,1.0563,0.809529859385733,0.691269778184993,0.927789940586473,8.999676,NA,0.728932367736162,0.619518952780183,0.83834578269214,232892.353444408,30932666.7024205,258643.081965738,34097583.0423966,1500,0.00728932367736162,0.0083834578269214,0.00619518952780183
2020-09-17,31949789,733,0.955,0.809777286730342,0.690672351098837,0.928882222361846,7.00015,NA,0.729781194419319,0.620643468491472,0.838918920347166,233163.551778652,31165830.2541992,258722.134480269,34356305.1768769,1500,0.00729781194419319,0.00838918920347166,0.00620643468491472
2020-09-18,31949789,765,0.7843,0.810715280742156,0.690711215631523,0.93071934585279,5.999895,NA,0.730627193528146,0.62176882522302,0.839485561833271,233433.846708864,31399264.100908,259021.821587877,34615326.9984648,1500,0.00730627193528146,0.00839485561833271,0.0062176882522302
2020-09-19,31949789,761,0.3942,0.812262622799945,0.691531761166691,0.9329934844332,2.999862,NA,0.731470392023507,0.622895066726868,0.840045717320146,233703.246848983,31632967.347757,259516.194110448,34874843.1925752,1500,0.00731470392023507,0.00840045717320146,0.00622895066726868
2020-09-20,31949789,835,0.7186,0.814339180635803,0.69326996528301,0.935408395988596,6.00031,NA,0.732310817136616,0.624022236861545,0.840599397411687,233971.760899325,31866939.1086563,260179.649957468,35135022.8425327,1500,0.00732310817136616,0.00840599397411687,0.00624022236861545
2020-09-21,31949789,791,1.5171,0.816874025360715,0.695895548783768,0.937852501937661,12.000261,NA,0.733148498790694,0.62515024133786,0.841146756243528,234239.398420294,32101178.5070766,260989.527498555,35396012.3700312,1500,0.00733148498790694,0.00841146756243528,0.0062515024133786
2020-09-22,31949789,780,0.3846,0.819808066722038,0.699164678190842,0.940451455253233,2.99988,NA,0.733983470439398,0.62627880185677,0.841688139022027,234506.170100265,32335684.6771769,261926.94752267,35657939.3175539,1500,0.00733983470439398,0.00841688139022027,0.0062627880185677
2020-09-23,31949789,838,1.432,0.823082788297824,0.702800063571735,0.943365513023913,12.00016,NA,0.734815765999406,0.627407619651111,0.842223912347701,234772.086775544,32570456.7639524,262973.214156471,35920912.5317104,1500,0.00734815765999406,0.00842223912347701,0.00627407619651111
2020-09-24,31949789,761,0.5256,0.826639155538678,0.706545985619499,0.946732325457857,3.999816,NA,0.735645419620033,0.628536410578256,0.84275442866181,235037.159356765,32805493.9233092,264109.465985989,36185021.9976964,1500,0.00735645419620033,0.0084275442866181,0.00628536410578256
2020-09-25,31949789,745,0.8054,0.830417385175515,0.710205447944227,0.950629322406804,6.00023,NA,0.736472465681844,0.629664923330615,0.843280008033073,235301.398828447,33040795.3221376,265316.602382894,36450338.6000793,1500,0.00736472465681844,0.00843280008033073,0.00629664923330615
2020-09-26,31949789,786,1.0178,0.834356757893473,0.713666832543585,0.95504668324336,7.999908,NA,0.737296938795275,0.630792950915881,0.84380092667467,235564.81624855,33276360.1383862,266575.223654205,36716913.8237335,1500,0.00737296938795276,0.0084380092667467,0.00630792950915881
2020-09-27,31949789,1000,1,0.838395475088949,0.71691564796328,0.959875302214618,10,0.841449154007096,0.738118873799271,0.631920335160814,0.844317412437728,235827.422748043,33512187.5611342,267865.585276467,36984779.4090099,1500,0.00738118873799271,0.00844317412437728,0.00631920335160814
2020-09-28,31949789,1040,0.5769,0.842470560872279,0.720028521823956,0.964912599920603,5.99976,NA,0.738938305759932,0.63304696398285,0.844829647537013,236089.229530473,33748276.7906647,269167.56658581,37253946.9755957,1500,0.00738938305759932,0.00844829647537013,0.0063304696398285
2020-09-29,31949789,1027,1.2658,0.846517810731909,0.723149874390673,0.969885747073145,12.999766,NA,0.739755269969183,0.6341727611654,0.845337778772965,236350.247871534,33984627.0385362,270460.654376264,37524407.629972,1500,0.00739755269969183,0.00845337778772965,0.006341727611654
2020-09-30,31949789,965,0.829,0.850471788433555,0.726454043278919,0.97448953358819,7.99985,NA,0.740569801943453,0.635297668364791,0.845841935522116,236610.489118651,34221237.5276549,271723.941909047,37796131.5718811,1500,0.00740569801943453,0.00845841935522116,0.00635297668364791
2020-10-01,31949789,1148,0.6098,0.854268143808549,0.730080867615778,0.97845542000132,7.000504,NA,0.741381937941495,0.636421603598744,0.846342272284247,236869.964856419,34458107.4925113,272936.869441048,38069068.4413221,1500,0.00741381937941495,0.00846342272284246,0.00636421603598744
2020-10-02,31949789,1186,0.7589,0.857866100696815,0.733945591264541,0.981786610129089,9.000554,NA,0.742191720057246,0.637544281716914,0.846839158397578,237128.688533761,34695236.1810451,274086.40907516,38343154.8503973,1500,0.00742191720057246,0.00846839158397578,0.00637544281716914
2020-10-03,31949789,1133,1.2357,0.861239450489904,0.737804711989699,0.984674188990109,14.000481,NA,0.742999194061268,0.638665282643346,0.84733310547919,237386.674774276,34932622.8558194,275164.187216284,38618319.0376136,1500,0.00742999194061268,0.0084733310547919,0.00638665282643346
2020-10-04,31949789,1158,0.6045,0.864361996340982,0.741399565405011,0.987324427276954,7.00011,NA,0.743804406033919,0.639784179620062,0.847824632447776,237643.93830054,35170266.7941199,276161.834027132,38894480.8716407,1500,0.00743804406033919,0.00847824632447776,0.00639784179620062
2020-10-05,31949789,1251,0.6395,0.867207408743265,0.744506370379424,0.989908447107105,8.000145,NA,0.744607402314974,0.640900564767329,0.848314239862619,237900.493918015,35408167.2880379,277070.937285841,39171551.8089265,1500,0.00744607402314974,0.00848314239862619,0.00640900564767329
2020-10-06,31949789,1307,0.7651,0.869749301705452,0.746975547763476,0.992523055647428,9.999857,NA,0.745408229502128,0.642014066277218,0.848802392727037,238156.356514566,35646323.6445525,277883.066723865,39449434.8756504,1500,0.00745408229502128,0.00848802392727037,0.00642014066277218
2020-10-07,31949789,1136,1.0563,0.871961316434519,0.748756932113215,0.995165700755823,11.999568,NA,0.746206934449522,0.643124358429256,0.849289510469788,238411.541059991,35884735.1856125,278589.800762451,39728024.6764128,1500,0.00746206934449522,0.00849289510469788,0.00643124358429255
2020-10-08,31949789,988,0.5061,0.873817212381774,0.749906003244251,0.997728421519296,5.000268,NA,0.747003564266302,0.644231164151762,0.849775964380843,238666.062605563,36123401.248218,279182.755601659,40007207.4320145,1500,0.00747003564266302,0.00849775964380843,0.00644231164151762
2020-10-09,31949789,866,0.8083,0.875290965439342,0.750569467255626,1.00001246362306,6.999878,NA,0.747798166315207,0.645334249847186,0.850262082783227,238919.936283578,36362321.1845016,279653.616593933,40286861.0486084,1500,0.00747798166315207,0.00850262082783227,0.00645334249847186
2020-10-10,31949789,896,1.3393,0.87635687300037,0.750952662883235,1.0017610831175,12.000128,NA,0.748590788211177,0.646433412196749,0.850748164225605,239173.177306908,36601494.3618085,279994.171810616,40566855.220419,1500,0.00748590788211177,0.00850748164225605,0.00646433412196749
2020-10-11,31949789,930,1.5054,0.876989665517837,0.751273166685177,1.0027061643505,14.00022,NA,0.749381477820006,0.647528456658561,0.851234498981451,239425.800968574,36840920.1627771,280196.347684755,40847051.5681038,1500,0.00749381477820006,0.00851234498981451,0.00647528456658561
2020-10-12,31949789,1039,0.5775,0.877168797370541,0.751659336930873,1.00267825781021,6.000225,NA,0.750170283735917,0.64861911756036,0.851721449911474,239677.822794327,37080597.9855714,280253.579933725,41127305.1480375,1500,0.00750170283735917,0.00851721449911474,0.0064861911756036
2020-10-13,31949789,879,1.0239,0.876891894531075,0.75196985114205,1.0018139379201,9.000081,NA,0.75095725681478,0.649704874317559,0.852209639312001,239929.25903251,37320527.2446039,280165.110060781,41407470.2580983,1500,0.0075095725681478,0.00852209639312001,0.00649704874317559
2020-10-14,31949789,872,0.5734,0.876161880529214,0.751967037287113,1.00035672377131,5.000048,NA,0.751742448697811,0.650785121923222,0.852699775472399,240180.126182384,37560707.3707863,279931.872127516,41687402.1302258,1500,0.00751742448697811,0.00852699775472399,0.00650785121923222
2020-10-15,31949789,879,0.1138,0.874982375475848,0.751423039009197,0.998541711942499,1.000302,NA,0.752525911284504,0.651859255788446,0.853192566780562,240430.440825726,37801137.811612,279555.022751721,41966957.1529775,1500,0.00752525911284504,0.00853192566780562,0.00651859255788446
2020-10-16,31949789,843,0.949,0.873357680312959,0.750167112666884,0.996548247959035,8.00007,NA,0.753307696731359,0.652926695282546,0.853688698180173,240680.219626429,38041818.0312385,279035.936075285,42245993.0890528,1500,0.00753307696731359,0.00853688698180173,0.00652926695282546
2020-10-17,31949789,897,1.1148,0.871292759461846,0.748119474600929,0.994466044322764,9.999756,NA,0.754087857450649,0.653986899879072,0.854188815022226,240929.479330103,38282747.5105686,278376.198220337,42524369.2872732,1500,0.00754087857450649,0.00854188815022226,0.00653986899879072
2020-10-18,31949789,937,1.3874,0.868793221936129,0.745307032465781,0.992279411406477,12.999938,NA,0.754866446109213,0.655039377616236,0.854693514602191,241178.236763692,38523925.7473323,277577.601254895,42801946.8885281,1500,0.00754866446109214,0.0085469351460219,0.00655039377616236
2020-10-19,31949789,906,0.7726,0.865865301007914,0.741858127404374,0.989872474611454,6.999756,NA,0.755643515627299,0.656083685581045,0.855203345673552,241426.508835104,38765352.2561674,276642.136696243,43078589.0252243,1500,0.00755643515627299,0.00855203345673552,0.00656083685581045
2020-10-20,31949789,871,1.2629,0.862515832519323,0.737977653040234,0.987054011998413,10.999859,NA,0.75641911917743,0.657119422132162,0.855718816222697,241674.312532847,39007026.5687002,275571.988581517,43354161.0138058,1500,0.0075641911917743,0.00855718816222697,0.00657119422132162
2020-10-21,31949789,790,0.6329,0.85875223193487,0.733907375934817,0.983597087934923,4.99991,NA,0.757193310183317,0.65814621058669,0.856240409779944,241921.664925685,39248948.2336259,274369.526135982,43628530.5399418,1500,0.00757193310183317,0.00856240409779944,0.0065814621058669
2020-10-22,31949789,787,1.0165,0.854582746883172,0.72987554550585,0.979289948260495,7.999855,0.841027588584033,0.757966142352822,0.659163672926627,0.856768611779016,242168.583173166,39491116.8167991,273037.384459578,43901567.9244014,1500,0.00757966142352822,0.00856768611779016,0.00659163672926627
2020-10-23,31949789,766,0.6527,0.850041138359283,0.725967103041437,0.97411517367713,4.999682,NA,0.758737672735177,0.660171291276499,0.857304054193854,242415.0855024,39733531.9023015,271586.350118989,44173154.2745204,1500,0.00758737672735177,0.00857304054193854,0.00660171291276499
2020-10-24,31949789,833,0.8403,0.84520543607012,0.722054638958004,0.968356233182236,6.999699,NA,0.75950796416535,0.661168310146354,0.857847618184346,242661.191989025,39976193.0942905,270041.353440933,44443195.6279613,1500,0.0075950796416535,0.00857847618184346,0.00661168310146354
2020-10-25,31949789,779,0.6418,0.840156947871489,0.717974962663593,0.962338933079385,4.999622,NA,0.760277080332868,0.662153934210348,0.858400226455388,242906.922981712,40219100.0172722,268428.372113781,44711624.0000751,1500,0.00760277080332868,0.00858400226455388,0.00662153934210348
2020-10-26,31949789,359,1.3928,0.834975359555432,0.713594824896796,0.956355894214067,5.000152,NA,0.761045085210764,0.663127378610564,0.858962791810965,243152.298919709,40462252.3161919,266772.865579952,44978396.865655,1500,0.00761045085210764,0.00858962791810965,0.00663127378610564
2020-10-27,31949789,836,0.5981,0.829738574223171,0.708849108525703,0.950628039920639,5.000116,NA,0.761812043054593,0.664087891970185,0.859536194139001,243397.340332532,40705649.6565244,265099.723715912,45243496.589371,1500,0.00761812043054593,0.00859536194139001,0.00664087891970185
2020-10-28,31949789,840,0.5952,0.824522625395654,0.703763633339116,0.945281617452192,4.99968,NA,0.762578018401501,0.665034771459278,0.860121265343725,243642.067839661,40949291.7243641,263433.239071172,45506929.8284421,1500,0.00762578018401501,0.00860121265343725,0.00665034771459278
2020-10-29,31949789,693,1.0101,0.819401661039313,0.698459940445476,0.940343381633149,6.999993,NA,0.763343076069353,0.665967369627637,0.860718782511068,243886.502150268,41193178.2265144,261797.101764556,45768726.9302067,1500,0.00763343076069353,0.00860718782511068,0.00665967369627637
2020-10-30,31949789,619,1.2924,0.814447995551716,0.693141953928991,0.935754037174442,7.999956,NA,0.764107281155905,0.666885092738629,0.861329469573181,244130.664062948,41437308.8905773,260214.416093503,46028941.3463002,1500,0.00764107281155905,0.00861329469573181,0.00666885092738629
2020-10-31,31949789,595,0.6723,0.809732226796298,0.688067792732079,0.931396660860516,4.000185,NA,0.764870699038046,0.667787390364775,0.861954007711317,244374.574465481,41681683.4650428,258707.737926419,46287649.0842266,1500,0.00764870699038046,0.00861954007711317,0.00667787390364775
2020-11-01,31949789,653,0.4594,0.805323415486969,0.683511540028862,0.927135290945075,2.999882,NA,0.765633395371083,0.668673736039351,0.862593054702814,244618.254334597,41926301.7193774,257299.13201568,46544948.2162423,1500,0.00765633395371083,0.00862593054702814,0.00668673736039351
2020-11-02,31949789,645,0.6202,0.801285755180727,0.679706305384754,0.922865204976699,4.00029,NA,0.766395436164875,0.669543587629941,0.863247284699809,244861.724760307,42171163.4441377,256009.108067299,46800957.3243096,1500,0.00766395436164875,0.00863247284699809,0.00669543587629941
2020-11-03,31949789,561,0.3565,0.797624347788874,0.676620550909996,0.918628144667753,1.999965,NA,0.767156888964838,0.670396183917884,0.863917594011791,245105.00732323,42416268.4514609,254839.296131172,47055796.6204408,1500,0.00767156888964838,0.00863917594011791,0.00670396183917884
2020-11-04,31949789,623,0.4815,0.794297355504068,0.674010637802283,0.914584073205853,2.999745,NA,0.767917822626144,0.671230580078359,0.86460506517393,245348.124022447,42661616.5754834,253776.32911613,47309572.9495569,1500,0.00767917822626144,0.0086460506517393,0.00671230580078359
2020-11-05,31949789,565,0.708,0.791262634865721,0.671626350153938,0.910898919577504,4.0002,NA,0.768678306319545,0.672045826255229,0.86531078638386,245591.096957868,42907207.6724412,252806.742275438,47562379.6918323,1500,0.00768678306319545,0.0086531078638386,0.00672045826255229
2020-11-06,31949789,572,0.1748,0.788478979346584,0.66925735870222,0.907700599990948,0.999856,NA,0.769438409500974,0.672841002438319,0.866035816563629,245833.948320517,43153041.6207618,251917.370210587,47814297.0620429,1500,0.00769438409500974,0.00866035816563629,0.00672841002438319
2020-11-07,31949789,634,1.4196,0.785905983421152,0.666763865429022,0.905048101413281,9.000264,NA,0.770198201911174,0.673615240681271,0.866781163141078,246076.700392414,43399118.3211542,251095.303441433,48065392.3654843,1500,0.00770198201911174,0.00866781163141078,0.00673615240681271
2020-11-08,31949789,661,1.2103,0.783503927976076,0.664093779084618,0.902914076867534,8.000083,NA,0.770957753575389,0.674367738756913,0.867547768393864,246319.375546477,43645437.6967006,250327.851795068,48315720.2172794,1500,0.00770957753575389,0.00867547768393864,0.00674367738756913
2020-11-09,31949789,566,0.7067,0.781233686255491,0.661284024384449,0.901183348126532,3.999922,NA,0.771717134803109,0.675097765029476,0.868336504576741,246561.996246439,43891999.6929471,249602.514355551,48565322.731635,1500,0.00771717134803109,0.00868336504576741,0.00675097765029476
2020-11-10,31949789,559,0.7156,0.779056649679082,0.658445916546868,0.899667382811296,4.000204,NA,0.772476416187892,0.675804654371303,0.86914817800448,246804.585046793,44138804.2779939,248906.955762936,48814229.6873979,1500,0.00772476416187892,0.0086914817800448,0.00675804654371303
2020-11-11,31949789,529,1.5123,0.776934672986687,0.655737228119844,0.89813211785353,8.000067,NA,0.773235668607242,0.676487795008267,0.869983542206217,247047.164592753,44385851.4425866,248228.988687087,49062458.676085,1500,0.00773235668607242,0.00869983542206217,0.00676487795008267
2020-11-12,31949789,469,1.0661,0.774830038251636,0.653324493685265,0.896335582818006,5.000009,NA,0.773994963222556,0.677146606241434,0.870843320203678,247289.757620234,44633141.2002069,247556.562330017,49310015.238415,1500,0.00773994963222556,0.00870843320203678,0.00677146606241434
2020-11-13,31949789,464,0.6466,0.772715482960119,0.651317500196037,0.894113465724201,3.000224,NA,0.774754369169923,0.677780468360072,0.871728269979775,247532.386218072,44880673.5864249,246880.966376089,49556896.2047911,1500,0.00774754369169923,0.00871728269979775,0.00677780468360072
2020-11-14,31949789,519,0.7707,0.77062262637649,0.649639580807293,0.891605671945687,3.999933,NA,0.775513942343257,0.678388508861479,0.872639375825035,247775.068244252,45128448.6546692,246212.303113547,49803108.5079046,1500,0.00775513942343257,0.00872639375825035,0.00678388508861479
2020-11-15,31949789,512,1.3672,0.768603924466936,0.648133624300017,0.889074224633855,7.000064,NA,0.776273733954695,0.678969766851954,0.873577701057435,248017.820060946,45376466.4747301,245567.332112905,50048675.8400175,1500,0.00776273733954695,0.00873577701057435,0.00678969766851954
2020-11-16,31949789,554,0.361,0.766711324697694,0.646652720333036,0.886769929062352,1.99994,NA,0.777033795412561,0.679523311965659,0.874544278859464,248260.658093005,45624727.1328231,244962.650480018,50293638.4904976,1500,0.00777033795412561,0.00874544278859464,0.00679523311965659
2020-11-17,31949789,538,0.3717,0.76499630434239,0.645097454988174,0.884895153696606,1.999746,NA,0.777794178328341,0.680048273296901,0.875540083359781,248503.598830189,45873230.7316533,244414.705095191,50538053.1955927,1500,0.00777794178328341,0.00875540083359781,0.00680048273296901
2020-11-18,31949789,758,0.9235,0.763509973368735,0.643441502434321,0.883578444303148,7.00013,NA,0.778554934516876,0.680543859181643,0.876566009852109,248746.65882723,46121977.3904806,243939.825485267,50781993.021078,1500,0.00778554934516876,0.00876566009852109,0.00680543859181643
2020-11-19,31949789,753,0.3984,0.762303211780638,0.641743313693817,0.882863109867459,2.999952,0.769812410814871,0.779316115996601,0.68100936781612,0.877622864177082,248989.854703909,46370967.2451845,243554.267704137,51025547.2887822,1500,0.00779316115996601,0.00877622864177082,0.0068100936781612
2020-11-20,31949789,782,0.5115,0.761426841255368,0.640142609805993,0.882711072704742,3.99993,0.5115,0.780077774989811,0.681444188656269,0.878711361323353,249233.203145139,46620200.4483296,243274.269170455,51268821.5579526,1500,0.00780077774989811,0.00878711361323353,0.00681444188656269
2020-11-21,31949789,826,0.9685,0.760931831208351,0.638842804681805,0.883020857734898,7.99981,0.9685,0.780839963922965,0.681847794619418,0.879832133226512,249476.720901063,46869677.1692307,243116.114504904,51511937.6724575,1500,0.00780839963922965,0.00879832133226512,0.00681847794619418
2020-11-22,31949789,887,0.7892,0.76086953977704,0.638082363999575,0.883656715554505,7.000204,0.7892,0.781602735427022,0.682219725191208,0.880985745662836,249720.424787162,47119397.5940178,243096.212524035,51755033.8849816,1500,0.00781602735427022,0.00880985745662836,0.00682219725191208
2020-11-23,31949789,938,0.6397,0.761291883045474,0.638097582512628,0.88448618357832,6.000386,0.6397,0.782366142279933,0.682559560393203,0.882172724166663,249964.331665878,47369361.9256837,243231.150307156,51998265.0352887,1500,0.00782366142279933,0.00882172724166663,0.00682559560393203
2020-11-24,31949789,1035,0.3865,0.762217779554617,0.638988603163747,0.885446955945486,4.000275,0.3865,0.783130219190928,0.682866816033387,0.883393622348468,250208.452626739,47619570.3783105,243526.972288185,52241792.0075769,1500,0.00783130219190927,0.00883393622348468,0.00682866816033387
2020-11-25,31949789,1026,0.5848,0.763584878174287,0.640571643200849,0.886598113147726,6.000048,0.5848,0.783894956759018,0.683140829439617,0.884649084078419,250452.784666147,47870023.1629766,243963.757412592,52485755.7649895,1500,0.00783894956759018,0.00884649084078419,0.00683140829439617
2020-11-26,31949789,924,0.6494,0.765318983611296,0.642599043992059,0.888038923230534,6.000456,0.6494,0.784660338980856,0.683380938757079,0.885939739204633,250697.322671068,48120720.4856477,244517.800440754,52730273.5654302,1500,0.00784660338980856,0.00885939739204633,0.00683380938757079
2020-11-27,31949789,956,1.4644,0.767345816550104,0.644828188435514,0.889863444664694,13.999664,1.4644,0.785426349788981,0.683586541963868,0.887266157614095,250942.061507982,48371662.5471556,245165.369288085,52975438.9347183,1500,0.00785426349788981,0.00887266157614095,0.00683586541963868
2020-11-28,31949789,1046,0.478,0.76959068832371,0.647048487795626,0.892132888851794,4.99988,0.478,0.786192973051692,0.683757120569456,0.888628825533927,251186.996022842,48622849.5431785,245882.601083073,53221321.5358014,1500,0.00786192973051692,0.00888628825533927,0.00683757120569456
2020-11-29,31949789,989,0.5056,0.771978248716774,0.649098189833588,0.89485830759996,5.000384,0.5056,0.786960192572907,0.683892253850359,0.890028131295455,251432.121041037,48874281.6642195,246645.421590904,53467966.9573923,1500,0.00786960192572907,0.00890028131295455,0.00683892253850359
2020-11-30,31949789,920,0.7609,0.774432307377109,0.650868629063869,0.897995985690348,7.00028,0.7609,0.787727992092046,0.683991623749518,0.891464360434574,251677.431367346,49125959.0955869,247429.488154818,53715396.4455471,1500,0.00787727992092046,0.00891464360434575,0.00683991623749518
2020-12-01,31949789,956,1.046,0.776875729908604,0.652293818561448,0.901457641255759,9.99976,1.046,0.788496355283902,0.684055010649078,0.892937699918727,251922.921785897,49377882.0173728,248210.156498009,53963606.6020451,1500,0.00788496355283902,0.00892937699918727,0.00684055010649078
2020-12-02,31949789,953,1.0493,0.779230410110917,0.653324815445617,0.905136004776216,9.999829,1.0493,0.789265265758521,0.684082280306147,0.894448251210895,252168.587060137,49630050.6044329,248962.471854273,54212569.0738994,1500,0.00789265265758521,0.00894448251210895,0.00684082280306147
2020-12-03,31949789,978,0.5112,0.781417320014424,0.653890006382171,0.908944633646676,4.999536,0.5112,0.790034707061084,0.684073362314922,0.895996051807246,252414.421932785,49882465.0263657,249661.184954063,54462230.2588535,1500,0.00790034707061084,0.00895996051807246,0.00684073362314922
2020-12-04,31949789,909,0.6601,0.783358272620312,0.653841551400696,0.912874993839929,6.000309,0.6601,0.790804663241964,0.684028218547321,0.897581107936608,252660.421307968,50135125.4476737,250281.315216235,54712511.5740697,1500,0.00790804663241964,0.00897581107936608,0.00684028218547321
2020-12-05,31949789,916,0.9825,0.78501843945333,0.6528542007215,0.91718267818516,8.9997,0.9825,0.791575133606113,0.683946760619748,0.899203506592478,252906.584963621,50388032.0326373,250811.735016432,54963323.3090861,1500,0.00791575133606113,0.00899203506592478,0.00683946760619748
2020-12-06,31949789,941,0.8502,0.786410807572288,0.650459678127604,0.922361937016972,8.000382,0.8502,0.792346134114913,0.683828848656863,0.900863419572963,253152.917999372,50641184.9506367,251256.593692542,55214579.9027787,1500,0.00792346134114913,0.00900863419572963,0.00683828848656863
2020-12-07,31949789,908,1.1013,0.787551159829911,0.646197802451606,0.928904517208216,9.999804,1.1013,0.793117681629476,0.683674378632664,0.902560984626288,253399.425802309,50894584.376439,251620.933832709,55466200.8366114,1500,0.00793117681629476,0.00902560984626288,0.00683674378632664
2020-12-08,31949789,838,1.1933,0.788455632402836,0.639697252073073,0.937214012732599,9.999854,1.1933,0.793889793075871,0.683483311733963,0.904296274417778,253646.113780277,51148230.4902192,251909.910911322,55718110.7475227,1500,0.00793889793075871,0.00904296274417778,0.00683483311733963
2020-12-09,31949789,885,1.1299,0.789140663140773,0.630725347493356,0.947555978788191,9.999615,1.1299,0.794662485445243,0.683255691383543,0.906069279506943,253892.987361911,51402123.4775812,252128.776786678,55970239.5243094,1500,0.00794662485445243,0.00906069279506943,0.00683255691383543
2020-12-10,31949789,887,0.5637,0.789622942953589,0.619197557951629,0.960048327955549,5.000019,0.5637,0.795435775793935,0.68299165118154,0.90787990040633,254140.051996675,51656263.5295778,252282.864169262,56222522.3884786,1500,0.00795435775793935,0.0090787990040633,0.0068299165118154
2020-12-11,31949789,802,0.3741,0.78991937041573,0.605149664484159,0.974689076347302,3.000282,0.3741,0.796209681243611,0.682691414143603,0.909727948343618,254387.313154906,51910650.8427327,252377.572117954,56474899.9605966,1500,0.00796209681243611,0.00909727948343618,0.00682691414143603
2020-12-12,31949789,848,0.3538,0.790047009739759,0.588689125989197,0.991404893490321,3.000224,0.3538,0.796984218981383,0.682355283668868,0.911613154293898,254634.77632785,52165285.6190606,252418.352612662,56727318.3132093,1500,0.00796984218981383,0.00911613154293898,0.00682355283668868
2020-12-13,31949789,843,0.949,0.790023052244706,0.569944188662923,1.01010191582649,8.00007,0.949,0.797759406259945,0.681983626715335,0.913535185804554,254882.447027705,52420168.0660883,252410.698243543,56979729.0114528,1500,0.00797759406259945,0.00913535185804554,0.00681983626715335
2020-12-14,31949789,1216,0.8224,0.78986478142082,0.549022247734921,1.03070731510672,10.000384,0.8224,0.798535260397706,0.681576849693808,0.915493671101604,255130.330787668,52675298.396876,252360.131049263,57232089.1425021,1500,0.00798535260397706,0.00915493671101604,0.00681576849693809
