"date","cases","deaths","cum_cases","cum_deaths","cases_daily","cases_active","cases_active_undected","cases_infect","cases_symptom","p_cases","p_cases_low","p_cases_high","p_cases_daily","p_cases_active","p_cases_active_undetected","p_infect","p_symptom","population"
"2020/03/03",1,0,1,0,1,1,0,1,1,NA,NA,NA,1.31273218950602e-05,1.31273218950602e-05,0,1.31273218950602e-05,1.31273218950602e-05,76177
"2020/03/14",1,0,2,0,1,2,0,2,2,0,NA,NA,1.31273218950602e-05,2.62546437901204e-05,0,2.62546437901204e-05,2.62546437901204e-05,76177
"2020/03/16",3,0,5,0,3,5,0,5,5,0,NA,NA,3.93819656851806e-05,6.56366094753009e-05,0,6.56366094753009e-05,6.56366094753009e-05,76177
"2020/03/17",9,0,14,0,9,14,0,14,14,0,NA,NA,0.000118145897055542,0.000183782506530843,0,0.000183782506530843,0.000183782506530843,76177
"2020/03/18",0,0,14,0,0,14,0,14,14,0,0,NA,0,0.000183782506530843,0,0.000183782506530843,0.000183782506530843,76177
"2020/03/19",39,0,53,0,39,53,0,53,53,0,0,NA,0.000511965553907347,0.00069574806043819,0,0.00069574806043819,0.00069574806043819,76177
"2020/03/20",22,0,75,0,22,75,0,75,75,0,0,NA,0.000288801081691324,0.000984549142129514,0,0.000984549142129514,0.000984549142129514,76177
"2020/03/21",0,0,75,0,0,75,0,75,75,0,0,NA,0,0.000984549142129514,0,0.000984549142129514,0.000984549142129514,76177
"2020/03/22",13,0,88,0,13,88,0,88,88,0,0,NA,0.000170655184635782,0.0011552043267653,0,0.0011552043267653,0.0011552043267653,76177
"2020/03/23",25,0,113,0,25,113,0,113,113,0,0,NA,0.000328183047376505,0.0014833873741418,0,0.0014833873741418,0.0014833873741418,76177
"2020/03/24",20,0,133,0,20,133,0,133,133,0,0,NA,0.000262546437901204,0.00174593381204301,0,0.00174593381204301,0.00174593381204301,76177
"2020/03/25",31,0,164,0,31,164,0,164,164,0,0,NA,0.000406946978746866,0.00215288079078987,0,0.00215288079078987,0.00215288079078987,76177
"2020/03/26",24,0,188,0,24,187,0,187,188,0,0,NA,0.000315055725481445,0.00245480919437626,0,0.00245480919437626,0.00246793651627132,76177
"2020/03/27",36,3,224,3,159.316459204122,345.316459204122,123.316459204122,345.316459204122,347.316459204122,0.0130131458685121,0.00703387132329779,0.0240752151428012,0.00925539429856293,0.00453308031563493,0.00161881485493157,0.00453308031563493,0.00455933495942505,76177
"2020/03/28",43,0,267,3,153.319754256644,495.636213460766,233.636213460766,495.636213460766,500.636213460766,0.0124973247392697,0.0067021134788599,0.0233035632911025,0.0071763548984656,0.00650637611694824,0.00306701778044247,0.00650637611694824,0.00657201272642354,76177
"2020/03/29",41,1,308,4,159.015824882034,645.6520383428,351.6520383428,645.6520383428,659.6520383428,0.0156813461279896,0.00984255863434093,0.0249838101576399,0.00809604607078878,0.00847568213952767,0.00461624950237998,0.00847568213952767,0.00865946464605852,76177
"2020/03/30",26,2,334,6,124.634966290163,770.287004632962,450.287004632962,770.287004632962,784.287004632962,0.0210178919040344,0.0154615511584777,0.028570987190212,0.00784300673338207,0.0101118054613986,0.00591106245497936,0.0101118054613986,0.0102955879679295,76177
"2020/03/31",36,2,370,8,192.060285368156,923.347290001119,606.347290001119,923.347290001119,976.347290001119,0.0259127155565393,0.0206110214433398,0.0325781441429285,0.013450820390413,0.0121210770967762,0.00795971605604209,0.0121210770967762,0.0128168251572144,76177
"2020/04/01",6,4,376,12,40.6974523774657,942.044742378584,641.044742378584,942.044742378584,1016.04474237858,0.0334795762805201,0.0288187225024722,0.0388942302292203,0.00362375920556968,0.0123665245727527,0.00841520068233961,0.0123665245727527,0.0133379463929872,76177
"2020/04/02",14,2,390,14,95.4992311421168,1037.5439735207,722.543973520701,1037.5439735207,1110.5439735207,0.034923083406714,0.0307046127318923,0.0397211248121525,0.00855160926782873,0.013620173720686,0.00948506732374209,0.013620173720686,0.0145784682190254,76177
"2020/04/03",38,1,428,15,243.955765922931,1268.49973944363,928.499739443632,1268.49973944363,1351.49973944363,0.0360701039804854,0.0319606625291358,0.0407079296299621,0.0205596024380352,0.0166520044034765,0.0121887149591561,0.0166520044034765,0.0177415721207665,76177
"2020/04/04",11,1,439,16,67.1558671985769,1310.65560664221,984.655606642209,1310.65560664221,1409.65560664221,0.0351829240992273,0.0313899302895133,0.0394342432988941,0.00538209516734697,0.0172053980419577,0.012925891104168,0.0172053980419577,0.0185050029095686,76177
"2020/04/05",27,1,466,17,157.862024051414,1448.51763069362,1115.51763069362,1448.51763069362,1567.51763069362,0.0357664596964277,0.0321083481293727,0.0398413407647695,0.0121162354524279,0.0190151572087851,0.0146437590177301,0.0190151572087851,0.0205773085142973,76177
"2020/04/06",35,1,501,18,197.231353081776,1614.7489837754,1277.7489837754,1614.7489837754,1725.7489837754,0.0370613956946021,0.0334577131239295,0.0410532257761958,0.0145901581236436,0.021197329689741,0.0167734222111057,0.021197329689741,0.0226544624200927,76177
"2020/04/07",25,3,526,21,150.65954483135,1741.40852860675,1403.40852860675,1741.40852860675,1854.40852860675,0.0416119934265145,0.0381266166508948,0.0454159888558495,0.0119187148082962,0.0228600303058239,0.0184229955052936,0.0228600303058239,0.0243434176799657,76177
"2020/04/08",19,1,545,22,110.511186866864,1692.60325626949,1371.60325626949,1692.60325626949,1964.91971547361,0.0416126409493962,0.0382665777716372,0.0452512868309539,0.00843791255042648,0.0222193477856766,0.0180054774573623,0.0222193477856766,0.0257941336029722,76177
"2020/04/09",19,1,564,23,106.978626243004,1646.26212825585,1349.26212825585,1646.26212825585,2058.89834171662,0.0416868091840502,0.0384631057283523,0.0451807004931075,0.00790708790596445,0.0216110128812614,0.0177121982784285,0.0216110128812614,0.0270278212809197,76177
"2020/04/10",19,2,583,25,108.249355998745,1595.49565937256,1320.49565937256,1595.49565937256,2142.14769771536,0.0436030039093637,0.040487774870956,0.0469579263365208,0.00809604990188574,0.0209445851027549,0.0173345715816134,0.0209445851027549,0.0281206623746716,76177
"2020/04/11",18,1,601,26,99.8075038543586,1570.66819693676,1303.66819693676,1570.66819693676,2221.95520156972,0.0437462968674341,0.0407272565822186,0.0469891333277089,0.00726490631149808,0.0206186670115226,0.0171136720655415,0.0206186670115226,0.0291683211674091,76177
"2020/04/12",21,2,622,28,117.919262849698,1496.5271744183,1244.5271744183,1496.5271744183,2308.87446441942,0.0458492230141409,0.0429011281028617,0.0489999061553863,0.00869213276536805,0.0196453939432939,0.0163373088257387,0.0196453939432939,0.0303093383097184,76177
"2020/04/13",16,1,638,29,87.8773658943116,1543.70708793515,1281.70708793515,1543.70708793515,2372.75183031373,0.0459995794667114,0.0431323824309021,0.0490573715584587,0.00633592770498536,0.0202647398550106,0.0168253815185049,0.0202647398550106,0.0311478770536216,76177
"2020/04/14",8,0,646,29,41.6525784340219,1489.86043522705,1233.86043522705,1489.86043522705,2255.08794954363,0.0441530344926588,0.0413899228126424,0.047100606196696,0.0028468850345287,0.01955787751194,0.0161972831068046,0.01955787751194,0.0296032654153305,76177
"2020/04/15",13,2,659,31,68.8550134506416,1314.75968275476,1083.75968275476,1314.75968275476,2170.62320873763,0.0458198606928326,0.0431302660100194,0.0486771779571882,0.00478744631913734,0.017259273570169,0.0142268622124101,0.017259273570169,0.0284944695739873,76177
"2020/04/16",14,2,673,33,75.4171520445366,1323.02096760072,1089.02096760072,1323.02096760072,2087.02453590013,0.0475919271902216,0.04496094084074,0.0503768713760322,0.00533320595690558,0.0173677221156087,0.0142959287921646,0.0173677221156087,0.0273970428856496,76177
"2020/04/17",9,0,682,33,46.4844710281989,1211.64341457751,995.643414577506,1211.64341457751,2008.87404063817,0.0462408589953976,0.0436766497894541,0.0489556101701859,0.00315173294764016,0.0159056331251888,0.0130701315958558,0.0159056331251888,0.0263711361780874,76177
"2020/04/18",14,2,696,35,73.7622735353541,1088.17433503108,893.174335031085,1088.17433503108,1890.57602880536,0.0481383979609579,0.0456163180114232,0.0507999211524975,0.00510172080165217,0.0142848147738961,0.0117249870043594,0.0142848147738961,0.0248182000972126,76177
"2020/04/19",8,0,704,35,40.655126661626,978.169916861361,800.169916861361,978.169916861361,1890.53370308952,0.0469649782247015,0.0444978352542591,0.0495689097468077,0.00271216923066157,0.0128407513667034,0.0105040880693826,0.0128407513667034,0.0248176444739163,76177
"2020/04/20",9,1,713,36,45.4893914538911,913.148121448388,745.148121448388,913.148121448388,1840.5238634013,0.0473078577328303,0.0448866722486953,0.0498596418747609,0.00301824075631656,0.0119871893281225,0.00978179924975239,0.0119871893281225,0.0241611492104086,76177
"2020/04/21",4,0,717,36,19.596550029245,825.766045234629,672.766045234629,825.766045234629,1616.16464750761,0.0461121019827791,0.0437471165865071,0.0486049393693307,0.00126030420287194,0.0108400966858058,0.0088316164358616,0.0108400966858058,0.0212159135632489,76177
"2020/04/22",0,1,717,37,0,717.516689235884,583.516689235884,717.516689235884,1549.00878030904,0.0460455853784981,0.0437436328846321,0.0484686751656015,0,0.00941907254467731,0.00766001141073925,0.00941907254467731,0.0203343368773913,76177
"2020/04/23",6,0,723,37,28.5894466071704,646.298631988696,524.298631988696,646.298631988696,1419.73620286479,0.0452239956438825,0.042959022941604,0.0476083868289566,0.00178828355300648,0.00848417018245265,0.00688263691125531,0.00848417018245265,0.0186373341410766,76177
"2020/04/24",1,0,724,37,4.65250953667616,533.031878675673,431.031878675673,533.031878675673,1227.15735931969,0.0442182929828365,0.0420003891269344,0.0465533171230093,0.000284151974859375,0.00699728105170423,0.00565829421840809,0.00699728105170423,0.0161092896716817,76177
"2020/04/25",7,3,731,40,34.4537204134951,479.608233194857,386.608233194857,479.608233194857,1110.95153490184,0.0472314846105872,0.0450376540964131,0.0495321788684771,0.00222612909095412,0.00629597166066998,0.00507513072442938,0.00629597166066998,0.0145838184084676,76177
"2020/04/26",2,0,733,40,9.65180544608678,447.607460206922,360.607460206922,447.607460206922,1010.09215348106,0.0464364138255747,0.0442765711837066,0.0487016151280825,0.000611453249465787,0.0058758872127666,0.00473381020789637,0.0058758872127666,0.0132598048424204,76177
"2020/04/27",7,0,740,40,33.1761506914524,411.928597447732,330.928597447732,411.928597447732,936.28967792951,0.0460400524186617,0.0438960721444725,0.048288749383697,0.00206409691470795,0.00540751929647705,0.00434420622297718,0.00540751929647705,0.0122909759892029,76177
"2020/04/28",3,0,743,40,13.9833554486274,350.494800851823,280.494800851823,350.494800851823,842.023677379392,0.045462686017784,0.0433433606177833,0.0476856383651895,0.00085561359116557,0.0046010580733269,0.00368214554067269,0.0046010580733269,0.0110535158562216,76177
"2020/04/29",0,1,743,41,0,304.010329823624,243.010329823624,304.010329823624,742.216173525033,0.0458824134852276,0.0437936482375718,0.0480708036884511,0,0.00399084145901813,0.00319007482341946,0.00399084145901813,0.00974331062558296,76177
"2020/04/30",0,1,743,42,0,230.24805628827,183.24805628827,230.24805628827,624.296910675335,0.0463326356113054,0.0442718107246322,0.0484893905976067,0,0.00302254035060806,0.00240555622154023,0.00302254035060806,0.00819534650452676,76177
"2020/05/01",2,0,745,42,9.37713406325848,198.970063689903,157.970063689903,198.970063689903,545.796678844282,0.0458535048448191,0.0438123397862895,0.047989765367697,0.000577146929127706,0.00261194407353798,0.00207372387584051,0.00261194407353798,0.00716484869244367,76177
"2020/05/02",1,1,746,43,4.74349293843148,158.224165174443,125.224165174443,158.224165174443,508.887593348691,0.0464529415974623,0.0444316547351792,0.048566180933809,0.000295374263320285,0.00207705954782209,0.0016438579252851,0.00207705954782209,0.00668033124629076,76177
"2020/05/03",1,1,747,44,4.80155670830974,143.429171853508,113.429171853508,143.429171853508,444.83413660636,0.0470845906390036,0.0450810798980216,0.0491771421771074,0.000302649708220517,0.00188284090806291,0.0014890212512111,0.00188284090806291,0.00583948090114286,76177
"2020/05/04",1,1,748,45,4.86246596801524,148.291637821523,117.291637821523,148.291637821523,374.279450529838,0.0477457046625018,0.0457579282840953,0.0498198323045848,0.000310376823583318,0.00194667206402882,0.00153972508528195,0.00194667206402882,0.00491328682581144,76177
"2020/05/05",2,0,750,45,9.63771830876937,129.339909523122,102.339909523122,129.339909523122,337.432697810409,0.047444036464924,0.0454676422336442,0.0495063408944359,0.000609669678506559,0.00169788662618799,0.00134344893502136,0.00169788662618799,0.00442958764207581,76177
"2020/05/06",1,1,751,46,4.88540326986834,129.572803256314,102.572803256314,129.572803256314,268.555827544923,0.0481633282443667,0.04619971447283,0.0502104009525605,0.000313311959111546,0.00170094389719094,0.00134650620602432,0.00170094389719094,0.00352541879497647,76177
"2020/05/07",0,0,751,46,0,95.1190828428193,75.1190828428193,95.1190828428193,227.900700883297,0.0477973361390729,0.0458474947327454,0.0498301020657474,0,0.00124865881884059,0.000986112380939382,0.00124865881884059,0.00299172586060487,76177
"2020/05/08",1,1,752,47,4.91899089743509,90.3862682941676,71.3862682941676,90.3862682941676,187.330300326841,0.0485590290359451,0.0466195928503957,0.0505791483096091,0.000317634869436304,0.00118652963879081,0.000937110522784667,0.00118652963879081,0.00245914515308874,76177
"2020/05/09",0,0,752,47,0,57.2101176027152,45.2101176027152,57.2101176027152,167.733750297596,0.048246707895535,0.046318804614221,0.0502548552827377,0,0.000751015629425092,0.000593487766684369,0.000751015629425092,0.00220189493282219,76177
"2020/05/10",2,1,754,48,9.9237081198993,53.1504702739871,42.1504702739871,53.1504702739871,177.657458417495,0.0491124350027178,0.0471901620786039,0.0511130109678051,0.000646389217539122,0.000697723332160456,0.000553322791314794,0.000697723332160456,0.00233216664370473,76177
"2020/05/11",1,0,755,48,4.93483004636689,58.085300320354,46.085300320354,58.085300320354,154.002841856692,0.0489097323996351,0.0469946477833056,0.0509028588624449,0.000319683731133091,0.000762504434676529,0.000604976571935807,0.000762504434676529,0.00202164487780684,76177
"2020/05/12",1,0,756,48,4.90976062896047,62.9950609493144,49.9950609493144,62.9950609493144,154.260092948976,0.0487257182022673,0.0468172872291373,0.0507119432765671,0.000316443932337717,0.000826956442880586,0.000656301258244804,0.000826956442880586,0.00202502189570311,76177
"2020/05/13",2,0,758,48,9.77280516999229,63.3907320560483,50.3907320560483,63.3907320560483,129.579177705473,0.0486221977687108,0.0467170947831699,0.050604990032713,0.00062688029779742,0.000832150544863256,0.000661495360227474,0.000832150544863256,0.00170102757663695,76177
"2020/05/14",2,1,760,49,9.9316404061526,68.5788795237694,54.5788795237694,68.5788795237694,129.859012665539,0.0495428194118696,0.0476407791600524,0.0515207979078405,0.000647422983033744,0.000900257026711072,0.00071647452018023,0.000900257026711072,0.00170470106023523,76177
"2020/05/15",1,0,761,49,4.94452809232142,68.721850907781,54.721850907781,68.721850907781,101.627390066408,0.0493953014460612,0.04749838064453,0.0513679786939903,0.000320941466003594,0.000902133858090776,0.000718351351559933,0.000902133858090776,0.00133409546275658,76177
"2020/05/16",0,0,761,49,0,63.8593849397658,50.8593849397658,63.8593849397658,87.6440346177807,0.0491919050917813,0.0473022580101988,0.0511570404532713,0,0.000838302702124865,0.000667647517489082,0.000838302702124865,0.00115053145460941,76177
"2020/05/17",0,2,761,51,0,54.2216666309964,43.2216666309964,54.2216666309964,87.6440346177807,0.0509993156756033,0.0491166720829406,0.0529541210566504,0,0.000711785271551734,0.000567384730706072,0.000711785271551734,0.00115053145460941,76177
"2020/05/18",0,0,761,51,0,49.3362633611281,39.3362633611281,49.3362633611281,87.6440346177807,0.050812564248933,0.0489362679137186,0.0527608008461989,0,0.000647653010240993,0.000516379791290391,0.000647653010240993,0.00115053145460941,76177
"2020/05/19",0,0,761,51,0,49.3362633611281,39.3362633611281,49.3362633611281,78.2669005545222,0.0506404533920436,0.0487701516658484,0.0525824799012777,0,0.000647653010240993,0.000516379791290391,0.000647653010240993,0.00102743479730788,76177
"2020/05/20",0,0,761,51,0,44.417272463693,35.417272463693,44.417272463693,73.5234076160907,0.0504828116163248,0.0486179744324987,0.052419178265596,0,0.000583079833331491,0.00046493393627595,0.000583079833331491,0.000965165438598143,76177
"2020/05/21",1,0,762,51,5.03897884976562,49.4562513134586,39.4562513134586,49.4562513134586,73.7608297575466,0.0504050026060544,0.0485426845581045,0.0523387676401628,0.000333319871462322,0.000649228130714765,0.000517954911764163,0.000649228130714765,0.000968282155474049,76177
"2020/05/22",0,0,762,51,0,39.5325431935593,31.5325431935593,39.5325431935593,68.8983637895314,0.0502724481303733,0.0484146753161188,0.0522015075908119,0,0.000518956419832224,0.000413937844671743,0.000518956419832224,0.000904450999508137,76177
"2020/05/23",0,0,762,51,0,34.5977131471924,27.5977131471924,34.5977131471924,59.260645480762,0.0501492670386918,0.0482956967749516,0.0520739766161193,0,0.000454175317316151,0.00036228406405073,0.000454175317316151,0.000777933568935007,76177
"2020/05/24",0,0,762,51,0,29.687952518232,23.687952518232,29.687952518232,54.3752422108937,0.0500352397319118,0.0481855372281074,0.0519559469302655,0,0.000389723309112094,0.000310959377741733,0.000389723309112094,0.000713801307624265,76177
"2020/05/25",1,0,763,51,4.99150908901911,24.9066564372588,19.9066564372588,24.9066564372588,59.3667512999128,0.0499956868204521,0.0481472739436177,0.0519150617660269,0.000327069364581966,0.000326957696381569,0.000261321086906268,0.000326957696381569,0.000779326454177938,76177
"2020/05/26",0,0,763,51,0,14.9750160311062,11.9750160311062,14.9750160311062,54.4477604024777,0.0498979335251106,0.0480527916686165,0.0518139255518523,0,0.000196581855824018,0.000157199890138837,0.000196581855824018,0.000714753277268437,76177
"2020/05/27",0,0,763,51,0,10.0304879387848,8.03048793878476,10.0304879387848,54.4477604024777,0.0498059577261243,0.0479640464585355,0.0517186019148941,0,0.000131673443936946,0.000105418800146826,0.000131673443936946,0.000714753277268437,76177
"2020/05/28",0,0,763,51,0,10.0304879387848,8.03048793878476,10.0304879387848,44.5240522825784,0.0497199675767178,0.0478810666057727,0.0516294926381576,0,0.000131673443936946,0.000105418800146826,0.000131673443936946,0.000584481566385896,76177
"2020/05/29",0,0,763,51,0,10.0304879387848,8.03048793878476,10.0304879387848,39.5892222362115,0.0496401285289867,0.0478038427898716,0.0515469513864355,0,0.000131673443936946,0.000105418800146826,0.000131673443936946,0.000519700463869823,76177
"2020/05/30",1,0,764,51,4.94864051825761,14.9791284570424,11.9791284570424,14.9791284570424,39.6281021255086,0.0496312713279443,0.0477951451288554,0.0515379352230668,0.000321475550086522,0.000196635840963052,0.000157253875277871,0.000196635840963052,0.000520210852691871,76177
"2020/05/31",0,0,764,51,0,14.9791284570424,11.9791284570424,14.9791284570424,29.8552969555163,0.049562036255693,0.0477283040109867,0.0514662209083563,0,0.000196635840963052,0.000157253875277871,0.000196635840963052,0.000391920093407674,76177
"2020/06/01",0,0,764,51,0,14.9791284570424,11.9791284570424,14.9791284570424,19.9236565493637,0.0494960083469188,0.047664552299591,0.051397836003576,0,0.000196635840963052,0.000157253875277871,0.000196635840963052,0.000261544252850122,76177
"2020/06/02",1,0,765,51,4.92893152856897,14.8690811358457,11.8690811358457,14.8690811358457,19.9080599856113,0.0494983081422905,0.0476666006840506,0.0514004035066202,0.000318919962893278,0.000195191214354014,0.000155809248668833,0.000195191214354014,0.000261339511737287,76177
"2020/06/03",79,0,844,51,388.917555865541,403.786637001387,321.786637001387,403.786637001387,408.825615851153,0.0545442579599372,0.0525256400490455,0.0566404535693847,0.0251341463178654,0.00530063716084103,0.00422419676544609,0.00530063716084103,0.0053667854582243,76177
"2020/06/04",7,0,851,51,34.3650485118443,438.151685513231,349.151685513231,438.151685513231,443.190664362997,0.0548434309635633,0.0528133749194021,0.056951518899243,0.00221468527099746,0.00575175821459537,0.00458342656593501,0.00575175821459537,0.00581790651197864,76177
"2020/06/05",1,0,852,51,4.87898670208331,443.030672215315,353.030672215315,443.030672215315,448.06965106508,0.0545689206738908,0.052548303012494,0.0566672362912535,0.00031248948159032,0.00581580624355534,0.00463434727299992,0.00581580624355534,0.00588195454093861,76177
"2020/06/06",0,0,852,51,0,438.039163126296,349.039163126296,438.039163126296,448.06965106508,0.0541131535311646,0.0521081761833833,0.0561952768176365,0,0.00575028109700166,0.00458194944834131,0.00575028109700166,0.00588195454093861,76177
"2020/06/07",0,0,852,51,0,438.039163126296,349.039163126296,438.039163126296,448.06965106508,0.0536178381147388,0.051630010402174,0.0556821999783537,0,0.00575028109700166,0.00458194944834131,0.00575028109700166,0.00588195454093861,76177
"2020/06/08",0,0,852,51,0,438.039163126296,349.039163126296,438.039163126296,443.030672215315,0.0531306788668535,0.0511597419139907,0.0551775464700055,0,0.00575028109700166,0.00458194944834131,0.00575028109700166,0.00581580624355534,76177
"2020/06/09",0,0,852,51,0,438.039163126296,349.039163126296,438.039163126296,443.030672215315,0.052675098214284,0.0507199220606261,0.0547056434465312,0,0.00575028109700166,0.00458194944834131,0.00575028109700166,0.00581580624355534,76177
"2020/06/10",0,0,852,51,0,438.039163126296,349.039163126296,438.039163126296,443.030672215315,0.0522602833900461,0.0503195511700843,0.0542758660699588,0,0.00575028109700166,0.00458194944834131,0.00575028109700166,0.00581580624355534,76177
"2020/06/11",0,0,852,51,0,433.090522608038,345.090522608038,433.090522608038,443.030672215315,0.0518879833468633,0.049960144854552,0.0538902123611247,0,0.00568531869997556,0.00453011437321026,0.00568531869997556,0.00581580624355534,76177
"2020/06/12",0,0,852,51,0,433.090522608038,345.090522608038,433.090522608038,438.039163126296,0.0515563552494773,0.0496400769406735,0.0535466085152736,0,0.00568531869997556,0.00453011437321026,0.00568531869997556,0.00575028109700166,76177
"2020/06/13",1,0,853,51,4.58331728626049,437.673839894299,348.673839894299,437.673839894299,442.622480412556,0.0513221792034367,0.0494140055730899,0.0533040389590292,0.000275762990752251,0.00574548538133949,0.00457715373267914,0.00574548538133949,0.0058104477783656,76177
"2020/06/14",0,0,853,51,0,432.74490836573,344.74490836573,432.74490836573,442.622480412556,0.0510599622164757,0.049160947527757,0.0530323330337745,0,0.00568078171056526,0.00452557738379996,0.00568078171056526,0.0058104477783656,76177
"2020/06/15",0,0,853,51,0,43.8273525001882,34.8273525001882,43.8273525001882,442.622480412556,0.0508253714953052,0.0489344998027031,0.0527893081169921,0,0.000575335764078241,0.000457189867022699,0.000575335764078241,0.0058104477783656,76177
"2020/06/16",0,0,853,51,0,9.46230398834383,7.46230398834383,9.46230398834383,442.622480412556,0.050615644362287,0.048732001418863,0.0525720959455165,0,0.000124214710323901,9.79600665337809e-05,0.000124214710323901,0.0058104477783656,76177
"2020/06/17",1,1,854,52,4.59179415135034,9.17511143761086,7.17511143761085,9.17511143761086,442.265634045649,0.0514773777551386,0.0495978742828141,0.0534281047093876,0.000276783983727046,0.000120444641264566,9.41899974744458e-05,0.000120444641264566,0.00580576334124012,76177
"2020/06/18",0,0,854,52,0,9.17511143761086,7.17511143761085,9.17511143761086,442.265634045649,0.051305573597269,0.0494320561269763,0.0532500989921051,0,0.000120444641264566,9.41899974744458e-05,0.000120444641264566,0.00580576334124012,76177
"2020/06/19",1,0,855,52,4.56258135170469,13.7376927893155,10.7376927893155,13.7376927893155,446.828215397354,0.0512097753351735,0.0493393293460762,0.0531511296289538,0.00027327341049035,0.000180339115340792,0.000140957149655612,0.000180339115340792,0.00586565781531635,76177
"2020/06/20",0,0,855,52,0,13.7376927893155,10.7376927893155,13.7376927893155,441.899283868785,0.0510677609614451,0.0492022200640258,0.0530040353102294,0,0.000180339115340792,0.000140957149655612,0.000180339115340792,0.00580095414454211,76177
"2020/06/21",0,0,855,52,0,13.7376927893155,10.7376927893155,13.7376927893155,52.9817280032431,0.0509374798061048,0.0490764182386071,0.0528691160056219,0,0.000180339115340792,0.000140957149655612,0.000180339115340792,0.000695508198055097,76177
"2020/06/22",0,0,855,52,0,13.7376927893155,10.7376927893155,13.7376927893155,18.6166794913988,0.0508184959155523,0.0489615036330558,0.052745919456923,0,0.000180339115340792,0.000140957149655612,0.000180339115340792,0.000244387144300757,76177
"2020/06/23",0,0,855,52,0,13.7376927893155,10.7376927893155,13.7376927893155,13.7376927893155,0.0507103099190592,0.0488569949227349,0.0526339275707357,0,0.000180339115340792,0.000140957149655612,0.000180339115340792,0.000180339115340792,76177
"2020/06/24",0,0,855,52,0,13.7376927893155,10.7376927893155,13.7376927893155,13.7376927893155,0.0506121744733063,0.0487621718872188,0.0525323648594049,0,0.000180339115340792,0.000140957149655612,0.000180339115340792,0.000180339115340792,76177
"2020/06/25",0,0,855,52,0,9.15437550305506,7.15437550305506,9.15437550305506,13.7376927893155,0.0505232215759363,0.0486763340963983,0.0524401840400719,0,0.000120172433976857,9.39177901867369e-05,0.000120172433976857,0.000180339115340792,76177
"2020/06/26",0,0,855,52,0,9.15437550305506,7.15437550305506,9.15437550305506,13.7376927893155,0.0504425666061951,0.0485984916836232,0.0523566151473352,0,0.000120172433976857,9.39177901867369e-05,0.000120172433976857,0.000180339115340792,76177
"2020/06/27",0,0,855,52,0,9.15437550305506,7.15437550305506,9.15437550305506,13.7376927893155,0.0503693653768423,0.0485276962958902,0.0522809274315523,0,0.000120172433976857,9.39177901867369e-05,0.000120172433976857,0.000180339115340792,76177
"2020/06/28",0,0,855,52,0,9.15437550305506,7.15437550305506,9.15437550305506,13.7376927893155,0.050302840048655,0.0484634688908732,0.0522120222689444,0,0.000120172433976857,9.39177901867369e-05,0.000120172433976857,0.000180339115340792,76177
"2020/06/29",0,0,855,52,0,4.56258135170472,3.56258135170472,4.56258135170472,13.7376927893155,0.0502422877229449,0.0484049967388741,0.0521493160975244,0,5.98944740762267e-05,4.67671521811665e-05,5.98944740762267e-05,0.000180339115340792,76177
"2020/06/30",0,0,855,52,0,4.56258135170472,3.56258135170472,4.56258135170472,13.7376927893155,0.050187080121326,0.0483516744883744,0.0520921568437097,0,5.98944740762267e-05,4.67671521811665e-05,5.98944740762267e-05,0.000180339115340792,76177
"2020/07/01",0,0,855,52,0,2.66453525910038e-14,2.66453525910038e-14,2.66453525910038e-14,9.154375503055,0.050136659024173,0.0483029642911999,0.0520399651448338,0,3.49782120469482e-19,3.49782120469482e-19,3.49782120469482e-19,0.000120172433976857,76177
"2020/07/02",0,0,855,52,0,2.66453525910038e-14,2.66453525910038e-14,2.66453525910038e-14,9.154375503055,0.0500905299659706,0.0482585223540124,0.0519920849185136,0,3.49782120469482e-19,3.49782120469482e-19,3.49782120469482e-19,0.000120172433976857,76177
"2020/07/03",0,0,855,52,0,2.66453525910038e-14,2.66453525910038e-14,2.66453525910038e-14,9.154375503055,0.0500482554849156,0.0482176615023544,0.0519483483652786,0,3.49782120469482e-19,3.49782120469482e-19,3.49782120469482e-19,0.000120172433976857,76177
"2020/07/04",0,0,855,52,0,2.66453525910038e-14,2.66453525910038e-14,2.66453525910038e-14,9.154375503055,0.050009448572744,0.0481801419158468,0.0519082104597819,0,3.49782120469482e-19,3.49782120469482e-19,3.49782120469482e-19,0.000120172433976857,76177
"2020/07/05",0,0,855,52,0,2.66453525910038e-14,2.66453525910038e-14,2.66453525910038e-14,4.56258135170466,0.0499737666210613,0.04814576518215,0.0518711737335146,0,3.49782120469482e-19,3.49782120469482e-19,3.49782120469482e-19,5.98944740762259e-05,76177
"2020/07/06",0,0,855,52,0,2.66453525910038e-14,2.66453525910038e-14,2.66453525910038e-14,4.56258135170466,0.0499409059752281,0.048113974947606,0.0518372072218629,0,3.49782120469482e-19,3.49782120469482e-19,3.49782120469482e-19,5.98944740762259e-05,76177
"2020/07/07",0,0,855,52,0,2.66453525910038e-14,2.66453525910038e-14,2.66453525910038e-14,-2.93098878501041e-14,0.0499105971111698,0.0480847748380462,0.0518057475028977,0,3.49782120469482e-19,3.49782120469482e-19,3.49782120469482e-19,-3.84760332516431e-19,76177
"2020/07/08",0,0,855,52,0,2.66453525910038e-14,2.66453525910038e-14,2.66453525910038e-14,-2.93098878501041e-14,0.0498826004034774,0.0480576711603886,0.0517768290250394,0,3.49782120469482e-19,3.49782120469482e-19,3.49782120469482e-19,-3.84760332516431e-19,76177
"2020/07/09",0,0,855,52,0,2.66453525910038e-14,2.66453525910038e-14,2.66453525910038e-14,-2.93098878501041e-14,0.0498567024324805,0.0480327206533215,0.051749947611369,0,3.49782120469482e-19,3.49782120469482e-19,3.49782120469482e-19,-3.84760332516431e-19,76177
"2020/07/10",0,0,855,52,0,2.66453525910038e-14,2.66453525910038e-14,2.66453525910038e-14,-2.93098878501041e-14,0.0498327127712722,0.0480094779401533,0.051725187789788,0,3.49782120469482e-19,3.49782120469482e-19,3.49782120469482e-19,-3.84760332516431e-19,76177
"2020/07/11",0,0,855,52,0,2.66453525910038e-14,2.66453525910038e-14,2.66453525910038e-14,-2.93098878501041e-14,0.0498104611941806,0.0479880404839101,0.0517020911743386,0,3.49782120469482e-19,3.49782120469482e-19,3.49782120469482e-19,-3.84760332516431e-19,76177
"2020/07/12",0,0,855,52,0,2.66453525910038e-14,2.66453525910038e-14,2.66453525910038e-14,-2.93098878501041e-14,0.0497897952521612,0.0479681306489379,0.0516806404109271,0,3.49782120469482e-19,3.49782120469482e-19,3.49782120469482e-19,-3.84760332516431e-19,76177
"2020/07/13",0,0,855,52,0,2.66453525910038e-14,2.66453525910038e-14,2.66453525910038e-14,-2.93098878501041e-14,0.0497705781660042,0.0479494864294936,0.0516608338364741,0,3.49782120469482e-19,3.49782120469482e-19,3.49782120469482e-19,-3.84760332516431e-19,76177
"2020/07/14",3,0,858,52,13.2982822355925,13.2982822355925,10.2982822355925,13.2982822355925,13.2982822355925,0.0499272578255832,0.0481004332235152,0.0518234640922864,0.000773830729386713,0.000174570831557984,0.000135188865872803,0.000174570831557984,0.000174570831557983,76177
"2020/07/15",3,0,861,52,13.293098872249,26.5913811078415,20.5913811078415,26.5913811078415,26.5913811078414,0.0500823001212367,0.0482498025643061,0.0519843947981075,0.000773227604252318,0.000349073619436857,0.000270309688066496,0.000349073619436857,0.000349073619436857,76177
"2020/07/16",1,0,862,52,4.42866688595461,31.0200479937961,24.0200479937961,31.0200479937961,31.020047993796,0.050113693840567,0.0482799167759361,0.0520171217775963,0.00025746735086379,0.000407210155214777,0.000315318901949356,0.000407210155214777,0.000407210155214776,76177
"2020/07/17",15,0,877,52,66.3827818359754,97.4028298297715,75.4028298297715,97.4028298297715,97.4028298297714,0.0509494989040003,0.0490851377806348,0.0528846725493526,0.00385652163101085,0.00127863830066518,0.000989837218973857,0.00127863830066518,0.00127863830066518,76177
"2020/07/18",3,0,880,52,13.262038121964,110.664867951736,85.6648679517355,110.664867951736,110.664867951735,0.0510678794007306,0.0491990534608544,0.0530076926899129,0.000769618367523127,0.00145273334407676,0.00112455029670026,0.00145273334407676,0.00145273334407676,76177
"2020/07/19",0,0,880,52,0,110.664867951736,85.6648679517355,110.664867951736,110.664867951735,0.050979323756967,0.0491134739051302,0.0529160583455733,0,0.00145273334407676,0.00112455029670026,0.00145273334407676,0.00145273334407676,76177
"2020/07/20",0,0,880,52,0,110.664867951736,85.6648679517355,110.664867951736,110.664867951735,0.0508693780898732,0.0490072894691867,0.0528022189204624,0,0.00145273334407676,0.00112455029670026,0.00145273334407676,0.00145273334407676,76177
"2020/07/21",4,0,884,52,17.5735359137706,128.238403865506,99.2384038655062,128.238403865506,128.238403865506,0.0509832552731573,0.0491167359910105,0.0529207054541176,0.0010135249632848,0.00168342680685123,0.00130273447189448,0.00168342680685123,0.00168342680685123,76177
"2020/07/22",0,0,884,52,0,128.238403865506,99.2384038655062,128.238403865506,128.238403865506,0.0508645061635643,0.0490020740132359,0.0527977241649903,0,0.00168342680685123,0.00130273447189448,0.00168342680685123,0.00168342680685123,76177
"2020/07/23",5,0,889,52,21.8643522423414,150.102756107848,116.102756107848,150.102756107848,150.102756107847,0.0510322253263884,0.0491633920756768,0.0529720979739259,0.00125510298115488,0.00197044719676343,0.00152411825233138,0.00197044719676343,0.00197044719676343,76177
"2020/07/24",0,0,889,52,0,150.102756107848,116.102756107848,150.102756107848,150.102756107847,0.0509121392460388,0.0490474454693973,0.0528477252546278,0,0.00197044719676343,0.00152411825233138,0.00197044719676343,0.00197044719676343,76177
"2020/07/25",0,0,889,52,0,150.102756107848,116.102756107848,150.102756107848,150.102756107847,0.0507905646295933,0.048930067262005,0.052721804807247,0,0.00197044719676343,0.00152411825233138,0.00197044719676343,0.00197044719676343,76177
"2020/07/26",8,0,897,52,34.7365049783068,171.540978850562,132.540978850562,171.540978850562,184.839261086154,0.0511286952845695,0.0492555550666294,0.0530730691790221,0.0019799689835973,0.00225187364756504,0.00173990809365769,0.00225187364756504,0.00242644447912302,76177
"2020/07/27",0,0,897,52,0,158.247879978313,122.247879978313,158.247879978313,184.839261086154,0.0510100458980004,0.0491409974049776,0.0529501825344013,0,0.00207737085968616,0.001604787271464,0.00207737085968616,0.00242644447912302,76177
"2020/07/28",10,0,907,52,43.2143984416691,197.033611534027,152.033611534027,197.033611534027,228.053659527823,0.0514531412192576,0.0495676012391775,0.0534104067000196,0.00245150666562785,0.00258652364275342,0.00199579415747571,0.00258652364275342,0.0029937337979682,76177
"2020/07/29",0,0,907,52,0,130.650829698052,100.650829698052,130.650829698052,228.053659527823,0.0513193407780109,0.0494384497311577,0.0532717905235968,0,0.00171509549730302,0.00132127584045121,0.00171509549730302,0.0029937337979682,76177
"2020/07/30",11,0,918,52,47.2773241552185,164.666115731306,126.666115731306,164.666115731306,275.330983683042,0.0517939482741636,0.0498952797577012,0.0537648669544273,0.00266740662509396,0.00216162510641409,0.00166278687440181,0.00216162510641409,0.00361435845049085,76177
"2020/07/31",4,0,922,52,17.1387279585217,181.804843689828,139.804843689828,181.804843689828,292.469711641563,0.0518591805195697,0.0499578666716653,0.0538328552305188,0.000963991743033379,0.00238661070519748,0.00183526318560495,0.00238661070519748,0.00383934404927424,76177
"2020/08/01",3,0,925,52,12.8098514189401,194.614695108768,149.614695108768,194.614695108768,291.981280824911,0.0518490382596654,0.0499477174338601,0.053822735183286,0.000718030785212168,0.0025547697482018,0.00196404026292409,0.0025547697482018,0.00383293226072057,76177
"2020/08/02",0,0,925,52,0,177.041159194998,136.041159194998,177.041159194998,278.688181952662,0.0516584061208216,0.0497635765756942,0.0536253843990616,0,0.00232407628542733,0.00178585608772986,0.00232407628542733,0.0036584294728417,76177
"2020/08/03",0,0,925,52,0,177.041159194998,136.041159194998,177.041159194998,274.259515066708,0.0514657157810526,0.0495775840063371,0.053425755892371,0,0.00232407628542733,0.00178585608772986,0.00232407628542733,0.00360029293706378,76177
"2020/08/04",12,0,937,52,50.6778181940859,205.854625146742,157.854625146742,205.854625146742,258.554551424818,0.0519460331944665,0.0500399088833315,0.0539247657491132,0.00280951080697239,0.00270231992788824,0.00207220847692535,0.00270231992788824,0.00339412882398648,76177
"2020/08/05",2,0,939,52,8.41626235710929,214.270887503851,164.270887503851,214.270887503851,253.708775659963,0.0518717615115167,0.0499679945194321,0.0538480615078776,0.000464926894362437,0.00281280291300329,0.00215643681825028,0.00281280291300329,0.00333051676568995,76177
"2020/08/06",0,0,939,52,0,214.270887503851,164.270887503851,214.270887503851,253.708775659963,0.0516784915182888,0.0497813327409625,0.0536479507188503,0,0.00281280291300329,0.00215643681825028,0.00281280291300329,0.00333051676568995,76177
"2020/08/07",5,0,944,52,20.8835742813132,200.417956806858,153.417956806858,200.417956806858,274.592349941276,0.0517586518806455,0.0498581888182526,0.0537315555979664,0.00114502717293442,0.00263095103255389,0.00201396690348606,0.00263095103255389,0.00360466216760015,76177
"2020/08/08",11,0,955,52,45.774332695775,246.192289502633,188.192289502633,246.192289502633,302.793146723281,0.0521685592578828,0.0502525631994647,0.0541576071302213,0.00250050365207285,0.00323184543238291,0.00247046076246942,0.00323184543238291,0.0039748631046547,76177
"2020/08/09",1,0,956,52,4.14548508980596,207.12337615077,158.12337615077,207.12337615077,306.938631813087,0.0520246760289128,0.050113606571913,0.0540086236265877,0.00022559363889105,0.00271897523072279,0.00207573645786484,0.00271897523072279,0.00402928222183975,76177
"2020/08/10",0,0,956,52,0,207.12337615077,158.12337615077,207.12337615077,285.074279570745,0.0518158884217632,0.049912017041223,0.0537923821174996,0,0.00271897523072279,0.00207573645786484,0.00271897523072279,0.00374226183192756,76177
"2020/08/11",7,0,963,52,28.7858223580283,188.631874353579,143.631874353579,188.631874353579,313.860101928774,0.0519855954474096,0.0500751364463571,0.0539689419901388,0.00155394404540546,0.00247623133430799,0.00188550184903028,0.00247623133430799,0.00412014258803541,76177
"2020/08/12",0,0,963,52,0,171.493146395058,130.493146395058,171.493146395058,313.860101928774,0.0517800247896212,0.049876656449146,0.0537560285330573,0,0.0022512457355246,0.00171302553782714,0.0022512457355246,0.00412014258803541,76177
"2020/08/13",14,1,977,53,58.2178629633642,216.901157939482,164.901157939482,216.901157939482,337.341459913831,0.0533333571955604,0.0514089643287161,0.0553297859019575,0.0031780492124742,0.00284733131968287,0.00216471058113974,0.00284733131968287,0.00442838993283841,76177
"2020/08/14",4,0,981,53,16.567492831954,233.468650771436,177.468650771436,233.468650771436,353.908952745785,0.0533386404956445,0.0514137040507532,0.0553356468367878,0.000900802797225037,0.00306481813108203,0.00232968810495866,0.00306481813108203,0.00464587674423757,76177
"2020/08/15",8,0,989,53,32.9939288677924,266.462579639228,202.462579639228,266.462579639228,343.688483171909,0.0535446979571371,0.0516118562567748,0.0555499237434365,0.00178629924736624,0.00349794005591226,0.00265779145462841,0.00349794005591226,0.00451170935022262,76177
"2020/08/16",0,0,989,53,0,215.784761445142,163.784761445142,215.784761445142,343.688483171909,0.0533034657478038,0.0513788692365239,0.0553001555493073,0,0.00283267602353916,0.00215005528499603,0.00283267602353916,0.00451170935022262,76177
"2020/08/17",0,0,989,53,0,207.368499088033,157.368499088033,207.368499088033,296.41115901669,0.0530555963637813,0.0511393793021398,0.0550436149974683,0,0.0027221930384241,0.0020658269436711,0.0027221930384241,0.00389108469769996,76177
"2020/08/18",16,0,1005,53,65.0881286488976,272.456627736931,206.456627736931,272.456627736931,344.360559707066,0.0536690612751733,0.0517302305590377,0.055680558679727,0.0034758395669095,0.00357662585474527,0.0027102226096713,0.00357662585474527,0.00452053191523775,76177
"2020/08/19",0,0,1005,53,0,251.573053455617,190.573053455617,251.573053455617,331.550708288126,0.0534259723355683,0.0514954722347173,0.0554288444426881,0,0.00330248045283507,0.0025017138172364,0.00330248045283507,0.00435237287223343,76177
"2020/08/20",19,0,1024,53,76.5794486536798,282.378169413522,213.378169413522,282.378169413522,408.130156941806,0.0541794666724022,0.0522211732563696,0.0562111960697455,0.00405179070910447,0.00370686912602915,0.00280108391526999,0.00370686912602915,0.00535765594525651,76177
"2020/08/21",0,0,1024,53,0,278.232684323716,210.232684323716,278.232684323716,408.130156941806,0.0539103210588882,0.0519611980324834,0.0559325578839719,0,0.00365245000884409,0.00275979211998,0.00365245000884409,0.00535765594525651,76177
"2020/08/22",21,0,1045,53,83.7697331557852,362.002417479501,273.002417479501,362.002417479501,441.222071903505,0.0547217858832503,0.0527427641431197,0.0567750647676838,0.00438663100597884,0.00475212226104338,0.00358379061238302,0.00475212226104338,0.0057920641650827,76177
"2020/08/23",0,0,1045,53,0,333.216595121473,251.216595121473,333.216595121473,432.805809546395,0.0544093848717499,0.0524411098484394,0.0564515352683807,0,0.00437424150493552,0.00329780110954058,0.00437424150493552,0.00568158117996765,76177
"2020/08/24",0,0,1045,53,0,333.216595121473,251.216595121473,333.216595121473,432.805809546395,0.0540749364631165,0.0521181101300592,0.0561052337890434,0,0.00437424150493552,0.00329780110954058,0.00437424150493552,0.00568158117996765,76177
"2020/08/25",15,0,1060,53,58.7633513752872,333.762083533396,250.762083533396,333.762083533396,470.68558664037,0.0545126503256052,0.0525393370006965,0.0565600788887441,0.00302202455234123,0.00438140230690886,0.00329183458961886,0.00438140230690886,0.00617884120719337,76177
"2020/08/26",0,0,1060,53,0,317.194590701442,238.194590701442,317.194590701442,424.911253944595,0.0541789857634074,0.0522171153162716,0.0562145664419115,0,0.0041639154955097,0.00312685706579994,0.0041639154955097,0.00557794680736436,76177
"2020/08/27",38,0,1098,53,147.044641850574,431.245303684224,322.245303684224,431.245303684224,567.810410705363,0.0557755783282875,0.0537551405388654,0.0578719561826039,0.00746948992649516,0.00566109591719579,0.00423021783063423,0.00566109591719579,0.00745383003669563,76177
"2020/08/28",0,0,1098,53,0,431.245303684224,322.245303684224,431.245303684224,567.810410705363,0.0554110921323158,0.0534032245568284,0.0574944520068946,0,0.00566109591719579,0.00423021783063423,0.00566109591719579,0.00745383003669563,76177
"2020/08/29",26,0,1124,53,99.2194470471034,530.464750731327,395.464750731327,530.464750731327,638.244035394438,0.0563074552489315,0.0542663663613673,0.0584253144110926,0.00497045780643105,0.006963581536833,0.00519139308099987,0.006963581536833,0.00837843490022498,76177
"2020/08/30",0,0,1124,53,0,465.37662208243,346.37662208243,465.37662208243,638.244035394438,0.0558600262612996,0.0538343287175794,0.0579619474830406,0,0.00610914872051183,0.00454699741499967,0.00610914872051183,0.00837843490022498,76177
"2020/08/31",0,0,1124,53,0,465.37662208243,346.37662208243,465.37662208243,580.026172431074,0.0553855836406564,0.0533761835082048,0.0574706296628459,0,0.00610914872051183,0.00454699741499967,0.00610914872051183,0.00761419027306239,76177
"2020/09/01",52,0,1176,53,193.538362546203,582.335535974953,430.335535974953,582.335535974953,756.997042145323,0.0574575594577647,0.0553720624210863,0.0596216032868113,0.00945598807258239,0.00764450603167562,0.00564915310362647,0.00764450603167562,0.0099373438458501,76177
"2020/09/02",8,0,1184,53,29.5132901038076,611.848826078761,451.848826078761,611.848826078761,753.516403381338,0.0573397079874965,0.0552575811971036,0.0595002901115713,0.00142929344282314,0.00803193649105059,0.00593156498784096,0.00803193649105059,0.00989165238039485,76177
"2020/09/03",15,0,1199,53,54.7933734060146,582.87246632899,428.87246632899,582.87246632899,808.309776787353,0.0574952673499976,0.0554064992842898,0.0596627798245505,0.0026274892852269,0.00765155448926829,0.00562994691742902,0.00765155448926829,0.0106109426308118,76177
"2020/09/04",0,0,1199,53,0,582.87246632899,428.87246632899,582.87246632899,808.309776787353,0.0568920542931204,0.0548240464014264,0.0590380691346991,0,0.00765155448926829,0.00562994691742902,0.00765155448926829,0.0106109426308118,76177
"2020/09/05",16,0,1215,53,57.215344398769,640.087810727759,470.087810727759,640.087810727759,800.436992537224,0.0570354597225084,0.0549612011512644,0.0591880016742144,0.00268584647816085,0.00840263873252766,0.00617099401036742,0.00840263873252766,0.01050759405775,76177
"2020/09/06",0,0,1215,53,0,581.324459352472,426.324459352472,581.324459352472,800.436992537224,0.0564354844835823,0.0543820395612216,0.0585664666973573,0,0.00763123330339173,0.00559649840965741,0.00763123330339173,0.01050759405775,76177
"2020/09/07",0,0,1215,53,0,581.324459352472,426.324459352472,581.324459352472,723.857543883545,0.0558568267413097,0.0538233730945135,0.0579671045166571,0,0.00763123330339173,0.00559649840965741,0.00763123330339173,0.00950231098472695,76177
"2020/09/08",46,0,1261,53,159.537935251914,593.817752753812,430.817752753812,593.817752753812,883.395479135459,0.0574112967889611,0.0553203601790234,0.059581264263713,0.00726350495626147,0.00779523678740056,0.00565548331850575,0.00779523678740056,0.0115966168152521,76177
"2020/09/09",0,0,1261,53,0,593.817752753812,430.817752753812,593.817752753812,799.625745979674,0.0568649780140884,0.0547929839707529,0.0590153244121325,0,0.00779523678740056,0.00565548331850575,0.00779523678740056,0.0104969445630528,76177
"2020/09/10",40,0,1301,53,136.041303007663,630.639608714372,453.639608714372,630.639608714372,935.667048987337,0.0580850306565531,0.0559676254606977,0.0602825429630199,0.00607376114969835,0.00827860914336837,0.00595507316794271,0.00827860914336837,0.0122828025386578,76177
"2020/09/11",0,0,1301,53,0,630.639608714372,453.639608714372,630.639608714372,935.667048987337,0.0574807319993156,0.0553843444037562,0.0596564712780651,0,0.00827860914336837,0.00595507316794271,0.00827860914336837,0.0122828025386578,76177
"2020/09/12",43,0,1344,53,143.13621281271,773.775821527082,553.775821527082,773.775821527082,1020.03991042476,0.0587295225288602,0.0565864950966785,0.0609537100782615,0.00625470344872009,0.0101576042838007,0.00726959346688741,0.0101576042838007,0.0133903922499542,76177
"2020/09/13",0,0,1344,53,0,580.237458980879,412.237458980879,580.237458980879,1020.03991042476,0.0580590727943865,0.0559394515379799,0.0602590093586319,0,0.00761696389961378,0.00541157382124367,0.00761696389961378,0.0133903922499542,76177
"2020/09/14",0,0,1344,53,0,550.724168877071,390.724168877071,550.724168877071,872.995268574186,0.0573651833165232,0.0552697941721434,0.059540012880976,0,0.0072295334402388,0.00512916193702917,0.0072295334402388,0.0114600899034379,76177
"2020/09/15",94,0,1438,53,302.034072590916,797.964868061972,558.964868061972,797.964868061972,1175.0293411651,0.0606545110066641,0.058437835727843,0.0629552696405673,0.0127397280809133,0.0104751416839987,0.00733771175107936,0.0104751416839987,0.0154249883976148,76177
"2020/09/16",0,0,1438,53,0,797.964868061972,558.964868061972,797.964868061972,1075.809894118,0.0599093281556222,0.0577187126877266,0.0621830847038489,0,0.0104751416839987,0.00733771175107936,0.0104751416839987,0.0141225027779776,76177
"2020/09/17",0,0,1438,53,0,740.749523663203,517.749523663203,740.749523663203,1075.809894118,0.059085248683095,0.0569234885749521,0.0613291050731445,0,0.00972405744073938,0.00679666465814095,0.00972405744073938,0.0141225027779776,76177
"2020/09/18",45,0,1483,53,138.858743197246,879.608266860449,611.608266860449,879.608266860449,1214.66863731524,0.0600728175933873,0.0578735885701011,0.0623556185605664,0.00562483880737368,0.0115469008606331,0.00802877859275699,0.0115469008606331,0.0159453461978713,76177
"2020/09/19",81,0,1564,53,246.406448553834,1126.01471541428,777.014715414283,1126.01471541428,1267.53672332287,0.0624568294305799,0.0601690471856525,0.0648315990526558,0.00984000353447684,0.0147815576278179,0.0102001222864419,0.0147815576278179,0.0166393625808692,76177
"2020/09/20",0,0,1564,53,0,966.476780162369,663.476780162369,966.476780162369,1238.02343321907,0.0615054593451473,0.0592510899899195,0.0638456023323986,0,0.0126872517972927,0.0087096732630895,0.0126872517972927,0.0162519321214942,76177
"2020/09/21",0,0,1564,53,0,966.476780162369,663.476780162369,966.476780162369,1183.23005981305,0.0604832900921477,0.0582648835841014,0.0627861613263242,0,0.0126872517972927,0.0087096732630895,0.0126872517972927,0.0155326418710773,76177
"2020/09/22",117,0,1681,53,338.909081236601,1169.34455839131,789.344558391307,1169.34455839131,1522.13914104965,0.063920651460597,0.0615746338366052,0.0663560532733229,0.0128871441157382,0.0153503624242397,0.0103619801041168,0.0153503624242397,0.0199816104736292,76177
"2020/09/23",0,0,1681,53,0,1169.34455839131,789.344558391307,1169.34455839131,1464.92379665088,0.0628197299024632,0.0605125932992662,0.0652148296719303,0,0.0153503624242397,0.0103619801041168,0.0153503624242397,0.0192305262303699,76177
"2020/09/24",72,0,1753,53,201.158883673578,1227.36722925218,818.367229252175,1227.36722925218,1666.08268032446,0.0642931599140786,0.0619302082038665,0.0667462702229251,0.00737771835491324,0.0161120447018414,0.0107429700467618,0.0161120447018414,0.0218712036484039,76177
"2020/09/25",0,0,1753,53,0,1227.36722925218,818.367229252175,1227.36722925218,1666.08268032446,0.0630446282382809,0.0607258964739069,0.065451897468667,0,0.0161120447018414,0.0107429700467618,0.0161120447018414,0.0218712036484039,76177
"2020/09/26",83,0,1836,53,222.838503438539,1450.20573269071,958.205732690714,1450.20573269071,1729.38324851109,0.0647084433373634,0.0623268116390495,0.0671810819297771,0.00785377596576011,0.0190373174670926,0.012578675094723,0.0190373174670926,0.0227021705831299,76177
"2020/09/27",0,0,1836,53,0,1148.1716600998,750.171660099798,1148.1716600998,1729.38324851109,0.0633954763272962,0.0610604494321497,0.0658197975308168,0,0.0150724189729157,0.00984774485868173,0.0150724189729157,0.0227021705831299,76177
"2020/09/28",0,0,1836,53,0,1148.1716600998,750.171660099798,1148.1716600998,1593.34194550342,0.0620857091618594,0.0597972554645878,0.06446174246933,0,0.0150724189729157,0.00984774485868173,0.0150724189729157,0.0209163126075249,76177
"2020/09/29",130,0,1966,53,328.194050711689,1476.36571081149,948.365710811487,1476.36571081149,1921.53599621511,0.0651548876249929,0.0627516782202084,0.067650133061435,0.0108766258867301,0.0193807279206517,0.01244950196006,0.0193807279206517,0.0252246215552609,76177
"2020/09/30",0,0,1966,53,0,1337.50696761424,854.506967614241,1337.50696761424,1778.3997834024,0.0638640603064572,0.0615068793354351,0.0663115775486441,0,0.017557884500758,0.0112173880254439,0.017557884500758,0.0233456264148287,76177
"2020/10/01",84,0,2050,53,203.576179279905,1294.67669834031,808.676698340313,1294.67669834031,1981.97596268231,0.0652195306300749,0.0628106685936944,0.0677207753211895,0.00647665505370702,0.016995637769147,0.0106157593281478,0.016995637769147,0.0260180364504025,76177
"2020/10/02",0,0,2050,53,0,1294.67669834031,808.676698340313,1294.67669834031,1981.97596268231,0.063846082346542,0.0614863514001819,0.0662963753446812,0,0.016995637769147,0.0106157593281478,0.016995637769147,0.0260180364504025,76177
"2020/10/03",60,0,2110,53,139.308302297998,1433.98500063831,887.98500063831,1433.98500063831,1819.25019238939,0.0643108632633593,0.0619323675707037,0.0667807044346698,0.00424598918508875,0.0188243826960672,0.0116568649413643,0.0188243826960672,0.0238818828831457,76177
"2020/10/04",0,0,2110,53,0,1095.07591940171,666.075919401709,1095.07591940171,1819.25019238939,0.0629536490625605,0.0606238187293658,0.0653730169652328,0,0.0143754140935152,0.00874379300053441,0.0143754140935152,0.0238818828831457,76177
"2020/10/05",0,0,2110,53,0,1095.07591940171,666.075919401709,1095.07591940171,1819.25019238939,0.0616527810623158,0.0593696970432441,0.064023661935637,0,0.0143754140935152,0.00874379300053441,0.0143754140935152,0.0238818828831457,76177
"2020/10/06",260,0,2370,53,567.448134253503,1461.36516998163,844.365169981634,1461.36516998163,2247.83958344565,0.0679011774289233,0.0653852295988558,0.0705139360146072,0.0162575512428939,0.0191838109925783,0.0110842533833261,0.0191838109925783,0.029508113780349,76177
"2020/10/07",0,0,2370,53,0,1461.36516998163,844.365169981634,1461.36516998163,2001.43313489181,0.0665398637809477,0.06407292654267,0.0691017830914668,0,0.0191838109925783,0.0110842533833261,0.0191838109925783,0.0262734570131643,76177
"2020/10/08",198,0,2568,53,413.885370474512,1652.41203701761,920.412037017607,1652.41203701761,2415.31850536633,0.070467041695593,0.0678528532866415,0.0731819477708838,0.0113571953498533,0.0216917447132022,0.0120825450860182,0.0216917447132022,0.0317066634990394,76177
"2020/10/09",0,1,2568,54,0,1652.41203701761,920.412037017607,1652.41203701761,2415.31850536633,0.0700095786240643,0.0674567478625875,0.0726590186218774,0,0.0216917447132022,0.0120825450860182,0.0216917447132022,0.0317066634990394,76177
"2020/10/10",128,1,2696,55,263.419852475247,1915.83188949285,1055.83188949285,1915.83188949285,2339.82927660497,0.0728340659616405,0.0702225722725004,0.0755426779856367,0.00711644618352661,0.0251497419101941,0.0138602450804423,0.0251497419101941,0.0307156920934793,76177
"2020/10/11",0,0,2696,55,0,1587.63783878117,857.637838781165,1587.63783878117,2339.82927660497,0.0707961879284759,0.06825585616828,0.0734310652092194,0,0.020841432962458,0.0112584879790641,0.020841432962458,0.0307156920934793,76177
"2020/10/12",0,0,2696,55,0,1587.63783878117,857.637838781165,1587.63783878117,2138.67039293139,0.0687923610257413,0.0663220849199377,0.0713546466642108,0,0.020841432962458,0.0112584879790641,0.020841432962458,0.0280750146754453,76177
"2020/10/13",299,2,2995,57,586.006049250727,1970.06770875199,1025.06770875199,1970.06770875199,2724.67644218212,0.0770555407113563,0.074379565282429,0.0798277904929102,0.0150767989933691,0.025861712967851,0.0134563937770191,0.025861712967851,0.035767704716412,76177
"2020/10/14",0,0,2995,57,0,1970.06770875199,1025.06770875199,1970.06770875199,2501.83793874358,0.0749722569263123,0.0723667958158399,0.0776715238702702,0,0.025861712967851,0.0134563937770191,0.025861712967851,0.0328424319511609,76177
"2020/10/15",195,2,3190,59,373.867441713223,2204.62684816721,1124.62684816721,2204.62684816721,2875.7053804568,0.0802878545051912,0.0775860349736021,0.0830837609273369,0.00940972249670824,0.028940846294383,0.014763338647718,0.028940846294383,0.037750310204613,76177
"2020/10/16",0,0,3190,59,0,2204.62684816721,1124.62684816721,2204.62684816721,2875.7053804568,0.0779076688148014,0.0752839884557182,0.0806227855970583,0,0.028940846294383,0.014763338647718,0.028940846294383,0.037750310204613,76177
"2020/10/17",187,0,3377,59,337.326885780239,2541.95373394745,1274.95373394745,2541.95373394745,2884.83821552535,0.0799680573142993,0.0772729874061617,0.0827571238706003,0.00798797030966192,0.0333690449078784,0.0167367280668371,0.0333690449078784,0.0378701998703723,76177
"2020/10/18",0,0,3377,59,0,1974.50559969395,967.505599693948,1974.50559969395,2884.83821552535,0.0775310470423397,0.0749162083256364,0.0802371528114898,0,0.0259199705907813,0.0127007574424557,0.0259199705907813,0.0378701998703723,76177
"2020/10/19",0,0,3377,59,0,1974.50559969395,967.505599693948,1974.50559969395,2681.26203624545,0.0751663147749401,0.0726294745923636,0.0777917630349955,0,0.0259199705907813,0.0127007574424557,0.0259199705907813,0.0351977898347985,76177
