"date","countrycode","population","cases","deaths","cum_cases","cum_deaths","cases_infected","cases_infected_low","cases_infected_high","cases_daily","cases_contagious","cases_active","p_cases_infected","p_cases_infected_low","p_cases_infected_high","p_cases_daily","p_cases_contagious","p_cases_active"
"2020/01/01","CA",37411038,0,0,0,0,NA,NA,NA,0,0,0,NA,NA,NA,0,0,0
"2020/01/02","CA",37411038,0,0,0,0,NA,NA,NA,0,0,0,NA,NA,NA,0,0,0
"2020/01/03","CA",37411038,0,0,0,0,NA,NA,NA,0,0,0,NA,NA,NA,0,0,0
"2020/01/04","CA",37411038,0,0,0,0,NA,NA,NA,0,0,0,NA,NA,NA,0,0,0
"2020/01/05","CA",37411038,0,0,0,0,NA,NA,NA,0,0,0,NA,NA,NA,0,0,0
"2020/01/06","CA",37411038,0,0,0,0,NA,NA,NA,0,0,0,NA,NA,NA,0,0,0
"2020/01/07","CA",37411038,0,0,0,0,NA,NA,NA,0,0,0,NA,NA,NA,0,0,0
"2020/01/08","CA",37411038,0,0,0,0,NA,NA,NA,0,0,0,NA,NA,NA,0,0,0
"2020/01/09","CA",37411038,0,0,0,0,NA,NA,NA,0,0,0,NA,NA,NA,0,0,0
"2020/01/10","CA",37411038,0,0,0,0,NA,NA,NA,0,0,0,NA,NA,NA,0,0,0
"2020/01/11","CA",37411038,0,0,0,0,NA,NA,NA,0,0,0,NA,NA,NA,0,0,0
"2020/01/12","CA",37411038,0,0,0,0,NA,NA,NA,0,0,0,NA,NA,NA,0,0,0
"2020/01/13","CA",37411038,0,0,0,0,NA,NA,NA,0,0,0,NA,NA,NA,0,0,0
"2020/01/14","CA",37411038,0,0,0,0,NA,NA,NA,0,0,0,NA,NA,NA,0,0,0
"2020/01/15","CA",37411038,0,0,0,0,NA,NA,NA,0,0,0,NA,NA,NA,0,0,0
"2020/01/16","CA",37411038,0,0,0,0,NA,NA,NA,0,0,0,NA,NA,NA,0,0,0
"2020/01/17","CA",37411038,0,0,0,0,NA,NA,NA,0,0,0,NA,NA,NA,0,0,0
"2020/01/18","CA",37411038,0,0,0,0,NA,NA,NA,0,0,0,NA,NA,NA,0,0,0
"2020/01/19","CA",37411038,0,0,0,0,NA,NA,NA,0,0,0,NA,NA,NA,0,0,0
"2020/01/20","CA",37411038,0,0,0,0,NA,NA,NA,0,0,0,NA,NA,NA,0,0,0
"2020/01/21","CA",37411038,0,0,0,0,NA,NA,NA,0,0,0,NA,NA,NA,0,0,0
"2020/01/22","CA",37411038,0,0,0,0,NA,NA,NA,0,0,0,NA,NA,NA,0,0,0
"2020/01/23","CA",37411038,0,0,0,0,NA,NA,NA,0,0,0,NA,NA,NA,0,0,0
"2020/01/24","CA",37411038,0,0,0,0,NA,NA,NA,0,0,0,NA,NA,NA,0,0,0
"2020/01/25","CA",37411038,0,0,0,0,NA,NA,NA,0,0,0,NA,NA,NA,0,0,0
"2020/01/26","CA",37411038,1,0,1,0,NA,NA,NA,0,0,0,NA,NA,NA,0,0,0
"2020/01/27","CA",37411038,0,0,1,0,0,NA,NA,0,0,0,0,NA,NA,0,0,0
"2020/01/28","CA",37411038,1,0,2,0,0,NA,NA,0,0,0,0,NA,NA,0,0,0
"2020/01/29","CA",37411038,0,0,2,0,0,NA,NA,0,0,0,0,NA,NA,0,0,0
"2020/01/30","CA",37411038,0,0,2,0,0,NA,NA,0,0,0,0,NA,NA,0,0,0
"2020/01/31","CA",37411038,2,0,4,0,0,NA,NA,0,0,0,0,NA,NA,0,0,0
"2020/02/01","CA",37411038,0,0,4,0,0,0,NA,0,0,0,0,0,NA,0,0,0
"2020/02/02","CA",37411038,0,0,4,0,0,0,NA,0,0,0,0,0,NA,0,0,0
"2020/02/03","CA",37411038,0,0,4,0,0,0,NA,0,0,0,0,0,NA,0,0,0
"2020/02/04","CA",37411038,0,0,4,0,0,0,NA,0,0,0,0,0,NA,0,0,0
"2020/02/05","CA",37411038,1,0,5,0,0,0,NA,0,0,0,0,0,NA,0,0,0
"2020/02/06","CA",37411038,0,0,5,0,0,0,NA,0,0,0,0,0,NA,0,0,0
"2020/02/07","CA",37411038,2,0,7,0,0,0,NA,0,0,0,0,0,NA,0,0,0
"2020/02/08","CA",37411038,0,0,7,0,0,0,NA,0,0,0,0,0,NA,0,0,0
"2020/02/09","CA",37411038,0,0,7,0,0,0,NA,0,0,0,0,0,NA,0,0,0
"2020/02/10","CA",37411038,0,0,7,0,0,0,NA,0,0,0,0,0,NA,0,0,0
"2020/02/11","CA",37411038,0,0,7,0,0,0,NA,0,0,0,0,0,NA,0,0,0
"2020/02/12","CA",37411038,0,0,7,0,0,0,NA,0,0,0,0,0,NA,0,0,0
"2020/02/13","CA",37411038,0,0,7,0,0,0,NA,0,0,0,0,0,NA,0,0,0
"2020/02/14","CA",37411038,0,0,7,0,0,0,NA,0,0,0,0,0,NA,0,0,0
"2020/02/15","CA",37411038,0,0,7,0,0,0,NA,0,0,0,0,0,NA,0,0,0
"2020/02/16","CA",37411038,0,0,7,0,0,0,NA,0,0,0,0,0,NA,0,0,0
"2020/02/17","CA",37411038,1,0,8,0,0,0,NA,0,0,0,0,0,NA,0,0,0
"2020/02/18","CA",37411038,0,0,8,0,0,0,NA,0,0,0,0,0,NA,0,0,0
"2020/02/19","CA",37411038,0,0,8,0,0,0,NA,0,0,0,0,0,NA,0,0,0
"2020/02/20","CA",37411038,0,0,8,0,0,0,NA,0,0,0,0,0,NA,0,0,0
"2020/02/21","CA",37411038,1,0,9,0,0,0,NA,0,0,0,0,0,NA,0,0,0
"2020/02/22","CA",37411038,0,0,9,0,0,0,NA,0,0,0,0,0,NA,0,0,0
"2020/02/23","CA",37411038,0,0,9,0,0,0,NA,0,0,0,0,0,NA,0,0,0
"2020/02/24","CA",37411038,1,0,10,0,0,0,NA,0,0,0,0,0,NA,0,0,0
"2020/02/25","CA",37411038,1,0,11,0,0,0,NA,0,0,0,0,0,NA,0,0,0
"2020/02/26","CA",37411038,0,0,11,0,0,0,NA,0,0,0,0,0,NA,0,0,0
"2020/02/27","CA",37411038,2,0,13,0,0,0,NA,0,0,0,0,0,NA,0,0,0
"2020/02/28","CA",37411038,1,0,14,0,0,0,NA,0,0,0,0,0,NA,0,0,0
"2020/02/29","CA",37411038,6,0,20,0,0,0,NA,0,0,0,0,0,NA,0,0,0
"2020/03/01","CA",37411038,4,0,24,0,0,0,NA,0,0,0,0,0,NA,0,0,0
"2020/03/02","CA",37411038,3,0,27,0,0,0,NA,0,0,0,0,0,NA,0,0,0
"2020/03/03","CA",37411038,3,0,30,0,0,0,NA,0,0,0,0,0,NA,0,0,0
"2020/03/04","CA",37411038,3,0,33,0,0,0,NA,0,0,0,0,0,NA,0,0,0
"2020/03/05","CA",37411038,4,0,37,0,0,0,NA,0,0,0,0,0,NA,0,0,0
"2020/03/06","CA",37411038,12,0,49,0,0,0,NA,0,0,0,0,0,NA,0,0,0
"2020/03/07","CA",37411038,5,0,54,0,0,0,NA,0,0,0,0,0,NA,0,0,0
"2020/03/08","CA",37411038,10,0,64,0,0,0,NA,0,0,0,0,0,NA,0,0,0
"2020/03/09","CA",37411038,13,1,77,1,249.359700869416,38.3248247289479,1622.45387571775,249.359700869416,249.359700869416,249.359700869416,6.66540449557738e-06,1.02442559142432e-06,4.3368320219229e-05,6.66540449557738e-06,6.66540449557738e-06,6.66540449557738e-06
"2020/03/10","CA",37411038,2,0,79,1,221.41801786218,33.5671369151858,1460.53381787939,0,249.359700869416,249.359700869416,5.91852110230622e-06,8.9725222045926e-07,3.9040184286771e-05,0,6.66540449557738e-06,6.66540449557738e-06
"2020/03/11","CA",37411038,29,0,108,1,262.090986805918,39.3358202778417,1746.28836718564,0,249.359700869416,249.359700869416,7.00571277401921e-06,1.05144958228215e-06,4.66784259550788e-05,0,6.66540449557738e-06,6.66540449557738e-06
"2020/03/12","CA",37411038,9,0,117,1,245.668725720752,36.5285625977468,1652.21729258465,0,249.359700869416,249.359700869416,6.56674443838611e-06,9.76411362810803e-07,4.4163898702427e-05,0,6.66540449557738e-06,6.66540449557738e-06
"2020/03/13","CA",37411038,76,0,193,1,348.467542108495,51.4523222021034,2360.04173778908,80.2064690196792,329.566169889095,329.566169889095,9.31456491820662e-06,1.37532463552878e-06,6.30841020179413e-05,2.14392525060863e-06,8.80932974618602e-06,8.80932974618602e-06
"2020/03/14","CA",37411038,5,0,198,1,301.868524147407,44.209310509805,2061.20848346467,0,329.566169889095,329.566169889095,8.06896948829399e-06,1.18171836103037e-06,5.50962655317039e-05,0,8.80932974618602e-06,8.80932974618602e-06
"2020/03/15","CA",37411038,54,0,252,1,317.680711739035,46.2260410632577,2183.20739327245,0,329.566169889095,329.566169889095,8.49163051126876e-06,1.23562572798054e-06,5.83573060248274e-05,0,8.80932974618602e-06,8.80932974618602e-06
"2020/03/16","CA",37411038,163,3,415,4,1727.93983135218,1086.58565841976,2747.85152706289,1358.79055757133,1688.35672746043,1688.35672746043,4.61879681433104e-05,2.90445204546253e-05,7.34502883096398e-05,3.63205789043151e-05,4.51299086505011e-05,4.51299086505011e-05
"2020/03/17","CA",37411038,63,1,478,5,2009.38253838341,1386.4252671026,2912.25086657436,321.02581092298,2009.38253838341,2009.38253838341,5.37109539271112e-05,3.70592568723328e-05,7.78446956370031e-05,8.58104527661008e-06,5.37109539271112e-05,5.37109539271112e-05
"2020/03/18","CA",37411038,179,3,657,8,3478.52717579681,2766.82689064964,4373.29539974068,1469.1446374134,3478.52717579681,3478.52717579681,9.2981306100002e-05,7.39575012767527e-05,0.000116898531383724,3.92703521728907e-05,9.2981306100002e-05,9.2981306100002e-05
"2020/03/19","CA",37411038,143,1,800,9,3718.94294078266,3027.60597794115,4568.14284869469,240.415764985852,3718.94294078266,3718.94294078266,9.94076384831305e-05,8.09281468731542e-05,0.0001221068190809,6.42633238312853e-06,9.94076384831305e-05,9.94076384831305e-05
"2020/03/20","CA",37411038,143,3,943,12,4544.02916574524,3894.16843873209,5302.33896761442,825.08622496258,4544.02916574524,4544.02916574524,0.000121462258431462,0.000104091429880456,0.000141731939317332,2.20546199483313e-05,0.000121462258431462,0.000121462258431462
"2020/03/21","CA",37411038,334,7,1277,19,7639.95750891451,6936.9791058008,8414.17421730596,3095.92834316927,7390.5978080451,7639.95750891451,0.000204216667522417,0.000185425999294668,0.000224911541275758,8.27544090909553e-05,0.00019755126302684,0.000204216667522417
"2020/03/22","CA",37411038,192,2,1469,21,7662.02443464471,7013.00117629105,8371.11201913994,22.0669257301979,7412.66473377529,7662.02443464471,0.000204806518189757,0.000187458075242153,0.000223760485318262,5.89850667340423e-07,0.00019814111369418,0.000204806518189757
"2020/03/23","CA",37411038,619,4,2088,25,10265.7404888265,9524.32239243367,11064.8740605055,2603.71605418176,10016.3807879571,10265.7404888265,0.000274404053927252,0.000254585889662662,0.000295764957403895,6.95975357374944e-05,0.000267738649431674,0.000274404053927252
"2020/03/24","CA",37411038,702,1,2790,26,11298.2341475281,10502.2276128238,12154.5732542021,1032.49365870165,11048.8744466587,11298.2341475281,0.000302002690957897,0.000280725373426522,0.000324892702902338,2.75986370306447e-05,0.000295337286462319,0.000302002690957897
"2020/03/25","CA",37411038,461,4,3251,30,11881.3734372199,11145.582234808,12665.7389251326,583.139289691748,11551.8072673308,11881.3734372199,0.000317590050220469,0.000297922293276332,0.000338556201651838,1.55873592625724e-05,0.000308780720474283,0.000317590050220469
"2020/03/26","CA",37411038,791,8,4042,38,14595.7981479371,13871.467819914,15357.9510359736,2714.42471071719,14266.231978048,14595.7981479371,0.000390146837089553,0.000370785430222866,0.000410519243972156,7.25567868690837e-05,0.000381337507343367,0.000390146837089553
"2020/03/27","CA",37411038,640,16,4682,54,18903.7909483952,18232.3847597912,19599.9216190698,4307.99280045818,18574.2247785061,18654.4312475258,0.000505299824837665,0.000487353084396941,0.000523907452636568,0.000115152987748113,0.000496490495091479,0.000498634420342088
"2020/03/28","CA",37411038,894,7,5576,61,20241.8165896809,19596.26814253,20908.6309633127,1338.02564128567,18553.4598622205,19992.4568888115,0.000541065355889909,0.000523809794920152,0.00055888935675382,3.57655310522438e-05,0.000495935447239408,0.000534399951394332
"2020/03/29","CA",37411038,704,3,6280,64,19297.0649076522,18703.9996675836,19908.9350228935,0,18232.4340512975,19992.4568888115,0.000515812068824507,0.000499959388124533,0.000532167405322821,0,0.000487354401962798,0.000534399951394332
"2020/03/30","CA",37411038,1118,16,7398,80,23241.5331779898,22660.2828632429,23837.6929239398,2054.9649062802,18818.2543201643,22047.4217950917,0.000621248017175834,0.000605711150362707,0.000637183414262384,5.49293742205229e-05,0.00050301342401043,0.000589329325614855
"2020/03/31","CA",37411038,1129,21,8527,101,28022.3023321068,27456.01799375,28600.266366767,5725.52083614566,24303.3593913241,27692.7361622177,0.000749038354191262,0.000733901529108868,0.000764487378478165,0.00015304362408083,0.000649630715708132,0.000740229024445076
"2020/04/01","CA",37411038,1033,8,9560,109,28358.4629956275,27820.9788540252,28906.3309991345,336.160663520732,23814.4338298823,28028.8968257384,0.000758023955272973,0.000743656961724109,0.000772668510270539,8.98560108171101e-06,0.000636561696841512,0.000749214625526787
"2020/04/02","CA",37411038,1724,30,11284,139,36030.5895478794,35481.076836628,36588.6128300252,7672.12655225191,28390.6320389649,35701.0233779903,0.000963100503864111,0.000948411985698659,0.00097801651026163,0.000205076548591138,0.000758883836341694,0.000954291174117925
"2020/04/03","CA",37411038,1153,40,12437,179,43488.4179201714,42956.3178611094,44027.1091045195,7457.82837229198,35826.3934855267,41800.061192711,0.00116244884518231,0.00114822576858491,0.00117684810307908,0.000199348341318195,0.000957642326992549,0.00111731893653181
"2020/04/04","CA",37411038,541,39,12978,218,47281.8848331562,46791.377663106,47777.5339181464,3793.46691298478,37016.1443443297,45272.5022947728,0.00126384851532738,0.00125073721993776,0.00127709725450939,0.000101399670145073,0.000989444461400128,0.00121013756140027
"2020/04/05","CA",37411038,2778,41,15756,259,58968.111448841,58435.9089604197,59505.1609481795,11686.2266156849,47669.8773013129,55489.5842730442,0.00157622227559794,0.00156199646105568,0.00159057765112477,0.000312373760270562,0.00127421958464004,0.00148324096949794
"2020/04/06","CA",37411038,807,80,16563,339,70756.266553342,70239.4957928146,71276.8393345976,11788.155104501,58874.8931161221,67037.3236125594,0.00189132059242361,0.00187750726918656,0.00190523554397495,0.000315098316825664,0.00157373054220314,0.00179191295394047
"2020/04/07","CA",37411038,1309,36,17872,375,73993.7428896321,73491.0050045196,74499.9199082972,3237.47633629006,59397.944741695,69449.7137238868,0.00197785859054838,0.00196442036717932,0.00199138874222889,8.65379981247795e-05,0.00158771175345883,0.00185639633211692
"2020/04/08","CA",37411038,1269,32,19141,407,75964.5011672279,75476.751590229,76455.4027035368,1970.75827759584,57060.7102188327,68324.5436583134,0.00203053711493458,0.00201749953022498,0.00204365895176543,5.26785243861944e-05,0.00152523729009691,0.00182632044741216
"2020/04/09","CA",37411038,1513,96,20654,503,90235.5998925682,89736.0730340943,90737.9074285767,14271.0987253403,69993.7833028873,82573.5754579235,0.00241200471081738,0.00239865231844394,0.00242543143092092,0.000381467595882806,0.00187093935492748,0.00220719819262763
"2020/04/10","CA",37411038,1405,54,22059,557,95796.4272519317,95299.8212237512,96295.6210871412,5560.82735936351,75554.6106622508,85530.6867631052,0.00256064606525838,0.00254737174690933,0.00257398955589367,0.000148641354440994,0.00201958070936847,0.00228624201133113
"2020/04/11","CA",37411038,1257,97,23316,654,107424.205258089,106920.936102479,107929.843265415,11627.7780061572,85127.4237621278,96125.9711105608,0.00287145748958072,0.00285800506530932,0.00288497323344556,0.000310811424322341,0.00227546275947029,0.00256945479862282
"2020/04/12","CA",37411038,983,60,24299,714,111126.097106404,110631.430116919,111622.975903422,3701.89184831518,83103.7947742973,99244.7236691842,0.00297040935101571,0.0029571868633241,0.00298369096049733,9.89518614349909e-05,0.00222137099682445,0.00265281930079524
"2020/04/13","CA",37411038,1381,67,25680,781,117551.127392821,117053.70033231,118050.668300906,6425.03028641686,89192.6643971935,102955.329244884,0.00314215091794088,0.00312885465333281,0.00315550368586154,0.000171741566925164,0.0023841269626679,0.00275200408085132
"2020/04/14","CA",37411038,1355,120,27035,901,131454.038091909,130939.892203881,131970.202814607,13902.9106990877,95423.4485440292,112550.247143513,0.00351377681880702,0.00350003365861918,0.00352757394260504,0.000371625900866147,0.00255067631494291,0.00300847699396936
"2020/04/15","CA",37411038,1174,107,28209,1008,142018.701724419,141494.366255814,142544.980222214,10564.6636325108,98530.2838042481,121776.885134739,0.0037961711119702,0.00378215558348885,0.0038102385777752,0.000282394293163179,0.0026337222667879,0.00325510575608029
"2020/04/16","CA",37411038,2600,251,30809,1259,180113.20266088,179516.094167691,180712.297263193,38094.5009364603,132831.317827724,159871.386071199,0.00481444013023322,0.00479847937305805,0.00483045397626212,0.00101826901826301,0.00355059161490584,0.00427337477434331
"2020/04/17","CA",37411038,2005,97,32814,1356,192666.346779777,192047.381125631,193287.307350379,12553.1441188972,133698.235330936,170369.565283816,0.00514998666382304,0.0051334416630095,0.005166584988911,0.000335546533589824,0.0035737643882251,0.00455399193371261
"2020/04/18","CA",37411038,1542,45,34356,1401,194528.920805468,193911.460340067,195148.347412661,1862.57402569088,123772.654252126,166506.618473361,0.00519977341461276,0.00518326864761324,0.00521633073673768,4.97867507897235e-05,0.00330845282218916,0.0044507350604215
"2020/04/19","CA",37411038,1277,164,35633,1565,210598.78249914,209959.588418227,211239.922521537,16069.8616936717,136605.039609508,182240.319503512,0.00562932208668307,0.00561223637842464,0.00564645981011103,0.000429548672070305,0.00365146349613468,0.0048712981314101
"2020/04/20","CA",37411038,2025,162,37658,1727,230016.475028362,229343.800163585,230691.122876377,19417.6925292221,154051.973861134,193985.885480482,0.00614835854135781,0.00613037788910281,0.00616639193161059,0.000519036454674744,0.00411782142642323,0.0051852580374937
"2020/04/21","CA",37411038,1744,183,39402,1910,249922.999693666,249217.751774064,250630.243356446,19906.5246653041,159687.399801098,206434.581773494,0.00668046151763193,0.00666161018504924,0.00669936619658739,0.000532102976274117,0.00426845680681454,0.00551801267244962
"2020/04/22","CA",37411038,2261,168,41663,2078,270536.114252342,269793.650580174,271280.621161269,20613.114558676,174739.68700041,223254.229419186,0.00723145169755359,0.00721160558496597,0.00725135242602115,0.000550990179921658,0.00467080563229521,0.00596760318222621
"2020/04/23","CA",37411038,1636,163,43299,2241,285813.299651039,285047.08232048,286581.576602741,15277.1853986972,178389.09439295,226845.188202198,0.00763981206966348,0.0076193310199113,0.00766034817325146,0.000408360372109889,0.00476835458008276,0.00606358979406553
"2020/04/24","CA",37411038,1620,161,44919,2402,300030.111085312,299241.988955655,300820.308914616,14216.8114342727,188904.013978908,229273.84453197,0.00801982856196911,0.00799876199520728,0.00804095061234644,0.000380016492305631,0.0050494192109534,0.0061285079695455
"2020/04/25","CA",37411038,1452,169,46371,2571,313588.405490741,312780.172243028,314398.727237153,13558.2944054295,196037.27809792,239594.662601109,0.00838224284209225,0.00836063870355663,0.00840390280636301,0.000362414280123142,0.00524009192415137,0.00640438425154386
"2020/04/26","CA",37411038,1662,116,48033,2687,321864.252748529,321044.070004732,322686.530842455,8275.84725778823,190410.214656621,245899.751581301,0.00860345689281675,0.00858153334330718,0.00862543645120071,0.000221214050724501,0.00508968007400973,0.00657291977788217
"2020/04/27","CA",37411038,1583,154,49616,2841,334090.283311752,333251.007099874,334931.673199343,12226.0305632228,192071.581587333,243854.683419184,0.00893025965523202,0.00890782573581288,0.00895275007336987,0.000326802762415273,0.00513408854326182,0.00651825494441464
"2020/04/28","CA",37411038,1534,142,51150,2983,344476.23421626,343621.106761248,345333.48972147,10385.9509045078,164363.03155538,248679.806964328,0.00920787694306317,0.00918501931866332,0.00923079145041285,0.000277617287831141,0.00439343681282995,0.00664723087780479
"2020/04/29","CA",37411038,1715,172,52865,3155,359461.100353083,358580.625036272,360343.737629378,14984.8661368227,166794.753573306,252036.895094994,0.0096084235982194,0.00958488842347203,0.00963201656231453,0.000400546655156233,0.00445843693439636,0.00673696610863868
"2020/04/30","CA",37411038,1592,155,54457,3310,371574.192032816,370673.889255037,372476.681490357,12113.0916797338,177045.271227349,260448.094926412,0.0099322074953605,0.0099081423310157,0.009956331109828,0.000323783897141101,0.00473243408074774,0.00696179814434479
"2020/05/01","CA",37411038,1886,227,56343,3537,393620.302337537,392680.589887909,394562.263585579,22046.1103047203,183021.519838397,276069.174944716,0.0105215017647342,0.0104963831767488,0.0105466804632787,0.000589294269373662,0.00489217967805109,0.00737935084679329
"2020/05/02","CA",37411038,1583,147,57926,3684,404478.233339623,403520.651444576,405438.087641504,10857.9310020866,174461.758311262,273024.195247715,0.0108117351178447,0.0107861388781722,0.0108373920991314,0.000290233353110561,0.00466337657648691,0.0072979582990377
"2020/05/03","CA",37411038,2578,111,60504,3795,418188.88861196,417204.503177719,419175.596683362,13710.6552723363,168265.888918294,276170.18688754,0.0111782220159719,0.0111519093155801,0.0112045968006384,0.000366486898127134,0.00449776049833993,0.00738205090400165
"2020/05/04","CA",37411038,1453,208,61957,4003,434461.562123163,433449.688999827,435475.797428879,16272.6735112037,163925.447870822,254348.359462284,0.0116131918639404,0.0115861444154484,0.0116403024537539,0.000434969847968497,0.00438174016638677,0.00679875173370714
"2020/05/05","CA",37411038,1258,187,63215,4190,446588.948667963,445557.775078855,447622.508746615,12127.3865447998,160775.649016924,253922.601888186,0.0119373578639535,0.0119097945124873,0.0119649850064736,0.000324166000013145,0.00429754579429002,0.00678737120013046
"2020/05/06","CA",37411038,1479,176,64694,4366,458907.188521364,457855.445982285,459961.347024647,12318.2398534004,158877.077436052,264378.267715896,0.0122666253879768,0.0122385122268536,0.0122948031280139,0.000329267524023269,0.00424679682600766,0.007066851973364
"2020/05/07","CA",37411038,1507,175,66201,4541,471348.763618059,470275.920737103,472424.053981007,12441.575096695,157760.358127318,260749.981118919,0.0125991896727928,0.012570512497865,0.0126279322691075,0.000332564284816023,0.00421694683070054,0.00696986758610972
"2020/05/08","CA",37411038,1473,156,67674,4697,481682.672288021,480592.514452834,482775.302995902,10333.9086699627,159818.419539492,251666.19725966,0.0128754158675849,0.0128462758625632,0.012904621972689,0.000276226194792102,0.00427195897476814,0.00672705732622708
"2020/05/09","CA",37411038,1244,126,68918,4823,487486.84513754,486388.211955283,488587.959866101,5804.17284951895,153396.561825788,237563.845443875,0.0130305618661942,0.013001195314476,0.013059994749841,0.000155145998609259,0.00410030221096213,0.00635010034856222
"2020/05/10","CA",37411038,1173,168,70091,4991,497219.399770704,496105.011347044,498336.291417533,9732.55463316379,152743.165554444,226683.285518362,0.0132907138200951,0.0132609261295301,0.0133205684220131,0.000260151953900979,0.00408283687703197,0.00605926212254154
"2020/05/11","CA",37411038,1173,124,71264,5115,502822.138246729,501699.400256778,503947.388778241,5602.73847602517,143361.037893647,217008.83859569,0.0134404754619941,0.0134104645868628,0.0134705534975598,0.000149761641898981,0.00383205186377471,0.00580066339233064
"2020/05/12","CA",37411038,1155,185,72419,5300,514572.035412891,513429.390318542,515717.223481671,11749.8971661619,142997.843380075,214541.92432758,0.0137545511411068,0.013724008147503,0.0137851621086181,0.000314075679112722,0.00382234364574633,0.00573472257913773
"2020/05/13","CA",37411038,1149,125,73568,5425,520739.14280413,519586.726111359,521894.115497983,6167.10739123932,127118.840466594,207150.737313389,0.0139193984086763,0.013888594219475,0.0139502709199885,0.000164847267569516,0.00339789664394219,0.0055371555665841
"2020/05/14","CA",37411038,1213,167,74781,5592,531691.957081556,530520.547472373,532865.953207849,10952.8142774258,127213.723741933,209827.704333027,0.0142121679992294,0.0141808561278725,0.0142435490083929,0.000292769590553081,0.00340043288138471,0.00560871110641268
"2020/05/15","CA",37411038,1178,87,75959,5679,535090.215518109,533913.737924066,536269.285477605,3398.25843655237,116901.326906149,200999.932206356,0.0143030037155908,0.0142715563765984,0.0143345203487165,9.08357163613681e-05,0.00312478169961894,0.00537274406035877
"2020/05/16","CA",37411038,1247,121,77206,5800,542470.753831678,541281.521551365,543662.598936112,7380.53831356904,108009.191708514,197994.519615418,0.0145002860875359,0.0144684978147723,0.0145321442012946,0.00019728237194512,0.00288709422359557,0.00529240914447275
"2020/05/17","CA",37411038,1126,103,78332,5903,547552.600683036,546355.046439786,548752.7798424,5081.84685135807,100963.652015073,188091.500329953,0.014636124255174,0.0146041135356839,0.0146682051388791,0.000135838167638066,0.00269876639122049,0.00502770065695459
"2020/05/18","CA",37411038,1079,57,79411,5960,548292.605715895,547094.790151539,549493.043791289,740.005032858928,89385.417194531,176718.413683078,0.0146559046481387,0.0146238869435149,0.0146879924526897,1.97803929647429e-05,0.00238927926016196,0.00472369715277823
"2020/05/19","CA",37411038,1082,68,80493,6028,550341.291823682,549140.677722218,551544.53088862,2048.68610778777,78992.5282056237,156720.989486146,0.0147106661895797,0.014678573679838,0.0147428288648024,5.47615414409985e-05,0.00211147651678694,0.00418916442484557
"2020/05/20","CA",37411038,1082,122,81575,6150,557548.672079202,556335.578697089,558764.410619399,7207.38025551918,75865.9997911802,153070.438739578,0.0149033200329593,0.0148708939510604,0.0149358168201427,0.000192653843379571,0.00202790416537441,0.00409158491511458
"2020/05/21","CA",37411038,1167,117,82742,6267,565071.208135486,563844.772472757,566300.31145518,7522.53605628444,77584.3629979457,146882.319523526,0.0151043980157804,0.015071615293667,0.0151372520445752,0.000201077982821125,0.00207383614958627,0.00392617599980857
"2020/05/22","CA",37411038,1205,93,83947,6360,570864.496054319,569627.775748721,572103.901406504,5793.28791883332,73645.0962836152,136402.933931156,0.0152592530593329,0.0152261954279034,0.0152923824622697,0.000154855043552476,0.00196853923923777,0.00364606119539255
"2020/05/23","CA",37411038,1204,106,85151,6466,577952.628982715,576703.161829165,579204.803192982,7088.13292839564,75130.4907359857,131363.680314752,0.0154487194122418,0.01541532105656,0.0154821901277634,0.000189466352908883,0.00200824395024767,0.00351136154828828
"2020/05/24","CA",37411038,955,68,86106,6534,580069.046366333,578816.537208641,581324.265846017,2116.4173836183,65497.0109534421,121161.85784497,0.0155052914160343,0.0154718117473416,0.0155388435318479,5.65720037925252e-05,0.00175074027492747,0.00323866602805754
"2020/05/25","CA",37411038,1013,121,87119,6655,587394.208653151,586128.796058114,588662.353188755,7325.16228681791,66655.0658490207,116045.445035093,0.0157010935824115,0.0156672690038195,0.0157349911859905,0.000195802166377151,0.00178169517373511,0.00310190390961867
"2020/05/26","CA",37411038,971,98,88090,6753,592540.034153168,591265.790250025,593817.024194429,5145.82550001668,60848.0770716117,110857.361865146,0.0158386419043804,0.0158045812642254,0.0158727759490242,0.000137548321968952,0.00162647390515098,0.00296322603679552
"2020/05/27","CA",37411038,899,123,88989,6876,599544.615766686,598258.151717465,600833.846163086,7004.58161351853,64454.4002485778,112057.770629146,0.0160258749240448,0.0159914876384201,0.016060336154348,0.000187233019664371,0.00172287120845398,0.00299531305785063
"2020/05/28","CA",37411038,987,106,89976,6982,605821.718703641,604524.148911222,607122.073640987,6277.10293695459,63350.9648719634,108602.318932937,0.0161936623812373,0.01615897823822,0.0162284209713985,0.000167787457192569,0.00169337629370143,0.00290294856114222
"2020/05/29","CA",37411038,933,81,90909,7063,609751.578383064,608447.307999319,611058.644606664,3929.85967942281,62198.9777000281,106929.440136335,0.0162987078407999,0.0162638445904473,0.0163336458241726,0.000105045459562571,0.00166258358562593,0.00285823237880581
"2020/05/30","CA",37411038,772,96,91681,7159,614071.819281912,612760.355356357,615386.090075785,4320.24089884839,65779.2135660176,99499.783869021,0.0164141882211852,0.016379132686892,0.0164493187832902,0.000115480380385286,0.00175828357304648,0.00265963708007837
"2020/05/31","CA",37411038,798,215,92479,7374,628894.416703273,627556.078658596,630235.608913151,14822.5974213608,78553.1248795906,108155.273899143,0.0168103974207632,0.0167746235391436,0.0168462475944439,0.000396209199577964,0.00209973123118344,0.00289099901208682
"2020/06/01","CA",37411038,809,30,93288,7404,628192.858935185,626856.473293959,629532.093596335,0,71345.7446240714,97202.4596217168,0.0167916447262218,0.0167559230325007,0.0168274425744705,0,0.00190707738780387,0.00259822942153374
"2020/06/02","CA",37411038,672,74,93960,7478,630550.189668324,629210.231759554,631893.001133991,954.215196962235,64777.4237647492,94758.4163821266,0.0168546563628714,0.0168188391821567,0.0168905498193873,2.55062475668875e-05,0.00173150565254964,0.00253289995273926
"2020/06/03","CA",37411038,681,101,94641,7579,635464.355102151,634115.972323872,636815.60507854,5615.72320191609,64599.859047832,92993.6012704737,0.0169860123929775,0.0169499700148355,0.0170221314115513,0.000150108724647418,0.00172675933364458,0.00248572630544156
"2020/06/04","CA",37411038,628,138,95269,7717,643327.623136643,641965.335312031,644692.801815348,7863.26803449169,65374.994153928,95775.0224536073,0.0171961981684829,0.0171597841073544,0.0172326895023695,0.000210185775505392,0.00174747875624109,0.00256007391330888
"2020/06/05","CA",37411038,678,61,95947,7778,645335.161420507,643969.72571017,646703.492320795,2007.53828386369,65266.1150541734,97042.5557046121,0.017249859825341,0.0172133616209786,0.0172864354183595,5.36616568581627e-05,0.00174456840930672,0.0025939551772023
"2020/06/06","CA",37411038,528,72,96475,7850,647496.537380216,646127.851068128,648868.122967142,2161.37595970905,60102.3287270645,97155.2455565333,0.0173076335754227,0.0172710484822188,0.0173442961664721,5.77737500817019e-05,0.00160653999301127,0.00259696738584301
"2020/06/07","CA",37411038,703,27,97178,7877,647372.513839321,646004.480937837,648743.443801236,0,54956.5032270479,89947.8653010142,0.0173043184163808,0.0172677507888938,0.0173409634825218,0,0.00146899167104232,0.00240431354246343
"2020/06/08","CA",37411038,601,33,97779,7910,647314.605320664,645947.211916465,648684.893334031,0,47951.9216135293,82425.3292447297,0.0173027705171042,0.0172662199834302,0.0173393984239098,0,0.00128175865137795,0.00220323555964231
"2020/06/09","CA",37411038,462,60,98241,7970,648759.264522478,647389.880589405,650131.545029025,956.771541815368,42631.5902183901,77588.8128677118,0.0173413863716499,0.0173047826309819,0.0173780675379556,2.55745788666801e-05,0.00113954577305206,0.00207395509495651
"2020/06/10","CA",37411038,479,68,98720,8038,651170.925014692,649797.662637778,652547.089602038,2717.61609266046,41419.3466316278,73218.2960319766,0.0174058502470499,0.0173691428352717,0.017442635235142,7.26420927604432e-05,0.00110714240624994,0.00195713083480807
"2020/06/11","CA",37411038,439,33,99159,8071,650713.549831509,649341.766964236,652088.230692304,0,37099.1057327794,71101.8786483583,0.0173936245722856,0.017356956707917,0.0174303699002499,0,0.000991662025864649,0.00190055883101555
"2020/06/12","CA",37411038,436,54,99595,8125,652167.944282467,650794.019994129,653544.769132107,539.644084592466,22816.152396011,64316.3604461328,0.0174325006508097,0.0173957755460869,0.0174693032877652,1.44247289955565e-05,0.000609877555282242,0.00171918139363395
"2020/06/13","CA",37411038,448,58,100043,8183,654247.514283504,652870.205954604,655627.728210203,2536.94518422044,25353.0975802315,61707.4801303366,0.0174880877211561,0.0174512721607618,0.017524980948409,6.78127451106928e-05,0.000677690300392935,0.0016494458167757
"2020/06/14","CA",37411038,361,35,100404,8218,654139.467744558,652762.939761318,655518.898510988,0,24398.8823832693,54702.8985168181,0.0174851996286379,0.0174484049269448,0.0175220719219549,0,0.000652184052826047,0.00146221279711132
"2020/06/15","CA",37411038,359,10,100763,8228,652254.536367582,650882.057053831,653629.909753225,0,18783.1591813532,48425.7955798635,0.0174348152640828,0.0173981287836448,0.017471579103291,0,0.000502075328178629,0.00129442533991876
"2020/06/16","CA",37411038,324,43,101087,8271,652980.199725554,651606.899413135,654356.394350094,0,10919.8911468615,44495.9359004407,0.0174542123029453,0.0174175038771481,0.0174909980939341,0,0.000291889552673237,0.00118937988035618
"2020/06/17","CA",37411038,404,41,101491,8312,654270.687843247,652895.340983057,655648.931919678,0,8912.3528629978,40175.6950015923,0.017488707152238,0.0174519440220573,0.0175255477252376,0,0.000238227895815075,0.0010738994999709
"2020/06/18","CA",37411038,386,49,101877,8361,656263.968740922,654885.245948474,657645.594143484,0,6750.97690328874,25353.0975802315,0.0175419877080375,0.0175051343389209,0.0175789186641516,0,0.000180454145733373,0.000677690300392935
"2020/06/19","CA",37411038,437,47,102314,8408,658589.398455543,657206.564776811,659975.141765866,3013.17317637883,9764.15007966757,28366.2707566103,0.0176041466279429,0.0175671833745113,0.0176411876560566,8.05423569476695e-05,0.000260996502681042,0.000758232657340604
"2020/06/20","CA",37411038,448,58,102762,8466,661979.926826681,660590.945762237,663371.828410109,4719.23936679808,14483.3894464656,32131.2949264462,0.0176947757190453,0.0176576481455082,0.0177319813582855,0.000126145640941534,0.000387142143622576,0.00085887205071525
"2020/06/21","CA",37411038,316,16,103078,8482,661346.708700332,659959.264374974,662737.069875048,0,13526.6179046503,26515.5717245301,0.0176778497485243,0.0176407632521443,0.0177150142125179,0,0.000361567564755896,0.000708763326067833
"2020/06/22","CA",37411038,340,12,103418,8494,660664.891889574,659279.016040691,662053.680999492,0,10809.0018119898,18652.3036900384,0.0176596247313313,0.0176225801604513,0.0176967471739087,0,0.000288925471995453,0.000498577550562441
"2020/06/23","CA",37411038,349,18,103767,8512,660624.040149319,659238.497484961,662012.49485307,0,10809.0018119898,16644.7654061747,0.0176585327610883,0.017621497096257,0.0176956462649625,0,0.000288925471995453,0.000444915893704278
"2020/06/24","CA",37411038,320,32,104087,8544,661597.403837692,660210.317646566,662987.404263949,0,10269.3577273973,14483.3894464656,0.0176845508493427,0.017647473925919,0.0177217056705016,0,0.000274500742999896,0.000387142143622576
"2020/06/25","CA",37411038,376,23,104463,8567,662336.36118522,660948.064183992,663727.574253031,0,7732.41254317691,14483.3894464656,0.0177043032375958,0.0176671939491225,0.0177414904727592,0,0.000206687997889203,0.000387142143622576
"2020/06/26","CA",37411038,166,4,104629,8571,660381.469808249,658997.274781956,661768.572275808,0,7732.41254317691,14483.3894464656,0.0176520488367163,0.0176150491943569,0.0176891261952103,0,0.000206687997889203,0.000387142143622576
"2020/06/27","CA",37411038,249,5,104878,8576,659143.256972142,657761.681800835,660527.734030266,0,7732.41254317691,13526.6179046503,0.0176189513098284,0.0175820216963997,0.0176559584909209,0,0.000206687997889203,0.000361567564755896
"2020/06/28","CA",37411038,315,6,105193,8582,658528.327464206,657148.086010104,659911.467909437,0,7732.41254317691,10809.0018119898,0.0176025141955218,0.0175656202324593,0.0176394856488461,0,0.000206687997889203,0.000288925471995453
"2020/06/29","CA",37411038,637,46,105830,8628,663116.343883297,661727.233956329,664508.36985526,0,7732.41254317691,10809.0018119898,0.0177251522367088,0.0176880212186662,0.0177623612008643,0,0.000206687997889203,0.000288925471995453
"2020/06/30","CA",37411038,267,22,106097,8650,663602.705224397,662212.902859413,664995.424401489,0,7732.41254317691,10269.3577273973,0.0177381527137632,0.0177010031867978,0.0177753802073465,0,0.000206687997889203,0.000274500742999896
"2020/07/01","CA",37411038,191,28,106288,8678,664088.323813634,662697.933272,665481.631500111,0,4719.23936679808,7732.41254317691,0.0177511333370016,0.0177139680880279,0.0177883765614873,0,0.000126145640941534,0.000206687997889203
"2020/07/02","CA",37411038,355,22,106643,8700,665184.644919371,663792.283788814,666579.926646574,0,3.41060513164848e-13,7732.41254317691,0.0177804380867318,0.0177432201637606,0.017817734077482,0,9.11657444962762e-21,0.000206687997889203
"2020/07/03","CA",37411038,319,22,106962,8722,666122.7622552,664728.76248594,667519.685375256,998.191355774296,998.191355774296,8730.6038989512,0.0178055140371994,0.0177682523132863,0.0178428539025102,2.66817337646257e-05,2.66817337646257e-05,0.000233369731653829
"2020/07/04","CA",37411038,223,10,107185,8732,665605.275874634,664212.478624505,667000.993702504,2627.15769217873,3625.34904795303,11357.7615911299,0.0177916815853822,0.0177544520049004,0.0178289892331377,7.02241325722835e-05,9.69058663369092e-05,0.000303593864226112
"2020/07/05","CA",37411038,209,7,107394,8739,664836.354014328,663445.235385651,666230.389554507,0,3625.34904795303,11357.7615911299,0.0177711282433363,0.0177339435325385,0.017808390923409,0,9.69058663369092e-05,0.000303593864226112
"2020/07/06","CA",37411038,421,9,107815,8748,665608.269965683,664215.641334865,667003.81845322,0,3625.34904795303,11357.7615911299,0.0177917616176724,0.0177545365443981,0.0178290647389474,0,9.69058663369092e-05,0.000303593864226112
"2020/07/07","CA",37411038,208,17,108023,8765,665737.402570371,664344.745941922,667132.978605493,0,3625.34904795303,8344.58841475111,0.017795213342393,0.0177579875207398,0.0178325172000171,0,9.69058663369092e-05,0.000223051507278443
"2020/07/08","CA",37411038,311,21,108334,8786,666849.629331542,665454.956190165,668247.225455388,610.552383385133,4235.90143133816,4235.90143133816,0.017824943251549,0.017787663528346,0.0178623011063042,1.63201134217429e-05,0.000113225979758652,0.000113225979758652
"2020/07/09","CA",37411038,322,11,108656,8797,667318.440838399,665922.928711441,668716.877409031,1102.6125803797,5338.51401171787,5338.51401171787,0.0178374746201482,0.0178001724707943,0.0178748549401124,2.94729213442221e-05,0.000142698901102874,0.000142698901102874
"2020/07/10","CA",37411038,328,14,108984,8811,668088.695104524,666691.764830547,669488.552389594,770.254266125266,6108.76827784313,6108.76827784313,0.0178580635775068,0.0178207235209712,0.0178954818732801,2.05889573586615e-05,0.000163287858461536,0.000163287858461536
"2020/07/11","CA",37411038,166,7,109150,8818,667362.682074142,665967.344877276,668760.942786565,0,6108.76827784313,6108.76827784313,0.0178386571918732,0.0178013597184145,0.0178760328111336,0,0.000163287858461536,0.000163287858461536
"2020/07/12","CA",37411038,198,11,109348,8829,667171.593841054,665776.798871482,668569.310890535,0,6108.76827784313,6108.76827784313,0.017833549388313,0.0177962664086327,0.01787091047542,0,0.000163287858461536,0.000163287858461536
"2020/07/13","CA",37411038,636,7,109984,8836,669404.132595592,668004.747267681,670806.449458502,0,6108.76827784313,6108.76827784313,0.01789322532552,0.0178558196451989,0.0179307093660032,0,0.000163287858461536,0.000163287858461536
"2020/07/14","CA",37411038,366,9,110350,8845,670163.424643202,668762.563059861,671567.220621026,1747.05273589259,7855.82101373572,7855.82101373572,0.0179135212619121,0.0178760761211667,0.0179510448392537,4.6698857590976e-05,0.000209986716052512,0.000209986716052512
"2020/07/15","CA",37411038,343,12,110693,8857,670973.358290511,669570.96430474,672378.689543572,1137.6104500941,7995.24010805553,8993.43146382982,0.0179351708522632,0.0178976847502798,0.0179727354676332,3.04084171653858e-05,0.000213713399453272,0.000240395133217897
"2020/07/16","CA",37411038,451,18,111144,8875,672856.238673424,671450.169827384,674265.251936918,1882.8803829127,7250.96279878949,10876.3118467425,0.017985500393585,0.0179479160622965,0.0180231634293846,5.03295413218072e-05,0.000193818808202795,0.000290724674539705
"2020/07/17","CA",37411038,415,9,111559,8884,673804.670746269,672396.729074677,675215.560528203,948.432072845288,8199.39487163478,11824.7439195878,0.0180108520577876,0.0179732176657241,0.0180485652530732,2.5351664202562e-05,0.000219170472405357,0.000316076338742267
"2020/07/18","CA",37411038,316,8,111875,8892,674038.780202895,672630.441109112,675450.068046662,234.109456625883,8433.50432826066,12058.8533762137,0.0180171098220502,0.0179794648068603,0.0180548336575602,6.25776426267252e-06,0.00022542823666803,0.000322334103004939
"2020/07/19","CA",37411038,293,4,112168,8896,673802.978342497,672395.156547537,675213.747752691,0,8433.50432826066,12058.8533762137,0.0180108068197011,0.0179731756319495,0.0180485167974407,0,0.00022542823666803,0.000322334103004939
"2020/07/20","CA",37411038,770,6,112938,8902,676573.89222628,675160.339207608,677990.404737713,2299.31016298686,10122.2621078624,14358.1635392006,0.018084873566627,0.018047089182813,0.0181227370579163,6.14607422276511e-05,0.000270568865473938,0.00038379484523259
"2020/07/21","CA",37411038,535,6,113473,8908,677896.754750555,676480.495943265,679315.978593823,1558.66438467288,10578.3139121556,14918.6365680991,0.0181202337863642,0.0180823770766068,0.0181581697517675,4.16632220862967e-05,0.000282759166216013,0.000398776333554261
"2020/07/22","CA",37411038,317,5,113790,8913,677747.597583517,676331.690090451,679166.469293785,0,9808.05964603031,12291.4788759204,0.0181162468035107,0.0180783994844102,0.018154173356371,0,0.000262170208857351,0.000328552200981978
"2020/07/23","CA",37411038,608,6,114398,8919,679328.611639139,677909.456556708,680750.737621487,1282.69972154708,11090.7593675774,13574.1785974675,0.0181585074340664,0.0181205733066457,0.0181965209738764,3.42866648486759e-05,0.000296456873706027,0.000362838865830654
"2020/07/24","CA",37411038,717,4,115115,8923,681341.238510924,679917.900301937,682767.556332091,2161.78403882228,13252.5434063997,15735.9626362898,0.0182123051092815,0.0181742591665577,0.0182504306972742,5.77846580686236e-05,0.000354241531774651,0.000420623523899277
"2020/07/25","CA",37411038,355,6,115470,8929,681273.223107674,679850.080395393,682699.344910842,0,13252.5434063997,15735.9626362898,0.0182104870521816,0.0181724463351002,0.0182486074005977,0,0.000354241531774651,0.000420623523899277
"2020/07/26","CA",37411038,319,5,115789,8934,680831.917396946,679409.731929469,682257.079877275,0,11505.4906705071,15125.4102529046,0.018198690915685,0.0181606757858327,0.0182367856213259,0,0.000307542674183675,0.000404303410477534
"2020/07/27","CA",37411038,682,11,116471,8945,682949.834842609,681523.360737173,684379.294654023,1031.25981445564,11399.1400348686,15054.0574869806,0.0182553030162544,0.0182171732507709,0.0182935125898946,2.7565656276515e-05,0.000304699913294804,0.000402396145409827
"2020/07/28","CA",37411038,400,12,116871,8957,683469.213608531,682041.806520282,684899.608037111,1096.7152831516,10612.9749351075,15380.5185040069,0.0182691860516816,0.0182310313474938,0.0183074206077124,2.93152861236194e-05,0.000283685658096616,0.000411122474174785
"2020/07/29","CA",37411038,486,5,117357,8962,683921.369818123,682493.053064781,685352.675742914,452.156209592009,10116.6990718542,15832.6747135989,0.0182812722228697,0.0182430932032621,0.0183195311432662,1.20861711880865e-05,0.000270420165082141,0.000423208645362872
"2020/07/30","CA",37411038,320,12,117677,8974,683921.312879107,682493.147237831,685352.46705896,0,9882.58961522835,15832.6747135989,0.0182812707008853,0.0182430957205152,0.0183195255651276,0,0.000264162400819468,0.000423208645362872
"2020/07/31","CA",37411038,604,6,118281,8980,685112.587479212,683681.985588371,686546.182898936,1191.16072207247,11073.7503373008,17023.8354356714,0.0183131135650182,0.0182748734635048,0.018351433683795,3.18398201641042e-05,0.000296002220983572,0.000455048465526976
"2020/08/01","CA",37411038,242,6,118523,8986,684213.477931921,682784.805161594,685645.140086121,0,8774.44017431396,15276.7826997788,0.0182890802958186,0.0182508917598489,0.0183273487382553,0,0.000234541478755921,0.000408349607936
"2020/08/02","CA",37411038,245,4,118768,8990,683192.513299593,681765.991133811,684622.020309905,0,7215.77578964108,14139.1722496847,0.0182617898305733,0.0182236587804329,0.0183000006658437,0,0.000192878256669625,0.000377941190770614
"2020/08/03","CA",37411038,205,5,118973,8995,682075.592859138,680651.439334365,683502.726195816,0,7215.77578964108,12256.291866772,0.0182319344589995,0.0181938667228203,0.0182700818457862,0,0.000192878256669625,0.000327611649448807
"2020/08/04","CA",37411038,686,10,119659,9005,684178.790628144,682750.366447306,685610.203303373,0,5933.076068094,11307.8597939267,0.0182881531014495,0.0182499712102964,0.0183264148752936,0,0.000158591591820949,0.000302259985246245
"2020/08/05","CA",37411038,374,5,120033,9010,684173.395502465,682745.021955856,685604.757354991,0,3771.29202927172,11073.7503373008,0.018288008889314,0.0182498283516179,0.0183262693046633,0,0.000100806933752325,0.000296002220983572
"2020/08/06","CA",37411038,354,3,120387,9013,683906.449095597,682478.639515601,685337.245787685,0,3771.29202927172,11073.7503373008,0.0182808733907783,0.0182427079279543,0.0183191186993444,0,0.000100806933752325,0.000296002220983572
"2020/08/07","CA",37411038,516,4,120903,9017,684641.309197959,683211.988942818,686073.619676376,0,3771.29202927172,8774.44017431396,0.0183005162593446,0.0182623104160547,0.0183388020315388,0,0.000100806933752325,0.000234541478755921
"2020/08/08","CA",37411038,245,7,121148,9024,684074.122580051,682646.059485245,685505.173114944,0,2740.03221481608,7215.77578964108,0.0182853553162586,0.0182471830769637,0.0183236074100629,0,7.32412774758102e-05,0.000192878256669625
"2020/08/09","CA",37411038,219,4,121367,9028,683144.507694905,681718.409358812,684573.589310365,0,1643.31693166448,7215.77578964108,0.0182605066369692,0.0182223869158298,0.0182987061014015,0,4.39259913521907e-05,0.000192878256669625
"2020/08/10","CA",37411038,686,6,122053,9034,685036.816901247,683606.826122905,686469.798980361,0,1191.16072207247,5933.076068094,0.0183110882114858,0.0182728644450578,0.0183493919356197,0,3.18398201641042e-05,0.000158591591820949
"2020/08/11","CA",37411038,336,4,122389,9038,684838.755818764,683409.204173084,686271.29779278,0,1191.16072207247,3771.29202927172,0.0183057940231106,0.0182675819947333,0.0183440859832005,0,3.18398201641042e-05,0.000100806933752325
"2020/08/12","CA",37411038,314,14,122703,9052,685264.053169484,683833.803229738,686697.294501116,0,3.41060513164848e-13,3771.29202927172,0.0183171622548801,0.0182789315610472,0.0183554729088542,0,9.11657444962762e-21,0.000100806933752325
"2020/08/13","CA",37411038,477,11,123180,9063,686376.343798444,684943.912778312,687811.770477912,0,3.41060513164848e-13,3771.29202927172,0.0183468938712271,0.0183086048769433,0.0183852629397215,0,9.11657444962762e-21,0.000100806933752325
"2020/08/14","CA",37411038,425,5,123605,9068,686753.095559724,685319.920780179,688189.267464971,0,3.41060513164848e-13,2740.03221481608,0.0183569644755573,0.0183186556005257,0.0183953534639956,0,9.11657444962762e-21,7.32412774758101e-05
"2020/08/15","CA",37411038,220,4,123825,9072,685913.829052676,684482.431959796,687348.219498696,0,3.41060513164848e-13,1643.31693166448,0.018334530815549,0.0182962694582224,0.0183728721854415,0,9.11657444962762e-21,4.39259913521907e-05
"2020/08/16","CA",37411038,179,2,124004,9074,684713.391382578,683284.493482208,686145.277422193,0,3.41060513164848e-13,1191.16072207247,0.0183024430218316,0.0182642484681181,0.0183407174487431,0,9.11657444962762e-21,3.18398201641042e-05
"2020/08/17","CA",37411038,214,1,124218,9075,683688.34787546,682261.567925205,685118.111580221,0,3.41060513164848e-13,1191.16072207247,0.0182750435279412,0.0182369055872014,0.0183132612246744,0,9.11657444962762e-21,3.18398201641042e-05
"2020/08/18","CA",37411038,866,15,125084,9090,687382.790053538,685948.508644342,688820.070467959,0,3.41060513164848e-13,1.13686837721616e-13,0.0183737962591024,0.0183354578037728,0.0184122148780785,0,9.11657444962762e-21,3.03885814987587e-21
"2020/08/19","CA",37411038,324,5,125408,9095,687365.720746075,685931.520909615,688802.919320904,0,3.41060513164848e-13,1.13686837721616e-13,0.018373339995166,0.0183350037202821,0.0184117564265633,0,9.11657444962762e-21,3.03885814987587e-21
"2020/08/20","CA",37411038,217,2,125625,9097,686493.72970007,685061.345827806,687929.10852099,0,3.41060513164848e-13,1.13686837721616e-13,0.0183500316056472,0.0183117438716297,0.0183883993948789,0,9.11657444962762e-21,3.03885814987587e-21
"2020/08/21","CA",37411038,694,13,126319,9110,689044.389625815,687606.859152543,690484.925441215,0,3.41060513164848e-13,1.13686837721616e-13,0.0184182109468819,0.018379785643813,0.0184567165829832,0,9.11657444962762e-21,3.03885814987587e-21
"2020/08/22","CA",37411038,241,7,126560,9117,688658.97112832,687222.32232849,690098.62326449,2654.72171765962,2654.72171765962,2654.72171765962,0.0184079086800083,0.0183695069441401,0.018446390695294,7.09609211500525e-05,7.09609211500525e-05,7.09609211500525e-05
"2020/08/23","CA",37411038,257,2,126817,9119,687958.044048124,686522.853739727,689396.23465172,190.791790268966,2845.51350792858,2845.51350792858,0.0183891728438041,0.0183508100935271,0.0184276157922087,5.09987962025983e-06,7.60608007703123e-05,7.60608007703123e-05
"2020/08/24","CA",37411038,777,10,127594,9129,690690.012469374,689249.249179706,692133.787440025,2731.96842124953,5577.48192917812,5577.48192917812,0.0184621985754411,0.0184236868589347,0.0185007907944181,7.3025731636998e-05,0.00014908653240731,0.00014908653240731
"2020/08/25","CA",37411038,309,7,127903,9136,690652.773865587,689212.165928731,692096.392995992,0,5577.48192917812,5577.48192917812,0.0184612031846213,0.0184226956207077,0.0184997912379761,0,0.00014908653240731,0.00014908653240731
"2020/08/26","CA",37411038,477,5,128380,9141,691328.009120275,689886.037467644,692772.994723232,600.758047114476,6178.23997629259,6178.23997629259,0.0184792522763008,0.0184407082601569,0.0185178768555749,1.6058310039793e-05,0.000165144842447103,0.000165144842447103
"2020/08/27","CA",37411038,456,7,128836,9148,692013.735746527,690570.410642393,693460.077468987,722.965230038622,6901.20520633121,6901.20520633121,0.0184975818031707,0.0184590016091613,0.0185362426316262,1.93249176897637e-05,0.000184469760136867,0.000184469760136867
"2020/08/28","CA",37411038,506,7,129342,9155,692941.006550452,691495.824013764,694389.209427237,927.270803925116,7828.47601025633,7828.47601025633,0.018522367824984,0.0184837379816557,0.0185610784022415,2.47860218132711e-05,0.000209255781950138,0.000209255781950138
"2020/08/29","CA",37411038,297,6,129639,9161,692645.387860188,691200.881884083,694092.912636717,0,7828.47601025633,7828.47601025633,0.0185144659140489,0.0184758541552384,0.0185531583656331,0,0.000209255781950138,0.000209255781950138
"2020/08/30","CA",37411038,249,3,129888,9164,691854.439371817,690411.594402809,693300.29964593,0,7828.47601025633,7828.47601025633,0.0184933237984954,0.0184547564385358,0.0185319717577986,0,0.000209255781950138,0.000209255781950138
"2020/08/31","CA",37411038,1030,9,130918,9173,695692.811472484,694242.070887226,697146.583634673,1369.61905313353,9198.09506338986,9198.09506338986,0.0185959237878533,0.0185571453774479,0.0186347832325495,3.6610025445793e-05,0.000245865807395931,0.000245865807395931
"2020/09/01","CA",37411038,504,6,131422,9179,696484.495567333,695032.164699962,697939.861207849,2173.86996374722,11371.9650271371,11371.9650271371,0.018617085566226,0.0185782646474541,0.0186559876047237,5.81077157962636e-05,0.000303973523192195,0.000303973523192195
"2020/09/02","CA",37411038,519,3,131941,9182,697033.314301007,695579.849771399,698489.815950135,548.818733674241,11920.7837608113,11920.7837608113,0.018631755534316,0.018592904312663,0.0186706879384137,1.46699680900124e-05,0.000318643491282207,0.000318643491282207
"2020/09/03","CA",37411038,586,7,132527,9189,698157.464160165,696701.730055207,699616.239971053,1124.14985915739,10390.2119023091,13044.9336199687,0.0186618041488227,0.0186228922612414,0.0187007973414438,3.0048614506697e-05,0.000277731184638852,0.000348692105788904
"2020/09/04","CA",37411038,614,1,133141,9190,698905.078930459,697447.762599053,700365.440322733,747.614770294167,10947.0348823343,13792.5483902629,0.01868178795067,0.0186428337700508,0.0187208235260068,1.99838018473095e-05,0.000292615106865901,0.000368675907636214
"2020/09/05","CA",37411038,370,2,133511,9192,698384.95851054,696928.718879347,699844.240969221,0,8215.06646108476,13792.5483902629,0.0186678850907729,0.0186289596904354,0.0187068918261295,0,0.000219589375228903,0.000368675907636214
"2020/09/06","CA",37411038,379,2,133890,9194,697872.736083036,696417.556310947,699330.956485205,0,8215.06646108476,13792.5483902629,0.0186541933448368,0.0186152962746168,0.0186931716913389,0,0.000219589375228903,0.000368675907636214
"2020/09/07","CA",37411038,405,2,134295,9196,697499.170236885,696044.761503232,698956.618006073,0,7614.30841397028,13792.5483902629,0.0186442079002696,0.0186053314399679,0.0186831655942311,0,0.00020353106518911,0.000368675907636214
"2020/09/08","CA",37411038,1462,7,135757,9203,703005.840288294,701540.023046264,704474.720249651,1142.38939692045,8033.73258085211,14934.9377871833,0.0187914016255923,0.0187522202149607,0.0188306649029533,3.05361587914361e-05,0.000214742306290783,0.00039921206642765
"2020/09/09","CA",37411038,378,1,136135,9204,702372.245348895,700907.72506353,703839.825694221,2324.77702151542,9431.23879844241,14604.9930910391,0.0187744655828286,0.0187353188399512,0.0188136941213505,6.21414733671762e-05,0.000252097757844688,0.000390392618644773
"2020/09/10","CA",37411038,821,9,136956,9213,704487.503514939,703018.676562249,705959.39930874,2115.25816604437,11546.4969644868,16529.4594668145,0.0188310066006439,0.0187917447402087,0.0188703504914443,5.65410178152333e-05,0.000308638775659921,0.000441833756839747
"2020/09/11","CA",37411038,720,1,137676,9214,705357.316783579,703886.648920857,706831.05739099,869.813268639613,12416.3102331264,14667.3043142046,0.0188542567780017,0.018814945709896,0.0188936499808155,2.32501773578058e-05,0.000331888953017727,0.000392058202560555
"2020/09/12","CA",37411038,488,6,138164,9220,705315.216226035,703844.688686106,706788.816107462,0,11046.6911799929,14667.3043142046,0.018853131426774,0.0188138241095076,0.0188925208679712,0,0.000295278927571934,0.000392058202560555
"2020/09/13","CA",37411038,476,0,138640,9220,704683.221707352,703213.966239561,706155.546954376,0,8872.82121624565,14066.5462670901,0.0188362381633825,0.0187969648487049,0.0188755935335014,0,0.00023717121177567,0.000375999892520762
"2020/09/14","CA",37411038,1458,9,140098,9229,709696.789546388,708217.181917141,711179.488372505,3623.27712903928,11947.2796116107,16966.8581660908,0.0189702512276293,0.0189307011988585,0.0190098838843366,9.68504837807303e-05,0.000319351727466388,0.000453525458611728
"2020/09/15","CA",37411038,802,10,140900,9239,711379.023775011,709896.025554532,712865.120031883,2398.42986239342,13221.5596148467,18438.0172245591,0.0190152174814025,0.0189755768218602,0.0190549409517021,6.41102196200334e-05,0.000353413332579725,0.000492849656418491
"2020/09/16","CA",37411038,952,5,141852,9244,713262.805342238,711775.913144375,714752.80364185,1883.7815672271,14357.7264117796,20321.7987917862,0.0190655711114521,0.0190258263655869,0.0191053988836624,5.03536300496954e-05,0.00038378316078211,0.000543203286468186
"2020/09/17","CA",37411038,1027,5,142879,9249,715355.046197741,713863.823661795,716849.383816112,2092.24085550231,16449.967267282,22414.0396472885,0.019121496874739,0.0190816363785949,0.0191614406372823,5.59257632868223e-05,0.000439708924068933,0.000599129049755008
"2020/09/18","CA",37411038,1174,7,144053,9256,718165.852340486,716668.832789264,719665.998953238,2810.80614274542,19260.7734100274,23855.2267369004,0.0191966299448972,0.019156614494077,0.019236728982319,7.5133070158209e-05,0.000514841994227142,0.000637652094467424
"2020/09/19","CA",37411038,554,6,144607,9262,717631.684229213,716135.821927654,719130.671083346,0,19260.7734100274,21681.3567731532,0.0191823515891009,0.0191423670716555,0.0192224196260832,0,0.000514841994227142,0.000579544378671161
"2020/09/20","CA",37411038,1143,5,145750,9267,719797.889497659,718297.537838589,721301.375032292,1097.86904589972,19216.2530590066,22230.4070853787,0.0192402544269865,0.0192001499086603,0.0192804427140539,2.93461262929865e-05,0.000513651961728692,0.000594220536874135
"2020/09/21","CA",37411038,1833,12,147583,9279,725794.689111018,724281.978598034,727310.559019325,6530.96772463201,23422.4437621232,27637.2249508533,0.0194005493542044,0.0193601144827373,0.0194410686765581,0.000174573283014281,0.000626083771375797,0.000738745205381718
"2020/09/22","CA",37411038,1272,7,148855,9286,728431.893290786,726913.742691886,729953.214528933,2637.20417976857,23944.3897758474,29526.8143603277,0.0194710420301833,0.01943046174479,0.0195117070670141,7.04926759789067e-05,0.00064003542953947,0.000789254079513316
"2020/09/23","CA",37411038,1084,8,149939,9294,729940.898918392,728419.673095908,731465.301656724,1509.0056276056,24583.5821348134,31035.8199879333,0.0195113778697718,0.0194707153834092,0.0195521252753458,4.03358395884551e-05,0.000657121091770119,0.000829589919101771
"2020/09/24","CA",37411038,1148,3,151087,9297,731120.116449853,729596.417476448,732646.997536693,1179.21753146139,25762.7996662748,32215.0375193947,0.0195428984475077,0.0195021698536258,0.0195837120995331,3.15205777359448e-05,0.000688641669506064,0.000861110496837716
"2020/09/25","CA",37411038,1630,9,152717,9306,734903.708017968,733372.206066696,736438.40820638,3783.59156811459,29546.3912343894,35998.6290875092,0.0196440341489046,0.0196030969808081,0.0196850568061325,0.00010113570139686,0.000789777370902924,0.000962246198234575
"2020/09/26","CA",37411038,1053,7,153770,9313,735557.391058066,734024.574151642,737093.408848699,653.683040097822,26576.7971454479,35509.9227306866,0.0196615071481862,0.0196205348312346,0.0197025650250255,1.74729992815976e-05,0.000710399886403792,0.000949183038724737
"2020/09/27","CA",37411038,1658,5,155428,9318,738743.74034891,737204.29591425,740286.399481558,3186.34929084417,27364.7165738987,36371.4950000154,0.0197466785163488,0.0197055290450442,0.0197879139167846,8.51713681626308e-05,0.000731461034946389,0.000972212933520192
"2020/09/28","CA",37411038,1791,10,157219,9328,742753.192961261,741205.487951889,744304.12972058,4009.45261235139,29490.387619023,38265.6894463224,0.0198538515012939,0.0198124812241748,0.0198953081633442,0.000107172984945015,0.000788280389841709,0.00102284490064997
"2020/09/29","CA",37411038,1772,12,158991,9340,746569.749432226,745014.217919534,748128.528773253,3816.55647096469,31214.7032344854,41212.4326486475,0.0199558683571471,0.0199142888769762,0.0199975346520258,0.000102016855853203,0.000834371482408089,0.00110161157914537
"2020/09/30","CA",37411038,2116,6,161107,9346,751201.58450148,749636.425246969,752770.011638141,4631.83506925427,33035.7321609942,45844.2677179017,0.0200796776743131,0.0200378408438432,0.020121601855531,0.00012380931716608,0.00088304772941596,0.00122542089631145
"2020/10/01","CA",37411038,1823,22,162930,9368,755394.540210131,753820.934593231,756971.430737974,4192.95570865017,37228.6878696444,50037.2234265519,0.020191755711513,0.0201496931091094,0.0202339061198455,0.000112078037199881,0.000995125766615841,0.00133749893351133
"2020/10/02","CA",37411038,2124,98,165054,9466,766762.822867751,765167.106840959,768361.866676952,11368.2826576204,47499.101481365,57782.228955133,0.0204956308046772,0.0204529771892712,0.0205383733719698,0.000303875093164226,0.00126965473348708,0.00154452354289483
"2020/10/03","CA",37411038,1306,22,166360,9488,767849.348858526,766251.65049662,769450.378554275,1086.52599077509,42054.6597475081,56470.3250835147,0.020524673730211,0.0204819671268309,0.0205674693804079,2.90429255337713e-05,0.00112412437600657,0.00150945624880856
"2020/10/04","CA",37411038,2141,45,168501,9533,774362.525879687,772751.937005895,775976.471583008,6513.17702116095,45930.6325889005,61099.7205374485,0.0206987714663166,0.0206557202985358,0.0207419123624158,0.00017409773610561,0.00122772943613327,0.00163320035486448
"2020/10/05","CA",37411038,2883,27,171384,9560,782562.758928614,780935.474110906,784193.43462299,8200.23304892739,52621.8600102223,67207.7127308736,0.0209179643432672,0.0208744668915871,0.0209615524333484,0.000219192876950578,0.0014065864734954,0.00179646746852824
"2020/10/06","CA",37411038,2372,22,173756,9582,787650.339132437,786012.748382422,789291.341663584,5087.58020382258,56530.2226825835,69484.4867919508,0.0210539557638694,0.0210101828338049,0.021097819891113,0.000135991420602192,0.00151105731636164,0.00185732581897222
"2020/10/07","CA",37411038,1624,11,175380,9593,788008.763229796,786370.511634774,789650.427806674,358.424097359064,53105.055211828,69842.9108893098,0.0210635364682957,0.021019745873792,0.021107418292074,9.58070442629964e-06,0.00141950231939108,0.00186690652339852
"2020/10/08","CA",37411038,2350,16,177730,9609,791678.014667719,790032.300668422,793327.156849086,3669.25143792294,56120.6236096531,72414.2932813331,0.0211616158489834,0.0211176257838241,0.0212056975497201,9.80793806876714e-05,0.00150010870079716,0.0019356397777932
"2020/10/09","CA",37411038,2895,29,180625,9638,798544.709970896,796885.106121147,800207.770134382,6866.69530317723,59800.9696219862,72750.0208598783,0.0213451631566838,0.021300801814725,0.0213896168861816,0.000183547307700397,0.00159848464033492,0.00194461380247932
"2020/10/10","CA",37411038,2142,23,182767,9661,801248.345682018,799583.403538127,802916.754671682,2703.63571112207,58495.1527207568,72816.4523912318,0.0214174315527417,0.021372927517759,0.0214620282567857,7.22683960579247e-05,0.00156358005144783,0.00194638952255834
"2020/10/11","CA",37411038,1636,5,184403,9666,799921.177707116,798258.969035384,801586.847583513,0,54678.5962497921,71307.4467636262,0.0213819562479693,0.0213375252789133,0.0214264797352993,0,0.00146156319559463,0.00190605368296988
"2020/10/12","CA",37411038,975,14,185378,9680,796320.084869715,794665.484445599,797978.130394464,0,50046.7611805379,70128.2292321648,0.0212856987520559,0.0212414711520594,0.0213300184398643,0,0.00133775387842855,0.00187453310523394
"2020/10/13","CA",37411038,4111,27,189489,9707,807213.855864031,805536.966907485,808894.23560584,0,45853.8054718877,66344.6376640502,0.0215768901109889,0.0215320667367605,0.021621806794183,0,0.00122567584122867,0.00177339740383708
"2020/10/14","CA",37411038,2575,12,192064,9719,810163.602200688,808480.681300599,811850.026242931,8625.33791347663,43110.8607277439,74316.292537429,0.0216557370635022,0.0216107524549466,0.0217008153113242,0.000230555963549491,0.00115235671161393,0.00198648036810497
"2020/10/15","CA",37411038,2298,37,194362,9756,813684.464060685,811994.742804258,815377.701544218,3810.78046519053,45835.1152021594,74940.7237117754,0.0217498499790539,0.0217046835964364,0.0217951103506997,0.000101862462762742,0.00122517624884291,0.00200317146270508
"2020/10/16","CA",37411038,2566,25,196928,9781,817000.0564089,815303.759323291,818699.882760467,3315.59234821459,42637.530529213,74246.8634476386,0.0218384760243461,0.0217931338692952,0.0218839125169547,8.86260452921565e-05,0.00113970455802945,0.00198462452305222
"2020/10/17","CA",37411038,139,1,197067,9782,808087.224452549,806409.340836939,809768.599215006,0,34437.2974802856,70430.3069766739,0.0216002353223278,0.0215553853607841,0.0216451786025025,0,0.000920511681078874,0.00188260766719902
"2020/10/18","CA",37411038,3737,34,200804,9816,816665.270861622,814970.034238411,818364.033782841,0,29349.7172764631,65798.4719074196,0.0218295271802301,0.0217842133714229,0.0218749352472615,0,0.000784520260476682,0.00175879835003294
"2020/10/19","CA",37411038,3307,16,204111,9832,821981.043419396,820274.933980949,823690.701435638,0,28991.293179104,61605.5161987694,0.0219716182004733,0.0219260137604562,0.022017317494255,0,0.000774939556050382,0.00164672031283306
"2020/10/20","CA",37411038,2238,17,206349,9849,822845.053816611,821137.328819148,824556.330381594,1578.3669145786,26900.4086557596,51815.6004557277,0.0219947132666196,0.0219490656425825,0.022040455824337,4.21898722665379e-05,0.000719050047629249,0.00138503509193537
"2020/10/21","CA",37411038,2687,34,209036,9883,826640.514108622,824925.371010529,828359.223245475,8062.0907851432,28095.8041377256,58791.1652500958,0.0220961662199435,0.0220503203094907,0.0221421074508939,0.000215500323330863,0.000751003063259715,0.00157149248973246
"2020/10/22","CA",37411038,2581,33,211617,9916,829707.154319011,827986.088861212,831431.797211686,3066.64021038974,28458.8086369933,55344.6284393246,0.0221781377549324,0.022132133539337,0.0222242375956445,8.19715349889448e-05,0.000760706202190735,0.0014793662886158
"2020/10/23","CA",37411038,2902,24,214519,9940,833073.972419962,831346.213975038,834805.321606256,3366.81810095033,31825.6267379436,50511.2134913475,0.0222681330686404,0.0222219499489706,0.0223144121691105,8.99953137079578e-05,0.000850701515898693,0.00135016872537318
"2020/10/24","CA",37411038,1532,29,216051,9969,831379.76932957,829655.895358738,833107.225196806,0,31825.6267379436,45423.6332875249,0.0222228468862471,0.0221767675988765,0.0222690219179913,0,0.000850701515898693,0.00121417730477099
"2020/10/25","CA",37411038,2823,26,218874,9995,834321.596605607,832591.944375138,836054.842069061,0,31825.6267379436,45065.2091901659,0.0223014821616446,0.0222552484209376,0.0223478119497529,0,0.000850701515898693,0.00120459660034469
"2020/10/26","CA",37411038,4099,31,222973,10026,842470.951504767,840724.811571088,844220.718076587,8950.40018005832,32150.6890045253,50346.3579323012,0.0225193150616341,0.0224726406033184,0.0225660864602738,0.000239244903604608,0.00085939045595381,0.00134576212326162
"2020/10/27","CA",37411038,2730,26,225703,10052,844813.043723158,843062.373405575,846567.349414181,2788.6711231377,31128.5796624725,46268.3337522617,0.0225819193715811,0.0225351238157459,0.0226288121012355,7.45413993361451e-05,0.000832069392527213,0.00123675621489737
"2020/10/28","CA",37411038,2663,32,228366,10084,847110.576618105,845355.565120456,848869.23163037,2297.53289494722,30110.5202092051,45862.2309360869,0.0226433326072937,0.0225964210113725,0.0226903415946483,6.14132357126048e-05,0.000804856582947661,0.00122590105455205
"2020/10/29","CA",37411038,3017,43,231383,10127,851407.390124996,849644.074347758,853174.365414051,4296.81350689114,34407.3337160962,50159.044442978,0.022758186771642,0.0227110532016716,0.0228054181606522,0.000114854164348264,0.000919710747295925,0.00134075521890031
"2020/10/30","CA",37411038,3556,36,234939,10163,856890.699073017,855116.509853106,858668.569367204,5483.30894802057,39890.6426641168,55642.3533909986,0.0229047560528264,0.0228573318348747,0.0229522786661841,0.000146569281184354,0.00106628002848028,0.00148732450008467
"2020/10/31","CA",37411038,2374,24,237313,10187,856839.282946002,855065.485816956,858616.759742053,0,39890.6426641168,55642.3533909986,0.022903381695691,0.0228559679583591,0.0229508937908126,0,0.00106628002848028,0.00148732450008467
"2020/11/01","CA",37411038,2336,43,239649,10230,858088.265673866,856312.473090463,859867.740837399,1146.15047383402,39458.4262233722,48163.1659513559,0.022936767102636,0.0228893000266516,0.0229843326142782,3.06366926743389e-05,0.00105472684888808,0.00128740522920952
"2020/11/02","CA",37411038,3529,32,243178,10262,862612.882704437,860828.139721118,864401.325970506,4576.03315758612,35972.3685958151,48928.4186437515,0.0230577104731613,0.0230100041522804,0.0231055157028924,0.000122317727660647,0.000961544253217864,0.00130786049410742
"2020/11/03","CA",37411038,4738,72,247916,10334,874681.455571819,872872.803797102,876493.854995939,12068.5728673821,44974.3012528075,57681.399162919,0.0233803043789327,0.0233319589741697,0.0234287499586603,0.000322593905771395,0.00120216662400031,0.00154182835458666
"2020/11/04","CA",37411038,2782,51,250698,10385,877808.081318954,875993.679679758,879626.241036988,3126.62574713537,44734.1088989925,60808.0249100544,0.0234638793320558,0.0234153802329611,0.0235124788848945,8.35749531230696e-05,0.00119574626341543,0.00162540330770973
"2020/11/05","CA",37411038,2784,47,253482,10432,880281.728289697,878462.859203557,882104.36336858,2473.64697074261,47207.7558697351,63281.671880797,0.0235300001109217,0.0234813815966175,0.0235787192905094,6.61207788659223e-05,0.00126186704228135,0.00169152408657565
"2020/11/06","CA",37411038,5393,61,258875,10493,892746.894460527,890903.140292664,894594.464339973,12465.1661708303,59672.9220405654,75746.8380516273,0.0238631949870123,0.0238139112925085,0.0239125806757881,0.000333194876090587,0.00159506191837194,0.00202471896266624
"2020/11/07","CA",37411038,4346,54,263221,10547,900668.4526078,898809.095178597,902531.656471209,7921.55814727233,58644.0800077794,82090.029284321,0.0240749388618354,0.0240252380909238,0.024124742448237,0.000211743874823049,0.00156756088959038,0.00219427296522275
"2020/11/08","CA",37411038,3944,28,267165,10575,904492.553314437,902625.64091066,906363.327077526,3824.10070663784,59679.5095912796,77852.0392058156,0.0241771573757039,0.0241272546597253,0.0242271633061217,0.000102218513868496,0.00159523800412273,0.00208099115576038
"2020/11/09","CA",37411038,4871,45,272036,10620,912392.71573572,910510.105494694,914279.21854345,7900.16242128261,65282.1391176149,82685.5614167085,0.0243883293410816,0.0243380070206738,0.0244387557101049,0.000211171965377775,0.0017449967337879,0.00221019158614921
"2020/11/10","CA",37411038,4445,73,276481,10693,920772.573975623,918873.722205299,922675.349721524,8379.85823990253,69365.1838506263,87698.6015556607,0.0246123236135715,0.024561567155803,0.0246631849595171,0.000223994272489914,0.00185413684192955,0.00234419054493117
"2020/11/11","CA",37411038,3984,55,280465,10748,925585.992483976,923677.970795666,927497.955531589,4813.41850835353,68695.2934109593,92512.0200640142,0.024740986670404,0.0246899851000035,0.0247920935936498,0.000128663056832412,0.00183623061757761,0.00247285360176358
"2020/11/12","CA",37411038,5474,80,285939,10828,937037.041165074,935106.562522596,938971.505179849,11451.0486810979,80146.3420920572,103963.068745112,0.0250470741059116,0.0249954722593529,0.0250987824817865,0.000306087435507615,0.00214231805308522,0.0027789410372712
"2020/11/13","CA",37411038,4770,57,290709,10885,943754.54462414,941811.007205039,945702.09276054,6717.5034590658,85717.695077289,101730.17202412,0.0252266335038375,0.0251746825951485,0.0252786916193167,0.000179559397925976,0.00229124075833686,0.00271925553159256
"2020/11/14","CA",37411038,4430,62,295139,10947,949333.000755797,947378.828293144,951291.204119182,5578.45613165677,86720.1180513597,104519.957032639,0.025375746076754,0.025323510892511,0.025428089007292,0.000149112572916495,0.00231803560359271,0.00279382670517291
"2020/11/15","CA",37411038,4301,54,299440,11001,953406.857752715,951445.022227424,955372.738491906,4073.85699691845,78725.402180896,106296.28113461,0.0254846405959844,0.0254322005774719,0.0255371887433838,0.000108894519230352,0.00210433621705166,0.00284130798869066
"2020/11/16","CA",37411038,6033,74,305473,11075,964391.799179458,962408.391891036,966379.294030401,10984.9414267433,86583.7178605039,112984.409054462,0.0257782689477757,0.0257252523143313,0.0258313948420891,0.000293628351791343,0.00231438961571994,0.00302008217613374
"2020/11/17","CA",37411038,4462,61,309935,11136,968931.139901263,966939.220999974,970927.162205148,4539.34072180477,88649.4116115661,112040.440828246,0.0258996058837304,0.0258463617342019,0.0259529597175344,0.000121336935954698,0.00236960577280871,0.00299484983090409
"2020/11/18","CA",37411038,4518,102,314453,11238,976846.25212705,974839.505198968,978857.130025628,7915.11222578736,84099.3576665232,119955.553054034,0.0261111774585632,0.0260575369547075,0.0261649283835864,0.000211571574832737,0.00224798247155086,0.00320642140573682
"2020/11/19","CA",37411038,4794,76,319247,11314,983084.558345185,981066.032517213,985107.237253973,6238.30621813482,82416.1057373857,125047.708798334,0.026277927876398,0.0262239725216182,0.026331994243356,0.000166750417834833,0.00220298901456265,0.00334253513089732
"2020/11/20","CA",37411038,4987,71,324234,11385,989271.011572212,987240.738274835,991305.460152783,6186.45322702697,84778.4582577748,126658.128867775,0.0264432922596858,0.0263890228941211,0.0264976732309,0.000165364383287814,0.00226613488398196,0.00338558178652448
"2020/11/21","CA",37411038,4957,70,329191,11455,995078.563182893,993037.30543442,997124.016879667,5807.5516106803,82685.8474471725,120397.107611074,0.0265985285728477,0.0265439655920378,0.0266532037116871,0.000155236313161915,0.0022101992317661,0.003218224193915
"2020/11/22","CA",37411038,4745,47,333936,11502,998054.625962133,996007.850864696,1000105.60713917,2976.06277924078,77282.0519865107,120246.544643179,0.0266780789659494,0.026623368505966,0.0267329018547726,7.95503931016503e-05,0.00206575535237784,0.00321419963389358
"2020/11/23","CA",37411038,6795,68,340731,11570,1008756.87629736,1006689.0536869,1010828.94638656,10702.2503352285,83170.8838133857,128475.148007665,0.0269641509625411,0.0269088779008724,0.0270195375596518,0.000286071996591715,0.00222316429213714,0.00343415085161938
"2020/11/24","CA",37411038,5282,106,346013,11676,1017981.03768793,1015895.76164154,1020070.59407131,9224.16139057267,80943.9965228605,125234.143227407,0.027210713524921,0.0271549739315316,0.0272665675320558,0.000246562562379923,0.00216363941900945,0.00334751853790871
"2020/11/25","CA",37411038,4958,57,350971,11733,1021609.8277172,1019517.84258214,1023706.1054714,3628.7900292658,77855.2830930605,120941.375109401,0.0273077113689602,0.0272517924411009,0.027363745038868,9.69978440391256e-05,0.0020810778651226,0.00323277250712479
"2020/11/26","CA",37411038,5679,85,356650,11818,1029473.81861171,1027366.85778815,1031585.10046614,7863.99089450692,80140.8178559106,124981.26529727,0.0275179164665708,0.0274615972373754,0.0275743511972627,0.000210205097610682,0.00214217038981679,0.00334075909086697
"2020/11/27","CA",37411038,5954,98,362604,11916,1039004.78600847,1036879.62697856,1041134.30070395,9530.96739676048,85597.9282557527,126612.070272748,0.0277726799777239,0.0277158743090359,0.0278296020736968,0.000254763511153058,0.00228803938173949,0.00338435063664226
"2020/11/28","CA",37411038,5675,77,368279,11993,1045628.29083631,1043490.58106796,1047770.37994756,6623.50482784712,81236.4916568565,124855.716860692,0.0279497267848145,0.0278925856338966,0.0280069849959137,0.000177046807090654,0.0021714578370388,0.003337403171243
"2020/11/29","CA",37411038,5383,53,373662,12046,1049056.28829993,1046912.2189321,1051204.74870779,3427.99746361945,80125.1483986712,123470.295815958,0.0280413574277178,0.0279840462842036,0.0280987859440787,9.16306429032911e-05,0.0021417515439874,0.00330037075731388
"2020/11/30","CA",37411038,7895,101,381557,12147,1063439.40287234,1061267.26914995,1065615.98237859,14383.1145724021,86593.1507452859,126402.361707262,0.0284258192160382,0.0283677579101107,0.0284839993581197,0.000384461788320391,0.00231464175747505,0.00337874511012665
"2020/12/01","CA",37411038,5495,82,387052,12229,1069120.64930521,1066937.96256685,1071307.80127169,5681.24643287109,86036.0909600222,125366.104681068,0.0285776793818233,0.0285193359929454,0.0286361421266016,0.000151860165785058,0.00229975150542528,0.00335104587798573
"2020/12/02","CA",37411038,6454,113,393506,12342,1079751.36071613,1077548.44839042,1081958.77661913,10630.7114109253,90480.3491439205,130418.359960336,0.0288618391373191,0.0288029551168942,0.0289208435387205,0.000284159755495831,0.00241854687763329,0.00348609306056507
"2020/12/03","CA",37411038,6264,81,399770,12423,1086714.89953093,1084498.80019864,1088935.52731106,6963.5388147966,91636.3363480368,133308.041778214,0.0290479750797326,0.0289887385695805,0.0291073326356531,0.000186135942413482,0.00244944650688486,0.0035633344837482
"2020/12/04","CA",37411038,6419,96,406189,12519,1095095.30400998,1092863.3346915,1097331.83170906,8380.40447904612,97040.6780478421,130703.504830517,0.029271983953238,0.0292123232371019,0.0293317665152478,0.000224008873505357,0.00259390498728857,0.00349371500546221
"2020/12/05","CA",37411038,6354,88,412543,12607,1102311.55497993,1100065.97860273,1104561.71527606,7216.25096995221,93554.6786825658,133380.415078665,0.0294648749115148,0.0294048504776246,0.0295250218739201,0.000192890958276865,0.00250072394897372,0.00356526902778438
"2020/12/06","CA",37411038,6305,81,418848,12688,1108523.53080889,1106266.29730648,1110785.36998635,6211.97582895937,90542.4931209525,131677.278681837,0.0296309215159677,0.0295705854862001,0.0296913806557932,0.000166046604452926,0.00242020799104672,0.00351974405740457
"2020/12/07","CA",37411038,7724,108,426572,12796,1120593.61229203,1118313.15948295,1122878.71537725,12070.081483138,98983.7845748247,137509.05394684,0.0299535557471574,0.0298925990634889,0.0300146367330747,0.000322634231189683,0.00264584437819728,0.00367562787075942
"2020/12/08","CA",37411038,6171,91,432743,12887,1126807.11285848,1124515.13299829,1129103.764218,6213.50056645693,97333.2942467747,137536.10128627,0.0301196431079641,0.0300583783053089,0.030181032780165,0.00016608736080664,0.00260172664139324,0.00367635084827825
"2020/12/09","CA",37411038,6399,122,439142,13009,1136027.35195878,1133718.13668772,1138341.27075798,9220.23910029326,97022.5659503075,140948.788775883,0.0303661008272151,0.0303043753206666,0.0304279520594424,0.00024645771925102,0.0025934208494912,0.00376757225436735
"2020/12/10","CA",37411038,6686,121,445828,13130,1145677.47372529,1143350.13297101,1148009.55188662,9650.12176651158,100049.182888972,147622.847763153,0.0306240493440809,0.0305618393419346,0.0306863859774919,0.00025794851686584,0.00267432255926639,0.00394597037813154
"2020/12/11","CA",37411038,6715,137,452543,13267,1156613.41334203,1154265.54051885,1158966.06193527,10935.9396167481,107557.125042101,147856.537044673,0.0309163678736215,0.0308536090476519,0.0309792543563016,0.000292318529540617,0.00287501044590371,0.00395221691108044
"2020/12/12","CA",37411038,5984,100,458527,13367,1162297.48290794,1159939.25927474,1164660.50094624,5684.06956590596,98858.0800356045,144316.445220006,0.0310683035019756,0.0310052679980369,0.0311314671607412,0.000151935628354016,0.00264248428593734,0.00385758997705454
"2020/12/13","CA",37411038,5916,84,464443,13451,1166325.94697298,1163960.52311202,1168696.17789564,4028.46406504326,97205.2976677767,144716.119255784,0.0311759846645523,0.031112756697957,0.0312393411242863,0.000107681162576758,0.00259830528272904,0.00386827329559217
"2020/12/14","CA",37411038,8377,119,472820,13570,1179516.92550872,1177126.16214285,1181912.54455586,13190.9785357311,99765.5647925825,150043.106897008,0.0315285805624724,0.0314646752689101,0.0315926156487788,0.000352595897920049,0.00266674142515325,0.00401066409590154
"2020/12/15","CA",37411038,6244,115,479064,13685,1186921.1487004,1184516.72597866,1189330.45210343,7404.22319168528,100206.249169471,147916.362691933,0.0317264960330799,0.0316622256238563,0.0317908969032998,0.000197915470607506,0.00267852095334728,0.00395381605535598
"2020/12/16","CA",37411038,6512,130,485576,13815,1196102.42729886,1193680.92577583,1198528.84108069,9181.27859846409,101007.123288889,150474.13646255,0.0319719123350404,0.0319071854081095,0.0320367705670367,0.000245416301960509,0.00269992838180243,0.00402218555022584
"2020/12/17","CA",37411038,7006,125,492582,13940,1205932.19175803,1203492.2337415,1208377.09654111,9829.76445916574,103620.636778103,156875.903458096,0.0322346627152668,0.0321694424448074,0.0323000152131867,0.000262750380226439,0.002769787803752,0.00419330528754899
"2020/12/18","CA",37411038,6700,115,499282,14055,1214038.83365114,1211583.78151516,1216498.86049962,8106.64189310535,105515.302842249,150599.430778799,0.0324513538932316,0.0323857301557673,0.032517110605154,0.000216691177964785,0.00282043237726386,0.00402553467719338
"2020/12/19","CA",37411038,6459,116,505741,14171,1221545.29657762,1219076.3719031,1224019.22142209,7506.46292647952,100951.68428559,152424.647272408,0.0326520022400238,0.0325860076885089,0.0327181304464765,0.000200648346792183,0.00269844649286636,0.00407432285820051
"2020/12/20","CA",37411038,6007,74,511748,14245,1224290.96839321,1221817.2895951,1226769.65537614,2745.67181559955,97483.8555347328,144539.607677082,0.0327253942644739,0.0326592726348599,0.0327916497632635,7.33920244500981e-05,0.00260575115650982,0.00386355512715477
"2020/12/21","CA",37411038,7577,101,519325,14346,1233106.42591132,1230616.04660856,1235601.84495745,8815.45751810214,97079.0739525417,146391.526380388,0.0329610321400683,0.0328944641046463,0.0330277348882288,0.00023563787559442,0.00259493131285322,0.00391305706033571
"2020/12/22","CA",37411038,6260,98,525585,14444,1238517.08246977,1236016.84239175,1241022.38008441,5410.65655844891,92839.608744479,143421.77845979,0.0331056594171422,0.0330388278024188,0.033172626220219,0.000144627277073919,0.0024816100730613,0.00383367546390427
"2020/12/23","CA",37411038,6921,172,532506,14616,1251772.00226259,1249246.92073496,1254302.18769452,13254.9197928263,95158.5889205572,149460.447282664,0.0334599644699137,0.0333924688412805,0.0335275965263117,0.000354305052771492,0.00254359659629217,0.0039950895583989
"2020/12/24","CA",37411038,6684,159,539190,14775,1263303.08822927,1260756.48860858,1265854.83172167,11531.0859666825,101005.605321334,154779.557420388,0.0337681913083854,0.0337001204994253,0.0338363996134423,0.000308226838471644,0.0026998878064098,0.00413726979241762
"2020/12/25","CA",37411038,1749,19,540939,14794,1251411.781866,1248889.29146573,1253939.36715969,0,96977.1412562905,142709.47593725,0.0334503357502671,0.0333829093826727,0.0335178983047647,0,0.00259220664383304,0.00381463556122794
"2020/12/26","CA",37411038,3114,40,544053,14834,1244881.91501887,1242372.95944702,1247395.93739294,0,83786.1627205594,136495.975370793,0.0332757918937955,0.0332087273132336,0.0333429919103807,0,0.00223961074591299,0.00364854820042129
"2020/12/27","CA",37411038,10100,187,554153,15021,1267290.96610094,1264738.85876037,1269848.22332034,0,76381.9395288741,127275.736270499,0.0338747875988082,0.033806569568061,0.0339431432862232,0,0.00204169527530549,0.00340209048117027
"2020/12/28","CA",37411038,6465,148,560618,15169,1278467.79847894,1275894.74134366,1281046.0446183,0,67200.66093041,117625.614503988,0.0341735452108798,0.0341047671904655,0.0342424619337829,0,0.00179627897334498,0.00314414196430443
"2020/12/29","CA",37411038,8189,218,568807,15387,1299443.08853645,1296830.12485602,1302061.31703843,24980.1088548338,82351.005326078,131669.783742073,0.0347342163704853,0.034664371644968,0.0348042018250986,0.000667720282309028,0.00220124887542757,0.00351954371707285
"2020/12/30","CA",37411038,8459,111,577266,15498,1311803.53435418,1309166.84503775,1314445.53401785,23520.3372700703,97764.700703043,149506.051446238,0.035064612063268,0.0349941331496269,0.0351352329229104,0.000628700472573638,0.00261325817003642,0.00399630856129247
"2020/12/31","CA",37411038,7143,134,584409,15632,1322773.04149813,1320115.66946495,1325435.76277932,10969.5071439496,101227.744920513,156447.094525144,0.0353578278554615,0.0352867960911683,0.0354290026055765,0.00029321579219346,0.0027058256154377,0.00418184319090917
"2021/01/01","CA",37411038,991,12,585400,15644,1309297.21210885,1306666.97329703,1311932.74542673,0,98482.0731049136,143256.115989413,0.0349976178717321,0.0349273113805885,0.0350680658854408,0,0.0026324335909876,0.00382924729298912
"2021/01/02","CA",37411038,4535,63,589935,15707,1308200.42235892,1305572.97987098,1310833.15252831,0,89666.6155868114,135851.892797728,0.0349683005951056,0.0348980688499203,0.0350386736804337,0,0.00239679571539318,0.00363133182238161
"2021/01/03","CA",37411038,16141,173,606076,15880,1342419.14223713,1339724.73309589,1345118.97028306,0,84255.9590283625,126670.614199264,0.0358829696796206,0.035810947910504,0.0359551362964871,0,0.00225216843831926,0.00338591552042111
"2021/01/04","CA",37411038,10058,218,616134,16098,1366945.97704506,1364204.55822566,1369692.90484556,35770.5877574445,106771.626992981,152611.437497542,0.0365385739108617,0.0364652955693361,0.0366119995078875,0.000956150635474067,0.00285401402102184,0.00407931577566873
"2021/01/05","CA",37411038,7250,155,623384,16253,1379153.37506212,1376389.00922315,1381923.29290597,20609.7458065504,115850.286832849,165114.541410987,0.0368648786238469,0.0367909869066759,0.0369389187465467,0.000550900132911318,0.00309668731546151,0.00441352473061527
"2021/01/06","CA",37411038,8082,150,631466,16403,1392023.09592287,1389234.40117481,1394817.38858759,12869.7208607465,128720.007693595,170477.799345254,0.0372088872787456,0.0371343452479134,0.0372835789423322,0.000344008654898762,0.00344069597036027,0.00455688503872185
"2021/01/07","CA",37411038,8227,192,639693,16595,1408265.22485531,1405445.86871031,1411090.23669239,16242.1289324372,144962.136626032,183974.256462092,0.0376430406677117,0.0375676790553181,0.0377185534572012,0.000434153388966036,0.00387484935932631,0.00491764640323778
"2021/01/08","CA",37411038,0,0,639693,16595,1389972.87039917,1387190.07101037,1392761.25227634,0,144962.136626032,175158.79894399,0.0371540845885957,0.0370797001411821,0.0372286182563642,0,0.00387484935932631,0.00468200852764336
"2021/01/09","CA",37411038,0,0,639693,16595,1372181.25741444,1369434.01569738,1374934.01041351,0,144962.136626032,169748.142385541,0.0366785133685528,0.0366050793805127,0.0367520946735963,0,0.00387484935932631,0.00453738125056944
