"date","cases","deaths","cum_cases","cum_deaths","cases_daily","cases_active","cases_active_undected","cases_infect","cases_infect_undected","cases_symptom","p_cases","p_cases_low","p_cases_high","p_cases_daily","p_cases_active","p_cases_active_undetected","p_infect","p_infect_undected","p_symptom","population"
"2019/12/31",0,0,0,0,0,0,0,0,0,0,NA,NA,NA,0,0,0,0,0,0,60359546
"2020/01/01",0,0,0,0,0,0,0,0,0,0,NA,NA,NA,0,0,0,0,0,0,60359546
"2020/01/02",0,0,0,0,0,0,0,0,0,0,NA,NA,NA,0,0,0,0,0,0,60359546
"2020/01/03",0,0,0,0,0,0,0,0,0,0,NA,NA,NA,0,0,0,0,0,0,60359546
"2020/01/04",0,0,0,0,0,0,0,0,0,0,NA,NA,NA,0,0,0,0,0,0,60359546
"2020/01/05",0,0,0,0,0,0,0,0,0,0,NA,NA,NA,0,0,0,0,0,0,60359546
"2020/01/06",0,0,0,0,0,0,0,0,0,0,NA,NA,NA,0,0,0,0,0,0,60359546
"2020/01/07",0,0,0,0,0,0,0,0,0,0,NA,NA,NA,0,0,0,0,0,0,60359546
"2020/01/08",0,0,0,0,0,0,0,0,0,0,NA,NA,NA,0,0,0,0,0,0,60359546
"2020/01/09",0,0,0,0,0,0,0,0,0,0,NA,NA,NA,0,0,0,0,0,0,60359546
"2020/01/10",0,0,0,0,0,0,0,0,0,0,NA,NA,NA,0,0,0,0,0,0,60359546
"2020/01/11",0,0,0,0,0,0,0,0,0,0,NA,NA,NA,0,0,0,0,0,0,60359546
"2020/01/12",0,0,0,0,0,0,0,0,0,0,NA,NA,NA,0,0,0,0,0,0,60359546
"2020/01/13",0,0,0,0,0,0,0,0,0,0,NA,NA,NA,0,0,0,0,0,0,60359546
"2020/01/14",0,0,0,0,0,0,0,0,0,0,NA,NA,NA,0,0,0,0,0,0,60359546
"2020/01/15",0,0,0,0,0,0,0,0,0,0,NA,NA,NA,0,0,0,0,0,0,60359546
"2020/01/16",0,0,0,0,0,0,0,0,0,0,NA,NA,NA,0,0,0,0,0,0,60359546
"2020/01/17",0,0,0,0,0,0,0,0,0,0,NA,NA,NA,0,0,0,0,0,0,60359546
"2020/01/18",0,0,0,0,0,0,0,0,0,0,NA,NA,NA,0,0,0,0,0,0,60359546
"2020/01/19",0,0,0,0,0,0,0,0,0,0,NA,NA,NA,0,0,0,0,0,0,60359546
"2020/01/20",0,0,0,0,0,0,0,0,0,0,NA,NA,NA,0,0,0,0,0,0,60359546
"2020/01/21",0,0,0,0,0,0,0,0,0,0,NA,NA,NA,0,0,0,0,0,0,60359546
"2020/01/22",0,0,0,0,0,0,0,0,0,0,NA,NA,NA,0,0,0,0,0,0,60359546
"2020/01/23",0,0,0,0,0,0,0,0,0,0,NA,NA,NA,0,0,0,0,0,0,60359546
"2020/01/24",0,0,0,0,0,0,0,0,0,0,NA,NA,NA,0,0,0,0,0,0,60359546
"2020/01/25",0,0,0,0,0,0,0,0,0,0,NA,NA,NA,0,0,0,0,0,0,60359546
"2020/01/26",0,0,0,0,0,0,0,0,0,0,NA,NA,NA,0,0,0,0,0,0,60359546
"2020/01/27",0,0,0,0,0,0,0,0,0,0,NA,NA,NA,0,0,0,0,0,0,60359546
"2020/01/28",0,0,0,0,0,0,0,0,0,0,NA,NA,NA,0,0,0,0,0,0,60359546
"2020/01/29",0,0,0,0,0,0,0,0,0,0,NA,NA,NA,0,0,0,0,0,0,60359546
"2020/01/30",0,0,0,0,0,0,0,0,0,0,NA,NA,NA,0,0,0,0,0,0,60359546
"2020/01/31",3,0,3,0,3,3,0,3,0,3,NA,NA,NA,4.97021631010942e-08,4.97021631010942e-08,0,4.97021631010942e-08,0,4.97021631010942e-08,60359546
"2020/02/01",0,0,3,0,0,3,0,3,0,3,0,NA,NA,0,4.97021631010942e-08,0,4.97021631010942e-08,0,4.97021631010942e-08,60359546
"2020/02/02",0,0,3,0,0,3,0,3,0,3,0,NA,NA,0,4.97021631010942e-08,0,4.97021631010942e-08,0,4.97021631010942e-08,60359546
"2020/02/03",0,0,3,0,0,3,0,3,0,3,0,NA,NA,0,4.97021631010942e-08,0,4.97021631010942e-08,0,4.97021631010942e-08,60359546
"2020/02/04",0,0,3,0,0,3,0,3,0,3,0,0,NA,0,4.97021631010942e-08,0,4.97021631010942e-08,0,4.97021631010942e-08,60359546
"2020/02/05",0,0,3,0,0,3,0,3,0,3,0,0,NA,0,4.97021631010942e-08,0,4.97021631010942e-08,0,4.97021631010942e-08,60359546
"2020/02/06",0,0,3,0,0,3,0,3,0,3,0,0,NA,0,4.97021631010942e-08,0,4.97021631010942e-08,0,4.97021631010942e-08,60359546
"2020/02/07",0,0,3,0,0,3,0,3,0,3,0,0,NA,0,4.97021631010942e-08,0,4.97021631010942e-08,0,4.97021631010942e-08,60359546
"2020/02/08",0,0,3,0,0,3,0,3,0,3,0,0,NA,0,4.97021631010942e-08,0,4.97021631010942e-08,0,4.97021631010942e-08,60359546
"2020/02/09",0,0,3,0,0,3,0,3,0,3,0,0,NA,0,4.97021631010942e-08,0,4.97021631010942e-08,0,4.97021631010942e-08,60359546
"2020/02/10",0,0,3,0,0,3,0,3,0,3,0,0,NA,0,4.97021631010942e-08,0,4.97021631010942e-08,0,4.97021631010942e-08,60359546
"2020/02/11",0,0,3,0,0,3,0,3,0,3,0,0,NA,0,4.97021631010942e-08,0,4.97021631010942e-08,0,4.97021631010942e-08,60359546
"2020/02/12",0,0,3,0,0,0,0,0,0,3,0,0,NA,0,0,0,0,0,4.97021631010942e-08,60359546
"2020/02/13",0,0,3,0,0,0,0,0,0,3,0,0,NA,0,0,0,0,0,4.97021631010942e-08,60359546
"2020/02/14",0,0,3,0,0,0,0,0,0,3,0,0,NA,0,0,0,0,0,4.97021631010942e-08,60359546
"2020/02/15",0,0,3,0,0,0,0,0,0,3,0,0,NA,0,0,0,0,0,4.97021631010942e-08,60359546
"2020/02/16",0,0,3,0,0,0,0,0,0,3,0,0,NA,0,0,0,0,0,4.97021631010942e-08,60359546
"2020/02/17",0,0,3,0,0,0,0,0,0,3,0,0,NA,0,0,0,0,0,4.97021631010942e-08,60359546
"2020/02/18",0,0,3,0,0,0,0,0,0,0,0,0,NA,0,0,0,0,0,0,60359546
"2020/02/19",0,0,3,0,0,0,0,0,0,0,0,0,NA,0,0,0,0,0,0,60359546
"2020/02/20",0,0,3,0,0,0,0,0,0,0,0,0,NA,0,0,0,0,0,0,60359546
"2020/02/21",0,0,3,0,0,0,0,0,0,0,0,0,NA,0,0,0,0,0,0,60359546
"2020/02/22",14,0,17,0,14,14,0,14,0,14,0,0,NA,2.31943427805106e-07,2.31943427805106e-07,0,2.31943427805106e-07,0,2.31943427805106e-07,60359546
"2020/02/23",62,2,79,2,3179.19992566748,3193.19992566748,3117.19992566748,3193.19992566748,3117.19992566748,3193.19992566748,6.71130964821743e-05,4.8318912315531e-05,9.321748987255e-05,0.00270083482718282,5.2902981173309e-05,5.16438597080813e-05,5.2902981173309e-05,5.16438597080813e-05,5.2902981173309e-05,60359546
"2020/02/24",53,0,132,2,1715.1823370881,4908.38226275558,4779.38226275558,4908.38226275558,4779.38226275558,4908.38226275558,7.07721505605097e-05,4.32750421973594e-05,0.000115741014696575,0.000919599565144892,8.13190719286652e-05,7.91818789153181e-05,8.13190719286652e-05,7.91818789153181e-05,8.13190719286652e-05,60359546
"2020/02/25",97,4,229,6,4591.00022398513,9499.38248674071,9273.38248674071,9499.38248674071,9273.38248674071,9499.38248674071,0.000179566408941217,0.000160736555473465,0.000200602128900091,0.00359995381514993,0.000157379952571888,0.000153635722951606,0.000157379952571888,0.000153635722951606,0.000157379952571888,60359546
"2020/02/26",93,5,322,11,4036.43987685667,13535.8223635974,13216.8223635974,13535.8223635974,13216.8223635974,13535.8223635974,0.000231539689536013,0.000215631057711875,0.000248622013912613,0.00290247216123657,0.000224253216940985,0.000218968220264569,0.000224253216940985,0.000218968220264569,0.000224253216940985,60359546
"2020/02/27",78,1,400,12,2023.44382276936,15559.2661863667,15162.2661863667,15559.2661863667,15162.2661863667,15559.2661863667,0.000171913734880657,0.000154379991676664,0.000191438877017924,0.00086964446223369,0.000257776395242713,0.000251199142325669,0.000257776395242713,0.000251199142325669,0.000257776395242713,60359546
"2020/02/28",250,5,650,17,5597.94663441839,21157.2128207851,20510.2128207851,21157.2128207851,20510.2128207851,21157.2128207851,0.00024113271576774,0.000222249410561539,0.000261620431148121,0.00207668934566182,0.000350519747461075,0.000339800647618939,0.000350519747461075,0.000339800647618939,0.000350519747461075,60359546
"2020/02/29",238,4,888,21,4260.00055452095,25417.2133753061,24532.2133753061,25417.2133753061,24532.2133753061,25417.2133753061,0.000263329612361258,0.000244996156612175,0.000283034990039042,0.00126327060211796,0.000421096828251592,0.000406434690136769,0.000421096828251592,0.000406434690136769,0.000421096828251592,60359546
"2020/03/01",240,8,1128,29,3934.73956119109,29351.9529364972,28226.9529364972,29351.9529364972,28226.9529364972,29351.9529364972,0.000306385272308015,0.000290231874124272,0.00032343771810212,0.00106874667723107,0.000486285184061808,0.000467646872898898,0.000486285184061808,0.000467646872898898,0.000486285184061808,60359546
"2020/03/02",561,6,1689,35,7614.65934944951,36966.6122859467,35280.6122859467,36966.6122859467,35280.6122859467,36966.6122859467,0.000379814292428484,0.000362228134474962,0.000398254257477951,0.00171234840313505,0.000612440197710345,0.00058450758204753,0.000612440197710345,0.00058450758204753,0.000612440197710345,60359546
"2020/03/03",347,17,2036,52,4905.53700453726,41872.1492904839,39839.1492904839,41872.1492904839,39839.1492904839,41872.1492904839,0.000476857799622147,0.000461728638161939,0.000492482688458938,0.001148940855574,0.000693712131143,0.000660030631948158,0.000693712131143,0.000660030631948158,0.000693712131143,60359546
"2020/03/04",466,28,2502,80,7230.74317866575,49102.8924691497,46603.8924691497,49102.8924691497,46603.8924691497,49102.8924691497,0.000643188633171703,0.00062972876417313,0.000656936194401861,0.00185880568421328,0.000813506656745723,0.000772104754882512,0.000813506656745723,0.000772104754882512,0.000813506656745723,60359546
"2020/03/05",587,27,3089,107,8955.9500587503,58044.8425279,54972.8425279,58044.8425279,54972.8425279,58058.8425279,0.000780810249684449,0.000768148581081939,0.000793680625112367,0.00226380628084632,0.000961651410166339,0.000910756395150818,0.000961651410166339,0.000910756395150818,0.000961883353594144,60359546
"2020/03/06",769,41,3858,148,12256.2237876218,67121.8663898543,63342.8663898543,67121.8663898543,63342.8663898543,70315.0663155218,0.00101870069198038,0.00100632751466911,0.00103122600218531,0.00323624252294369,0.0011120339836528,0.00104942582553312,0.0011120339836528,0.00104942582553312,0.00116493696482611,60359546
"2020/03/07",778,49,4636,197,12709.6444452341,78116.3284980003,73612.3284980003,78116.3284980003,73612.3284980003,83024.7107607559,0.00125473284617069,0.00124274980515286,0.00126683143198398,0.00343986375077354,0.00129418349995542,0.00121956398575298,0.00129418349995542,0.00121956398575298,0.00137550257188409,60359546
"2020/03/08",1247,36,5883,233,18837.5918949979,92362.9201690131,86708.9201690131,92362.9201690131,86708.9201690131,101862.302655754,0.00147235255498556,0.00145981996872452,0.0014849927337729,0.00471452941634802,0.00153021230757788,0.00143654029752002,0.00153021230757788,0.00143654029752002,0.00168759226014977,60359546
"2020/03/09",1492,133,7375,366,27980.0760284534,116306.55632061,109253.55632061,116306.55632061,109253.55632061,129842.378684207,0.00229137477207566,0.00227798989351096,0.00230483829671982,0.00869326648574331,0.00192689581065785,0.00181004602520718,0.00192689581065785,0.00181004602520718,0.00215114902759884,60359546
"2020/03/10",1797,98,9172,464,33917.002602678,148200.115100518,139428.115100518,148200.115100518,139428.115100518,163759.381286885,0.00286805495850701,0.00285371301639086,0.00288246897910565,0.0106057378425977,0.00245528876410897,0.00230995963920137,0.00245528876410897,0.00230995963920137,0.00271306515935168,60359546
"2020/03/11",977,167,10149,631,19959.5235678075,162561.692033907,153062.692033907,162561.692033907,153062.692033907,183704.904854693,0.0034350486696504,0.00342092575182631,0.00344922989239613,0.00675553600142408,0.00269322257715304,0.00253584896138728,0.00269322257715304,0.00253584896138728,0.00304351038118631,60359546
"2020/03/12",2313,196,12462,827,49751.1709078733,208052.86238726,196478.86238726,208052.86238726,196478.86238726,230276.875836898,0.00444088427523471,0.00442512058841628,0.00445670411731878,0.0177290316609925,0.00344689243334037,0.00325514148809635,0.00344689243334037,0.00325514148809635,0.00381508628041865,60359546
"2020/03/13",2651,189,15113,1016,57005.0546278319,261123.177453901,247138.177453901,261123.177453901,247138.177453901,285566.748127642,0.00538404097341309,0.00536659165066987,0.00540154703214147,0.020308181685165,0.00432612891842991,0.00409443400144031,0.00432612891842991,0.00409443400144031,0.00473109503056306,60359546
"2020/03/14",2547,252,17660,1268,55986.0261398795,309494.544244331,293523.544244331,309494.544244331,293523.544244331,336961.774043537,0.00643125059569115,0.00641220161685868,0.00645035616407216,0.0203884577555199,0.00512751610564352,0.00486291835668099,0.00512751610564352,0.00486291835668099,0.00558257635078197,60359546
"2020/03/15",3497,173,21157,1441,71921.7160017461,376510.723241539,357389.723241539,376510.723241539,357389.723241539,404847.050168426,0.00720895857656235,0.0071883444940653,0.00722963177425589,0.0245063417030708,0.00623779912528731,0.00592101410506864,0.00623779912528731,0.00592101410506864,0.00670725803948933,60359546
"2020/03/16",2823,370,23980,1811,60394.872960929,429674.853023803,408196.853023803,429674.853023803,408196.853023803,463218.479306586,0.00849948101504871,0.00847696823641336,0.00852205358218246,0.0214063834919806,0.00711858987514258,0.00676275552211414,0.00711858987514258,0.00676275552211414,0.00767432013664559,60359546
"2020/03/17",4000,347,27980,2158,84923.7379174042,505642.640882457,480751.640882457,505642.640882457,480751.640882457,542544.270589571,0.0098417166148374,0.00981683230179929,0.00986666400616963,0.029871170924082,0.00837717766933596,0.00796479882208618,0.00837717766933596,0.00796479882208618,0.00898854127546903,60359546
"2020/03/18",3526,347,31506,2505,72924.3869450879,566310.804039923,538662.804039923,566310.804039923,538662.804039923,611208.656980138,0.0107953762411982,0.0107689748285893,0.0108218423799856,0.0249871832105295,0.00938229064943468,0.008924235514295,0.00938229064943468,0.008924235514295,0.0101261307860092,60359546
"2020/03/19",4207,473,35713,2978,87456.669933969,641057.829528657,609980.829528657,641057.829528657,609980.829528657,694730.587352916,0.0122998777237836,0.0122708983882238,0.0123289254978443,0.0301208620479132,0.0106206536001556,0.0101057888925914,0.0106206536001556,0.0101057888925914,0.0115098709879779,60359546
"2020/03/20",5322,429,41035,3407,107886.833556944,730107.071190604,694955.071190604,730107.071190604,694955.071190604,795002.761560411,0.0137816764517818,0.0137499621255296,0.0138134639272166,0.0362339815642511,0.0120959669111925,0.0115135900987493,0.0120959669111925,0.0115135900987493,0.013171118973632,60359546
"2020/03/21",5986,625,47021,4032,123213.670198515,825340.665360665,785694.665360665,825340.665360665,785694.665360665,913310.894754388,0.0160349672865386,0.0159991288667229,0.0160708859852461,0.0420179743282265,0.0136737387879071,0.0130169081351385,0.0136737387879071,0.0130169081351385,0.015131175684363,60359546
"2020/03/22",6557,795,53578,4827,139249.363746429,930673.026504416,886267.026504416,930673.026504416,886267.026504416,1045329.51532215,0.0188507471948866,0.0188097622997111,0.0188918213927128,0.048993141831213,0.0154188208523705,0.0146831294341481,0.0154188208523705,0.0146831294341481,0.0173183793549764,60359546
"2020/03/23",5560,649,59138,5476,115828.990951918,1026542.49388853,977553.493888527,1026542.49388853,977553.493888527,1152202.55621532,0.0204109467566388,0.0203672219529685,0.0204547654296871,0.0399773304338125,0.0170071274871505,0.0161955077310974,0.0170071274871505,0.0161955077310974,0.0190889864581705,60359546
"2020/03/24",4789,601,63927,6077,96145.1616831334,1072936.48466379,1021471.48466379,1072936.48466379,1021471.48466379,1236091.49411083,0.0212628245999692,0.0212177386767514,0.0213080063270097,0.0319789401818347,0.0177757547192914,0.0169231141112921,0.0177757547192914,0.0169231141112921,0.0204788070160573,60359546
"2020/03/25",5249,743,69176,6820,103401.198571033,1119332.62860699,1065269.62860699,1119332.62860699,1065269.62860699,1326783.04823663,0.0225765970425591,0.0225292639751017,0.0226240295548664,0.0337464900233586,0.0185444176238004,0.0176487349425555,0.0185444176238004,0.0176487349425555,0.021981329154408,60359546
"2020/03/26",5210,685,74386,7505,99577.001710701,1162923.60417781,1106197.60417781,1162923.60417781,1106197.60417781,1407522.45805233,0.0235541026480699,0.0235051194365884,0.023603187937527,0.0315307573962961,0.0192666062163193,0.0183268045816284,0.0192666062163193,0.0183268045816284,0.0233189702595234,60359546
"2020/03/27",6153,660,80539,8165,113749.865473623,1204751.75364969,1145369.75364969,1204751.75364969,1145369.75364969,1493292.2474975,0.0246674493452162,0.0246164823349353,0.0247185218797592,0.0348392585529464,0.0199595893854087,0.0189757847689856,0.0199595893854087,0.0189757847689856,0.0247399516142402,60359546
"2020/03/28",5959,971,86498,9136,110414.795607739,1254771.6762965,1192253.6762965,1254771.6762965,1192253.6762965,1569790.04050256,0.026553024045851,0.0264986680440327,0.0266074915466672,0.0338949654649819,0.0207882888366406,0.0197525288923892,0.0207882888366406,0.0197525288923892,0.0260073202091772,60359546
"2020/03/29",5974,887,92472,10023,109470.240904465,1279318.17928356,1214826.17928356,1279318.17928356,1214826.17928356,1659300.75783922,0.0280734082767743,0.0280163203465194,0.0281306125332183,0.0332338736814158,0.0211949602683154,0.0201264963007435,0.0211949602683154,0.0201264963007435,0.0274902789666314,60359546
"2020/03/30",5217,758,97689,10781,93221.339638041,1299615.13197651,1233432.13197651,1299615.13197651,1233432.13197651,1702770.92656939,0.0289197278942048,0.0288611824153623,0.0289783921337081,0.0275971273763208,0.0215312277527155,0.0204347483325423,0.0215312277527155,0.0204347483325423,0.0282104661053844,60359546
"2020/03/31",4050,810,101739,11591,70926.08891877,1283084.55096131,1217058.55096131,1283084.55096131,1217058.55096131,1716691.96086033,0.0295183779461023,0.0294588780636665,0.0295779980040587,0.020578373081543,0.0212573592081244,0.0201634808678202,0.0212573592081244,0.0201634808678202,0.0284411012776724,60359546
"2020/04/01",4053,839,105792,12430,69798.0243266334,1244995.741731,1180238.741731,1244995.741731,1180238.741731,1730503.95904708,0.0301837634835751,0.0301231640105011,0.0302444848660254,0.0199142379187077,0.0206263271385607,0.0195534728132481,0.0206263271385607,0.0195534728132481,0.0286699300065491,60359546
"2020/04/02",4782,727,110574,13157,80437.4070289512,1202219.47856144,1138666.47856144,1202219.47856144,1138666.47856144,1739019.65007429,0.0308145298847734,0.0307528429834168,0.0308763405234314,0.0224161275050853,0.0199176362022577,0.0188647290117364,0.0199176362022577,0.0188647290117364,0.0288110127613333,60359546
"2020/04/03",4668,760,115242,13917,77094.23250634,1140064.34732135,1078400.34732135,1140064.34732135,1078400.34732135,1755719.0096197,0.0315323155612494,0.0314693696394993,0.0315953873892096,0.0210943897827376,0.0188878880454361,0.0178662766502808,0.0188878880454361,0.0178662766502808,0.0290876775252699,60359546
"2020/04/04",4585,764,119827,14681,74523.9400310657,1098759.2964005,1038070.2964005,1098759.2964005,1038070.2964005,1745319.21173336,0.0322674904039516,0.0322032436053526,0.0323318653775625,0.0200681025129318,0.018203571252847,0.0171981130606996,0.018203571252847,0.0171981130606996,0.0289153800416815,60359546
"2020/04/05",4805,681,124632,15362,76579.5353714138,1079193.67008878,1018488.67008878,1079193.67008878,1018488.67008878,1748974.36015968,0.0329081095820631,0.0328427197558467,0.0329736295993662,0.0202202302919472,0.0178794199361403,0.0168736966657896,0.0178794199361403,0.0168736966657896,0.0289759363027628,60359546
"2020/04/06",4316,527,128948,15889,66925.7862214156,1042718.25773916,982946.257739158,1042718.25773916,982946.257739158,1728443.47644713,0.0331268920022935,0.0330611523150204,0.0331927624081344,0.0171933127487469,0.0172751176382135,0.0162848517405873,0.0172751176382135,0.0162848517405873,0.0286357931924659,60359546
"2020/04/07",3599,636,132547,16525,54786.62022233,997927.876250787,939766.876250787,997927.876250787,939766.876250787,1675343.26311252,0.0334284778084147,0.0333622486385283,0.0334948384533403,0.0138172370427109,0.0165330580228484,0.0155694821868075,0.0165330580228484,0.0155694821868075,0.0277560613711792,60359546
"2020/04/08",3039,604,135586,17129,45415.0085992399,929593.019376404,874546.019376404,929593.019376404,874546.019376404,1597544.60151324,0.03356893666628,0.0335025251545151,0.0336354798245066,0.0112440336566197,0.0154009279555616,0.0144889429648196,0.0154009279555616,0.0144889429648196,0.0264671407818946,60359546
"2020/04/09",3836,540,139422,17669,56195.6906068685,875373.914375534,822449.914375534,875373.914375534,822449.914375534,1514490.92837368,0.0338383951886738,0.0337715291187079,0.0339053936503742,0.0136389664949266,0.0145026590222454,0.0136258465955913,0.0145026590222454,0.0136258465955913,0.0250911583790521,60359546
"2020/04/10",4204,612,143626,18281,60755.9893777924,826659.662848861,775505.662848861,826659.662848861,775505.662848861,1459417.92679956,0.0343885204663834,0.0343206589755632,0.03445651613825,0.0145468688411122,0.0136955911306699,0.0128481029802454,0.0136955911306699,0.0128481029802454,0.0241787426101508,60359546
"2020/04/11",3951,570,147577,18851,56299.6257987765,789737.949009597,739849.949009597,789737.949009597,739849.949009597,1419572.3909152,0.0348394420865956,0.0347707708985476,0.0349082488980982,0.0132910111502028,0.0130838947829329,0.0122573809453371,0.0130838947829329,0.0122573809453371,0.0235186061690258,60359546
"2020/04/12",4694,619,152271,19470,66210.9525748038,785022.812665631,734490.812665631,785022.812665631,734490.812665631,1382382.14491897,0.0355842638822959,0.0355142117965042,0.0356544541464245,0.0154728609408226,0.0130057772910623,0.0121685940557875,0.0130057772910623,0.0121685940557875,0.0229024609449344,60359546
"2020/04/13",4092,431,156363,19901,56654.0372231542,771878.825562151,721307.825562151,771878.825562151,721307.825562151,1339459.18043142,0.0358660267665791,0.0357954701765628,0.0359367224309634,0.0129951153116813,0.0127880157607904,0.0119501863973952,0.0127880157607904,0.0119501863973952,0.0221913395510202,60359546
"2020/04/14",3153,564,159516,20465,43176.738559712,734618.157092912,685676.157092912,734618.157092912,685676.157092912,1268886.05351751,0.0361896305441058,0.0361185094356557,0.0362608916974289,0.00979557045422042,0.0121707038202857,0.0113598627314545,0.0121707038202857,0.0113598627314545,0.0210221271962104,60359546
"2020/04/15",2972,604,162488,21069,40364.6515426778,697888.57612925,650642.57612925,697888.57612925,650642.57612925,1198835.90945245,0.0365618136865388,0.0364900371504869,0.0366337314082822,0.00908254682946093,0.0115621906123888,0.0107794478130974,0.0115621906123888,0.0107794478130974,0.0198615793010181,60359546
"2020/04/16",2667,578,165155,21647,35917.2622805815,659281.898378766,613953.898378766,659281.898378766,613953.898378766,1125282.93082857,0.0368490225340198,0.0367767511348643,0.0369214359564637,0.00801378103682872,0.0109225788142735,0.0101716122645914,0.0109225788142735,0.0101716122645914,0.0186429985876396,60359546
"2020/04/17",3786,525,168941,22172,50497.383762082,633199.746769434,588890.746769434,633199.746769434,588890.746769434,1082558.97495261,0.0373316653935297,0.0372585065492103,0.037404967888709,0.0111586378312826,0.010490465696502,0.00975638131488653,0.010490465696502,0.00975638131488653,0.0179351742465493,60359546
"2020/04/18",3493,575,172434,22747,46299.8823910911,612573.84293911,569087.84293911,612573.84293911,569087.84293911,1057932.76842493,0.0378667681390396,0.03779262583909,0.0379410558927786,0.0101675244520701,0.0101487483510746,0.00942829892953651,0.0101487483510746,0.00942829892953651,0.017527182335416,60359546
"2020/04/19",3491,480,175925,23227,45836.0602030229,603623.282919803,560245.282919803,603623.282919803,560245.282919803,1033970.80430132,0.0382682874545022,0.0381934089841769,0.0383433127246411,0.00997054158096434,0.0100004609530993,0.00928180080943291,0.0100004609530993,0.00928180080943291,0.0171301951857179,60359546
"2020/04/20",3047,433,178972,23660,39582.3761936139,597790.650514177,554404.650514177,597790.650514177,554404.650514177,993115.773465982,0.0385184262335743,0.0384431008218014,0.038593899237959,0.00851893501532812,0.00990382947072161,0.00918503678795359,0.00990382947072161,0.00918503678795359,0.0164533340503585,60359546
"2020/04/21",2256,454,181228,24114,29045.2492996094,570640.209206918,528834.209206918,570640.209206918,528834.209206918,945066.790259251,0.0386558605836153,0.0385803107762772,0.0387315583361948,0.00619534016565901,0.00945401758334825,0.0087614013731468,0.00945401758334825,0.0087614013731468,0.0156572879169643,60359546
"2020/04/22",2729,534,183957,24648,34965.2850749579,544849.504904083,504518.504904083,544849.504904083,504518.504904083,905508.135303143,0.0390484582807673,0.0389721949472407,0.0391248708513603,0.00742206317522373,0.00902673298609773,0.00835855367275432,0.00902673298609773,0.00835855367275432,0.0150019043434015,60359546
"2020/04/23",3370,437,187327,25085,42839.6881287012,531389.567234008,491639.567234008,531389.567234008,491639.567234008,871768.288060431,0.0394521624904617,0.0393751513443857,0.0395293242573332,0.00902228902984739,0.00880373698029485,0.00814518331920535,0.00880373698029485,0.00814518331920535,0.0144429232131804,60359546
"2020/04/24",2646,464,189973,25549,33436.1543381263,498614.76899733,460912.768997331,498614.76899733,460912.768997331,838278.656177141,0.0397715391011856,0.0396939477968549,0.039849282076258,0.0069999806269947,0.00826074419110658,0.00763612054002743,0.00826074419110658,0.00763612054002743,0.0138880874978275,60359546
"2020/04/25",3021,420,192994,25969,37908.2771734594,479869.008947636,443238.008947636,479869.008947636,443238.008947636,821400.313128271,0.0401218698694038,0.0400436324337463,0.0402002601657276,0.00788081994117344,0.00795017591662528,0.00734329593777322,0.00795017591662528,0.00734329593777322,0.0136084574447971,60359546
"2020/04/26",2357,415,195351,26384,29383.1187852201,466075.389173144,430240.389173144,466075.389173144,430240.389173144,805368.423314251,0.0403466965982632,0.0402680568954897,0.040425489876931,0.00606862405996388,0.00772165167002985,0.00712795933178728,0.00772165167002985,0.00712795933178728,0.0133428509106787,60359546
"2020/04/27",2324,260,197675,26644,28633.6302283507,454344.367858817,419157.367858817,454344.367858817,419157.367858817,777806.362935733,0.0403502352833734,0.0402716069072112,0.0404290171776594,0.00584481455283198,0.00752729929179415,0.00694434262078142,0.00752729929179415,0.00694434262078142,0.0128862195705669,60359546
"2020/04/28",1739,333,199414,26977,21250.3459097515,439677.451487987,405418.451487987,439677.451487987,405418.451487987,738300.719467693,0.0403716130748378,0.0402929693271346,0.0404504103192715,0.00430215903986155,0.00728430680190979,0.00671672466668299,0.00728430680190979,0.00671672466668299,0.0122317142588795,60359546
"2020/04/29",2091,382,201505,27359,25408.0338140207,414588.101539925,382024.101539925,414588.101539925,382024.101539925,707409.127482937,0.0405655051287696,0.0404865150769594,0.0406446492918505,0.00511495856675818,0.00686864181417013,0.00632914140109545,0.00686864181417013,0.00632914140109545,0.0117199212777866,60359546
"2020/04/30",2086,323,203591,27682,25170.9600965861,393459.17924542,362302.17924542,393459.17924542,362302.17924542,666369.135004719,0.0407003447677738,0.0406211170589895,0.0407797270028315,0.00503198448883759,0.00651859076682618,0.00600240066824592,0.00651859076682618,0.00600240066824592,0.0110399958111799,60359546
"2020/05/01",1872,285,205463,27967,22418.6098476795,370041.728890077,340503.728890077,370041.728890077,340503.728890077,632133.707629244,0.0407652861416019,0.0406859529092822,0.0408447740651922,0.00444800789114141,0.00613062478783516,0.00564125728994179,0.00613062478783516,0.00564125728994179,0.0104728042127627,60359546
"2020/05/02",1965,269,207428,28236,23359.2815571539,353818.634253617,325362.634253617,353818.634253617,325362.634253617,612316.250626686,0.0408524721032264,0.0407729884836916,0.0409321106696024,0.0046005572929645,0.00586185048929322,0.00539040890489164,0.00586185048929322,0.00539040890489164,0.010144480719366,60359546
"2020/05/03",1900,474,209328,28710,22597.5309858017,347370.915939809,319270.915939809,347370.915939809,319270.915939809,594549.13006981,0.0412466564260204,0.0411664455322721,0.0413270236069437,0.00445268954295513,0.00575502864020563,0.00528948504582538,0.00575502864020563,0.00528948504582538,0.00985012594478113,60359546
"2020/05/04",1389,174,210717,28884,16365.46568049,328771.096545341,302011.096545341,328771.096545341,302011.096545341,574997.333469718,0.041131990989939,0.0410520129167285,0.0412121248774871,0.00319454143194936,0.00544687822114071,0.00500353492627895,0.00544687822114071,0.00500353492627895,0.00952620375026874,60359546
"2020/05/05",1221,195,211938,29079,14271.3451871495,300202.753603789,275591.753603789,300202.753603789,275591.753603789,538771.294894786,0.0410404499889946,0.04096066194139,0.0411203934572451,0.00276355551354117,0.00497357540767105,0.00456583542897737,0.00497357540767105,0.00456583542897737,0.00892603292434946,60359546
"2020/05/06",1075,236,213013,29315,12490.8854036171,279257.48466928,256217.48466928,279257.48466928,256217.48466928,504962.297907312,0.0410057636405386,0.0409260590534322,0.0410856234544455,0.00240454007277384,0.00462656701674463,0.00424485440412823,0.00462656701674463,0.00424485440412823,0.00836590616349752,60359546
"2020/05/07",1444,369,214457,29684,16766.6721171909,258115.879613012,236652.879613012,258115.879613012,236652.879613012,475892.90982148,0.0412547481484497,0.0411745880287415,0.0413350643266664,0.00322537774697186,0.00427630584916944,0.00392072000695651,0.00427630584916944,0.00392072000695651,0.00788430234086717,60359546
"2020/05/08",1401,274,215858,29958,16214.1603448229,244946.921172614,224439.921172614,244946.921172614,224439.921172614,452524.693972689,0.0413883880746282,0.0413079878170074,0.0414689448201771,0.00310888621527012,0.00405813060907738,0.00371838318950601,0.00405813060907738,0.00371838318950601,0.00749715204903444,60359546
"2020/05/09",1327,243,217185,30201,15300.4786889844,231613.769633248,212103.769633248,231613.769633248,212103.769633248,438779.923362064,0.0414875661702134,0.0414069899673893,0.0415682991708261,0.00292275996061045,0.00383723511825699,0.00351400538422287,0.00383723511825699,0.00351400538422287,0.00726943710547564,60359546
"2020/05/10",1083,194,218268,30395,12426.874898553,222790.29862205,203936.29862205,222790.29862205,203936.29862205,416241.513185659,0.0414932616037726,0.0414126867124712,0.0415739932661899,0.00236237822806374,0.00369105325315154,0.00337869172544886,0.00369105325315154,0.00337869172544886,0.0068960345259333,60359546
"2020/05/11",802,165,219070,30560,9153.98926323385,206536.254071263,188971.254071263,206536.254071263,188971.254071263,382555.814320192,0.0414259974532217,0.0413455630823945,0.0415065883024598,0.00173101353862028,0.00342176619537965,0.00313076003042274,0.00342176619537965,0.00313076003042274,0.00633795049287136,60359546
"2020/05/12",744,179,219814,30739,8455.3931416528,189820.68711633,173597.68711633,189820.68711633,173597.68711633,357575.053123718,0.0413876010909813,0.0413072524817073,0.0414681059899775,0.00159202070120259,0.00314483291700586,0.00287606018634285,0.00314483291700586,0.00287606018634285,0.00592408453707916,60359546
"2020/05/13",1402,172,221216,30911,15869.6781680977,183271.755436748,167518.755436748,183271.755436748,167518.755436748,335536.454118356,0.0414849600819107,0.0414044332027153,0.0415656435766608,0.00297606396154122,0.00303633422684703,0.00277534816840319,0.00303633422684703,0.00277534816840319,0.00555896252298446,60359546
"2020/05/14",888,195,222104,31106,10023.6202973565,169936.09417695,155260.09417695,169936.09417695,155260.09417695,316176.955630493,0.04153574998479,0.0414551372856694,0.0416165194414968,0.00187452088487135,0.00281539715651523,0.00257225417462468,0.00281539715651523,0.00257225417462468,0.0052382262058514,60359546
"2020/05/15",992,262,223096,31368,11194.6774969826,158533.240688131,144765.240688131,158533.240688131,144765.240688131,298738.002899125,0.0417105324363614,0.0416295989127025,0.0417916233056451,0.00209298220879128,0.00262648166187551,0.00239838186801689,0.00262648166187551,0.00239838186801689,0.00494930831486249,60359546
"2020/05/16",789,242,223885,31610,8898.83695510572,151066.611962747,137898.611962747,151066.611962747,137898.611962747,286386.493944479,0.0418345671028075,0.041753409543478,0.0419158824109174,0.00166281346108633,0.00250277912896739,0.00228461976772899,0.00250277912896739,0.00228461976772899,0.00474467607732634,60359546
"2020/05/17",875,153,224760,31763,9838.8605370141,146634.127312612,133812.127312612,146634.127312612,133812.127312612,270817.320667472,0.0418706603695753,0.0417894421118024,0.0419520364759594,0.001832886581104,0.00242934443729268,0.0022169173921986,0.00242934443729268,0.0022169173921986,0.00448673554747202,60359546
"2020/05/18",675,145,225435,31908,7567.67121019668,141710.913119191,129288.913119191,141710.913119191,129288.913119191,253214.031781083,0.041872979192626,0.0417917651659454,0.0419543510426984,0.00140564215459534,0.00234777963901834,0.00214197954900441,0.00234777963901834,0.00214197954900441,0.00419509503568968,60359546
"2020/05/19",451,99,225886,32007,5035.91645873907,129980.157460739,118551.157460739,129980.157460739,118551.157460739,235831.338392142,0.0417873976148851,0.0417063546802098,0.0418685980305322,0.000931610827659411,0.00215343166200653,0.00196408298797906,0.00215343166200653,0.00196408298797906,0.00390710921503854,60359546
"2020/05/20",813,162,226699,32169,9062.42043742154,122828.417553338,111987.417553338,122828.417553338,111987.417553338,221534.47727241,0.0418655981988155,0.0417844138263256,0.0419469403072106,0.00167360091020174,0.00203494601422844,0.00185533896416878,0.00203494601422844,0.00185533896416878,0.00367024757396966,60359546
"2020/05/21",665,161,227364,32330,7402.2010505013,114930.139914855,104751.139914855,114930.139914855,104751.139914855,206339.14733711,0.0419290447401824,0.0418477475251088,0.0420104998905707,0.00136506755256898,0.00190409218642657,0.00173545274702455,0.00190409218642657,0.00173545274702455,0.00341850065169658,60359546
"2020/05/22",642,156,228006,32486,7137.08118614255,109640.346202444,99902.3462024444,109640.346202444,99902.3462024444,197110.762842762,0.0419938719912483,0.0419124589142781,0.0420754432094794,0.00131449906459487,0.00181645412313811,0.00165512090171196,0.00181645412313811,0.00165512090171196,0.00326561042793069,60359546
"2020/05/23",652,130,228658,32616,7235.19016673794,107721.547105948,98133.5471059485,107721.547105948,98133.5471059485,190074.607822351,0.0420380720978731,0.0419565811756173,0.0421197212973341,0.0013301675247363,0.00178466463458735,0.00162581652131626,0.00178466463458735,0.00162581652131626,0.00314903971978766,60359546
"2020/05/24",669,119,229327,32735,7409.84046566973,106675.994429965,97162.9944299654,106675.994429965,97162.9944299654,184993.562884403,0.0420815729870523,0.0420000047819125,0.0421632996057952,0.0013597079383522,0.00176734255804319,0.00160973699884962,0.00176734255804319,0.00160973699884962,0.00306486007837772,60359546
"2020/05/25",531,50,229858,32785,5859.28056195114,96665.5968238189,88023.5968238189,96665.5968238189,88023.5968238189,174086.171329164,0.0420207144300137,0.0419392659954514,0.0421023210420579,0.00107114459909631,0.00160149641986735,0.0014583210553608,0.00160149641986735,0.0014583210553608,0.00288415309368237,60359546
"2020/05/26",300,92,230158,32877,3302.86441104074,89944.8409375031,81890.8409375031,89944.8409375031,81890.8409375031,161174.875395381,0.0419806927814597,0.0418993270051532,0.042062216564828,0.000602440654414438,0.00149015105145925,0.00135671731092051,0.00149015105145925,0.00135671731092051,0.00267024664823326,60359546
"2020/05/27",397,78,230555,32955,4360.09759190391,83110.2610324244,75651.2610324244,83110.2610324244,75651.2610324244,150234.494298301,0.0419502239846344,0.0418689213456091,0.0420316845001682,0.000793333784022182,0.00137691991640269,0.00125334377154567,0.00137691991640269,0.00125334377154567,0.00248899311300819,60359546
"2020/05/28",584,117,231139,33072,6407.32837442241,80618.7524517411,73364.7524517411,80618.7524517411,73364.7524517411,144214.94777417,0.0420137455090249,0.0419323268651314,0.0420953222408679,0.00116464925311495,0.00133564212778773,0.00121546229740928,0.00133564212778773,0.00121546229740928,0.00238926495196253,60359546
"2020/05/29",593,70,231732,33142,6491.71391281417,77271.6058275412,70299.6058275412,77271.6058275412,70299.6058275412,141552.672423751,0.0420285807209249,0.0419471369537126,0.0421101826178143,0.00117738388397745,0.00128018865197464,0.0011646808249277,0.00128018865197464,0.0011646808249277,0.00234515800406701,60359546
"2020/05/30",516,87,232248,33229,5640.25478551332,75344.1894028578,68531.1894028578,75344.1894028578,68531.1894028578,138737.534067611,0.0420586219840813,0.0419771249561678,0.0421402772354454,0.00102141393647226,0.00124825639680686,0.00113538278440427,0.00124825639680686,0.00113538278440427,0.00229851851549068,60359546
"2020/05/31",416,111,232664,33340,4544.29165414356,74852.5645982623,68074.5645982623,74852.5645982623,68074.5645982623,127412.147553657,0.0421071737025328,0.0420255893661331,0.0421889164187207,0.000822418930457625,0.00124011145806601,0.00112781770423294,0.00124011145806601,0.00112781770423294,0.00211088644625752,60359546
"2020/06/01",355,75,233019,33415,3871.8522907103,69661.9964515511,63341.9964515511,69661.9964515511,63341.9964515511,121260.379547011,0.0421052060885899,0.0420236296903847,0.0421869408431484,0.000699621655937653,0.00115411730319428,0.00104941141292797,0.00115411730319428,0.00104941141292797,0.00200896772064871,60359546
"2020/06/02",178,60,233197,33475,1937.76092188257,64197.5563229323,58364.5563229323,64197.5563229323,58364.5563229323,112003.462971911,0.0420588298447523,0.0419773463572808,0.0421404715022681,0.000349489731399929,0.00106358580501802,0.000966948232561795,0.00106358580501802,0.000966948232561795,0.00185560479483909,60359546
"2020/06/03",318,55,233515,33530,3455.47403719468,60515.9491739845,55006.9491739845,60515.9491739845,55006.9491739845,106560.100054,0.0420387053469271,0.041957263595258,0.0421203051822829,0.000622074191737506,0.00100259119202097,0.000911321453179659,0.00100259119202097,0.000911321453179659,0.00176542249098427,60359546
"2020/06/04",321,71,233836,33601,3483.96432976489,56764.7233370114,51586.7233370114,56764.7233370114,51586.7233370114,100205.20384675,0.042046909130841,0.0419654554593058,0.042128520901473,0.000626464409195828,0.00094044317922821,0.000854657245715722,0.00094044317922821,0.000854657245715722,0.0016601384617232,60359546
"2020/06/05",177,88,234013,33689,1920.09880004686,51274.9816713885,46588.9816713885,51274.9816713885,46588.9816713885,94557.6314366007,0.0420575848261437,0.0419761157286765,0.0421392120424299,0.00034508646168182,0.00084949250067899,0.000771857721915081,0.00084949250067899,0.000771857721915081,0.00156657294003836,60359546
"2020/06/06",518,85,234531,33774,5616.84997342195,51032.5510828593,46359.5510828594,51032.5510828593,46359.5510828594,95138.5649512836,0.0421325121824963,0.0420509030208508,0.0422142797249324,0.00100904358030475,0.000845476059128399,0.000768056656404595,0.000845476059128399,0.000768056656404595,0.00157619749080425,60359546
"2020/06/07",270,72,234801,33846,2925.72848049381,50655.4151523124,46012.4151523124,50655.4151523124,46012.4151523124,89001.8729943558,0.0421525869482203,0.042070943074477,0.0422343892620086,0.000525240625725187,0.00083922790195129,0.000762305520858497,0.00083922790195129,0.000762305520858497,0.00147452853595612,60359546
"2020/06/08",197,53,234998,33899,2132.29733158683,48427.6148919953,43984.6148919953,48427.6148919953,43984.6148919953,83731.9692754414,0.0421405053007468,0.0420588876565633,0.0422222813285731,0.000382369581887945,0.000802319071319644,0.000728710167766924,0.000802319071319644,0.000728710167766924,0.00138721999790127,60359546
"2020/06/09",280,65,235278,33964,3028.68246270683,45048.9689802798,40909.9689802798,45048.9689802798,40909.9689802798,79623.5705520056,0.0421629575059107,0.0420813000983752,0.0422447733670156,0.000542754571077639,0.000746343734598,0.00067777131690619,0.000746343734598,0.00067777131690619,0.00131915456342242,60359546
"2020/06/10",283,79,235561,34043,3060.73173313183,41617.9868005974,37788.9868005974,41617.9868005974,37788.9868005974,75449.1121183995,0.0422081439967395,0.0421264038282019,0.0422900427702029,0.000548426122012636,0.00068950132263416,0.000626064795129463,0.00068950132263416,0.000626064795129463,0.00124999469211381,60359546
"2020/06/11",202,71,235763,34114,2184.12029851775,38161.8523136018,34646.8523136018,38161.8523136018,34646.8523136018,70223.3919512476,0.0422332856876565,0.0421515010330837,0.0423152290253024,0.000391251284313101,0.000632242202643503,0.000574007834876721,0.000632242202643503,0.000574007834876721,0.00116341816009099,60359546
"2020/06/12",379,53,236142,34167,4095.10203494204,37712.6626944003,34234.6626944003,37712.6626944003,34234.6626944003,68459.2134242384,0.042271999415518,0.0421901427407064,0.0423540149074081,0.000733068030369678,0.000624800304071212,0.000567178929649344,0.000624800304071212,0.000567178929649344,0.00113419033046137,60359546
"2020/06/13",163,56,236305,34223,1760.31410873822,35601.1245124282,32315.1245124283,35601.1245124282,32315.1245124283,66916.6631219359,0.0422794677975665,0.0421975998468802,0.0423614945810151,0.000314953740606418,0.000589817632366357,0.000535377196382959,0.000589817632366357,0.000535377196382959,0.00110863430155581,60359546
"2020/06/14",346,78,236651,34301,3737.38283238097,37400.7464229266,33946.7464229266,37400.7464229266,33946.7464229266,66293.948362413,0.0423500441081889,0.0422680442553628,0.0424322030404326,0.000668825941156057,0.000619632666271656,0.000562408909154596,0.000619632666271656,0.000562408909154596,0.00109831754470806,60359546
"2020/06/15",338,44,236989,34345,3648.36657291996,37593.6389586519,34119.6389586519,37593.6389586519,34119.6389586519,63534.9865609105,0.0423802965780758,0.042298240526848,0.0424625118131245,0.000652430523720028,0.000622828391695523,0.000565273286824456,0.000622828391695523,0.000565273286824456,0.00105260875489207,60359546
"2020/06/16",301,26,237290,34371,3245.15575789986,37354.8303867869,33900.8303867869,37354.8303867869,33900.8303867869,60288.4284059962,0.042384056774687,0.0423019945733797,0.042466278169549,0.00057964038048603,0.000618871957499264,0.000561648200382205,0.000618871957499264,0.000561648200382205,0.000998821767247822,60359546
"2020/06/17",210,34,237500,34405,2262.01891724568,37696.7505039857,34209.7505039857,37696.7505039857,34209.7505039857,56910.1925377286,0.0423832823430833,0.0423012233474082,0.0424655005227781,0.000403670679726396,0.000624536680643451,0.000566766199732279,0.000624536680643451,0.000566766199732279,0.000942853223874954,60359546
"2020/06/18",328,43,237828,34448,3530.95707049277,35610.8576010565,32313.8576010565,35610.8576010565,32313.8576010565,55896.8579540778,0.0424165764810725,0.042334455372808,0.0424988568892822,0.00062974549099324,0.000589978884219184,0.000535356206971082,0.000589978884219184,0.000535356206971082,0.000926064916957423,60359546
"2020/06/19",331,66,238159,34514,3563.67928145139,36248.8084020141,32890.8084020141,36248.8084020141,32890.8084020141,55588.6849448189,0.0424806987749089,0.0423984574932248,0.0425630995819345,0.000635657632446055,0.000600548062472406,0.000544914774574582,0.000600548062472406,0.000544914774574582,0.000920959295234243,60359546
"2020/06/20",-148,47,238011,34561,-1592.79787760287,32523.7131928244,29510.7131928244,32523.7131928244,29510.7131928244,52058.1261453334,0.0424375220644735,0.0423553670159564,0.0425198364659245,-0.000283996937431541,0.000538832965920989,0.000488915426779791,0.000538832965920989,0.000488915426779791,0.000862467158804233,60359546
"2020/06/21",264,49,238275,34610,2840.41399253906,32335.4447226566,29338.4447226566,32335.4447226566,29338.4447226566,51443.0661006778,0.0424727352227794,0.0423905148034377,0.0425551151164136,0.000506306374685507,0.000535713849183965,0.000486061388245973,0.000535713849183965,0.000486061388245973,0.00085227722058542,60359546
"2020/06/22",224,24,238499,34634,2407.85347719071,31682.5664667155,28744.5664667155,31682.5664667155,28744.5664667155,50366.9552481036,0.0424739484142145,0.0423917267374015,0.0425563295656387,0.000428811208345467,0.000524897361996651,0.00047622237693298,0.000524897361996651,0.00047622237693298,0.000834448874882254,60359546
"2020/06/23",221,23,238720,34657,2373.54696421878,31871.9931324165,28914.9931324166,31871.9931324165,28914.9931324166,50820.4034122756,0.0424764679743744,0.0423942424690048,0.0425588529597427,0.000422335336843636,0.000528035667008107,0.000479045901578129,0.000528035667008107,0.000479045901578129,0.000841961326420109,60359546
"2020/06/24",113,18,238833,34675,1212.46633160112,28989.3574290756,26298.3574290756,28989.3574290756,26298.3574290756,46416.0197704547,0.0424560526891314,0.042373867424191,0.0425383973546219,0.00021553359233546,0.000480277923711945,0.000435695083410264,0.000480277923711945,0.000435695083410264,0.000768992195044918,60359546
"2020/06/25",577,-31,239410,34644,6176.78237329941,33405.8256936368,30300.8256936368,33405.8256936368,30300.8256936368,49667.0736632603,0.0424602756310346,0.0423780795443289,0.0425426311444237,0.00109547588690201,0.000553447265717287,0.000502005526907655,0.000553447265717287,0.000502005526907655,0.000822853665321809,60359546
"2020/06/26",296,34,239706,34678,3167.38841842389,32835.8312796797,29780.8312796797,32835.8312796797,29780.8312796797,50702.1647500974,0.0424954618537011,0.0424131995143235,0.0425778837446466,0.000561519668723299,0.000544003947274218,0.000493390577849604,0.000544003947274218,0.000493390577849604,0.00084000242066263,60359546
"2020/06/27",255,30,239961,34708,2727.20825179673,31914.6729585565,28942.6729585565,31914.6729585565,28942.6729585565,50400.6905391873,0.0425179992995085,0.0424356949099626,0.0426004633191147,0.000483226184836316,0.000528742760234753,0.000479504483989269,0.000528742760234753,0.000479504483989269,0.000835007780528821,60359546
"2020/06/28",175,8,240136,34716,1869.41667826068,30538.9338789173,27692.9338789173,30538.9338789173,27692.9338789173,49209.3754843161,0.0424990646598024,0.0424167969796466,0.0425814918987104,0.000330847770786194,0.000505950357527827,0.000458799572132589,0.000505950357527827,0.000458799572132589,0.000815270802141489,60359546
"2020/06/29",174,22,240310,34738,1857.31863177267,30134.2335934443,27324.2335934443,30134.2335934443,27324.2335934443,48882.5738175711,0.042497467068394,0.0424152035048646,0.0425798901807014,0.000328456316379982,0.000499245530995948,0.000452691171557923,0.000499245530995948,0.000452691171557923,0.000809856552227398,60359546
"2020/06/30",126,6,240436,34744,1343.34905621645,27946.625579168,25338.625579168,27946.625579168,25338.625579168,46130.8208388455,0.0424689828063564,0.0423867743117738,0.0425513507430454,0.000237280057775838,0.000463002580887007,0.000419794833764456,0.000463002580887007,0.000419794833764456,0.000764267193773218,60359546
"2020/07/01",142,23,240578,34767,1512.92830292208,25895.8746006387,23476.8746006387,25895.8746006387,23476.8746006387,45883.4350330293,0.0424658624485025,0.0423836611101828,0.0425482232128804,0.000267056028424609,0.000429026994348809,0.000388950483501627,0.000429026994348809,0.000388950483501627,0.000760168657216695,60359546
"2020/07/02",182,21,240760,34788,1937.80505650283,29426.4775347444,26677.4775347444,29426.4775347444,26677.4775347444,44083.8572571512,0.0424694920743682,0.0423872847045065,0.0425518588800538,0.000341824208709162,0.000487519861974184,0.000441976113185881,0.000487519861974184,0.000441976113185881,0.000730354354506762,60359546
"2020/07/03",201,30,240961,34818,2139.32819922637,28725.3917414317,26039.3917414317,28725.3917414317,26039.3917414317,42574.8188834576,0.0424895518724595,0.0424073073024211,0.0425719559473034,0.000377235720690255,0.000475904701825155,0.000431404698461975,0.000475904701825155,0.000431404698461975,0.000705353530715052,60359546
"2020/07/04",223,15,241184,34833,2371.70046048979,28689.2387247308,26004.2387247308,28689.2387247308,26004.2387247308,41701.3635860475,0.0424969247546429,0.0424146665277788,0.0425793425116046,0.000417896610098458,0.000475305740780933,0.000430822304805454,0.000475305740780933,0.000430822304805454,0.000690882658163922,60359546
"2020/07/05",235,21,241419,34854,2497.95654719521,28813.6483077072,26114.6483077072,28813.6483077072,26114.6483077072,41937.3012159971,0.0425150309205736,0.0424327386813839,0.0425974827538137,0.000439901995461226,0.000477366882575744,0.00043265150317246,0.000477366882575744,0.00043265150317246,0.000694791528352401,60359546
"2020/07/06",192,7,241611,34861,2038.98984278902,29640.1718188951,26862.1718188951,29640.1718188951,26862.1718188951,40445.3339882933,0.0425093605348841,0.0424270793560861,0.0425918012861177,0.000358742583549942,0.000491060218029061,0.000445036014997448,0.000491060218029061,0.000445036014997448,0.000670073528854795,60359546
"2020/07/07",208,8,241819,34869,2206.95551058493,25670.3449561806,23261.3449561806,25670.3449561806,23261.3449561806,39088.6102174269,0.0425083942472427,0.0424261150970531,0.0425908329656262,0.000387951876941303,0.000425290557291147,0.000385379720320969,0.000425290557291147,0.000385379720320969,0.000647596160140549,60359546
"2020/07/08",137,30,241956,34899,1453.27643677808,23956.2329745348,21706.2329745348,23956.2329745348,21706.2329745348,42134.6845318078,0.0425224321162211,0.0424401274626452,0.0426048963842091,0.000255405315962404,0.00039689219952938,0.00035961557720356,0.00039689219952938,0.00035961557720356,0.000698061654271021,60359546
"2020/07/09",193,15,242149,34914,2045.99310587679,23275.0178286149,21087.0178286149,23275.0178286149,21087.0178286149,41340.2636451455,0.0425288434382717,0.0424465270235937,0.0426113194889106,0.000359339582139993,0.000385606244099564,0.000349356799811166,0.000385606244099564,0.000349356799811166,0.00068490017544442,60359546
"2020/07/10",214,12,242363,34926,2267.00777879729,23672.6089291515,21445.6089291515,23672.6089291515,21445.6089291515,41199.4179467521,0.0425362884181116,0.0424539580459032,0.0426187784524694,0.000397874662077232,0.000392193290008369,0.000355297717599657,0.000392193290008369,0.000355297717599657,0.000682566730153207,60359546
"2020/07/11",276,12,242639,34938,2921.79237451266,24737.0826718915,22408.0826718915,24737.0826718915,22408.0826718915,41747.663357046,0.0425554230369057,0.0424730560878009,0.0426379497182014,0.000512440747461832,0.000409828839201201,0.000371243393247051,0.000409828839201201,0.000371243393247051,0.000691649724420492,60359546
"2020/07/12",188,7,242827,34945,1988.57167522905,25382.3052909041,22991.3052909041,25382.3052909041,22991.3052909041,42523.7687006739,0.0425534141075396,0.0424710511692693,0.0426359367699847,0.000348480663099842,0.000420518492483427,0.000380905868491855,0.000420518492483427,0.000380905868491855,0.0007045077625447,60359546
"2020/07/13",234,9,243061,34954,2473.25318934043,26342.6301773224,23859.6301773224,26342.6301773224,23859.6301773224,38820.2395167149,0.0425620008631259,0.0424796215643922,0.0426445399172578,0.000433087185436726,0.000436428567195029,0.000395291743535023,0.000436428567195029,0.000395291743535023,0.000643149958694436,60359546
"2020/07/14",169,13,243230,34967,1785.09081646082,26189.9159372804,23719.9159372804,26189.9159372804,23719.9159372804,37437.9419147519,0.0425642305016955,0.0424818474211258,0.0426467733439605,0.000312383410674252,0.000433898491172886,0.000392977043552985,0.000433898491172886,0.000392977043552985,0.00062024889840543,60359546
"2020/07/15",114,17,243344,34984,1203.51554176328,25254.1032798173,22871.1032798173,25254.1032798173,22871.1032798173,35914.2492047184,0.0425619512212096,0.0424795733594645,0.0426444888329608,0.000210500237451905,0.000418394520061786,0.000378914435171817,0.000418394520061786,0.000378914435171817,0.000595005290542086,60359546
"2020/07/16",162,13,243506,34997,1709.19890338785,24591.6017227154,22269.6017227154,24591.6017227154,22269.6017227154,35754.0314298456,0.0425638881379629,0.0424815070666716,0.0426464289644366,0.000298761225305862,0.000407418599913183,0.000368949125672936,0.000407418599913183,0.000368949125672936,0.000592350900549278,60359546
"2020/07/17",230,20,243736,35017,2425.68192173409,24519.3270972543,22202.3270972543,24519.3270972543,22202.3270972543,36322.394719807,0.0425872630764537,0.042504837789107,0.0426698482027352,0.000423832155039418,0.00040622119817227,0.000367834560870525,0.00040622119817227,0.000367834560870525,0.000601767195528724,60359546
"2020/07/18",231,11,243967,35028,2434.68957471753,24915.0268291828,22559.0268291828,24915.0268291828,22559.0268291828,37413.7352383081,0.0426007002129321,0.0425182493381929,0.0426833109754101,0.000425137336951688,0.00041277690904406,0.000373744143622001,0.00041277690904406,0.000373744143622001,0.000619847857011849,60359546
"2020/07/19",249,14,244216,35042,2622.99671449172,25331.0680330896,22934.0680330896,25331.0680330896,22934.0680330896,38523.8036498777,0.0426212859251584,0.0425387958359302,0.0427039359769499,0.000457773008112092,0.000419669624968511,0.000379957596650736,0.000419669624968511,0.000379957596650736,0.000638238790760251,60359546
"2020/07/20",218,3,244434,35045,2294.48646511702,26172.2780614285,23694.2780614285,26172.2780614285,23694.2780614285,38880.4850584919,0.0426230630820742,0.0425405694329934,0.0427057167008553,0.000400099991587292,0.000433606277645437,0.000392552290923933,0.000433606277645437,0.000392552290923933,0.000644148069942274,60359546
"2020/07/21",190,13,244624,35058,1998.64367588703,26124.9286314387,23649.9286314388,26124.9286314387,23649.9286314388,38739.8005351526,0.0426319179658393,0.0425494077363568,0.0427145881960911,0.000348314201522987,0.000432821821281405,0.000391817536723002,0.000432821821281405,0.000391817536723002,0.00064181729490067,60359546
"2020/07/22",128,15,244752,35073,1345.76321020022,25203.6840628417,22814.6840628417,25203.6840628417,22814.6840628417,37713.863284863,0.042632319969804,0.0425498096539565,0.0427149902852443,0.000234412825148912,0.000417559205346602,0.000377979716130431,0.000417559205346602,0.000377979716130431,0.000624820194718877,60359546
"2020/07/23",280,9,245032,35082,2941.86443139391,25223.7561197229,22830.7561197229,25223.7561197229,22830.7561197229,38157.7711690617,0.0426522026946251,0.0425696541872094,0.0427349112751306,0.00051208412790134,0.000417891746894898,0.000378245988127925,0.000417891746894898,0.000378245988127925,0.000632174588739645,60359546
"2020/07/24",306,10,245338,35092,3212.98321874438,26448.1676632383,23937.1676632383,26448.1676632383,23937.1676632383,39331.7645450171,0.0426781796120734,0.0425955811882858,0.0427609382050481,0.000558919836715676,0.000438177047641118,0.000396576337125503,0.000438177047641118,0.000396576337125503,0.000651624592156758,60359546
"2020/07/25",252,5,245590,35097,2643.90361236981,26618.8180862677,24089.8180862677,26618.8180862677,24089.8180862677,39768.712646802,0.0426883916116666,0.0426057734427578,0.0427711699880141,0.000459562656412486,0.000441004279360677,0.000399105355866455,0.000441004279360677,0.000399105355866455,0.000658863680763967,60359546
"2020/07/26",274,5,245864,35102,2872.414029446,27706.1412992528,25072.1412992528,27706.1412992528,25072.1412992528,41187.8502394699,0.042701728489158,0.0426190845207214,0.0427845327150378,0.000498881674396623,0.000459018384585809,0.000415379885383048,0.000459018384585809,0.000415379885383048,0.000682375083461858,60359546
"2020/07/27",254,5,246118,35107,2660.56919447501,29163.1949519646,26389.1949519646,29163.1949519646,26389.1949519646,41802.4263280681,0.0427108539217864,0.0426281923008374,0.0427936758343923,0.00046171016428716,0.000483157957350517,0.000437200023869705,0.000483157957350517,0.000437200023869705,0.000692557003793039,60359546
"2020/07/28",168,5,246286,35112,1758.27881792276,29212.2748664995,26432.2748664995,29212.2748664995,26432.2748664995,41293.6973671936,0.0427043605527462,0.0426217115024435,0.0427871698703229,0.000304873896984927,0.000483971083322917,0.000437913745515904,0.000483971083322917,0.000437913745515904,0.000684128693863827,60359546
"2020/07/29",202,11,246488,35123,2112.70364331373,28899.2965880791,26147.2965880791,28899.2965880791,26147.2965880791,40484.6086359946,0.0427107333350595,0.0426280723573074,0.0427935546024251,0.000366083224844947,0.000478785850842535,0.000433192399891131,0.000478785850842535,0.000433192399891131,0.000670724207170058,60359546
"2020/07/30",288,6,246776,35129,3009.73758501626,29474.3445983778,26665.3445983778,29474.3445983778,26665.3445983778,41505.7745457818,0.0427260849717111,0.0426433943537513,0.0428089359366226,0.000521097285797473,0.000488312894175477,0.000441775102125153,0.000488312894175477,0.000441775102125153,0.000687642258703898,60359546
"2020/07/31",382,3,247158,35132,3988.53021897697,30839.8781028631,27897.8781028631,30839.8781028631,27897.8781028631,43021.0515754184,0.0427541455728052,0.0426714005154579,0.0428370510829249,0.000689948136834227,0.000510936217162122,0.000462194962547649,0.000510936217162122,0.000462194962547649,0.000712746440727344,60359546
"2020/08/01",379,9,247537,35141,3954.31214531778,32499.7037830638,29396.7037830638,32499.7037830638,29396.7037830638,45190.2729042753,0.0427883852532048,0.0427055742006414,0.0428713568859864,0.000683528650202934,0.000538435192721029,0.000487026588686798,0.000538435192721029,0.000487026588686798,0.000748684771490417,60359546
"2020/08/02",295,5,247832,35146,3075.19832599069,33576.2584331675,30368.2584331675,33576.2584331675,30368.2584331675,47061.9556885027,0.0428018490176772,0.0427190118971665,0.0428848467689756,0.000531102417962438,0.000556270890989927,0.000503122711247157,0.000556270890989927,0.000503122711247157,0.000779693665828811,60359546
"2020/08/03",238,8,248070,35154,2478.95811045004,34709.4533334173,31391.4533334173,34709.4533334173,31391.4533334173,47831.7148955649,0.0428075638537285,0.0427247158549745,0.0428905725040109,0.000427775053830807,0.000575044970242442,0.000520074377852632,0.000575044970242442,0.000520074377852632,0.000792446565048136,60359546
"2020/08/04",159,12,248229,35166,1654.89160058684,33422.4805026102,30225.4805026103,33422.4805026102,30225.4805026103,47060.9245744177,0.0428034702615935,0.0427206306290304,0.0428864705286001,0.000285361917470883,0.000553723192394626,0.00050075725391656,0.000553723192394626,0.00050075725391656,0.000779676582962001,60359546
"2020/08/05",190,5,248419,35171,1975.68649676798,32185.1837806338,29104.1837806339,32185.1837806338,29104.1837806339,46601.9214964681,0.0427960095065034,0.0427131842818396,0.0428789953377331,0.000340358419032171,0.000533224417901252,0.000482180296396428,0.000533224417901252,0.000482180296396428,0.00077207210101395,60359546
"2020/08/06",384,10,248803,35181,3989.83927272234,33531.1194409864,30318.1194409864,33531.1194409864,30318.1194409864,47968.7640546988,0.0428285947137067,0.0427457067373828,0.0429116434176719,0.00068680526032345,0.000555523055806059,0.000502292039124787,0.000555523055806059,0.000502292039124787,0.000794717111601515,60359546
"2020/08/07",401,6,249204,35187,4162.77296157836,34821.4783731187,31481.4783731187,34821.4783731187,31481.4783731187,49837.0505511601,0.0428595292693513,0.0427765814687419,0.0429426379135202,0.000715937503364441,0.000576900932507324,0.000521565857588106,0.000576900932507324,0.000521565857588106,0.000825669738323746,60359546
"2020/08/08",552,3,249756,35190,5724.63765365332,37885.546832297,34247.546832297,37885.546832297,34247.546832297,53563.0445289264,0.0429120133042226,0.0428289637655513,0.0429952238840508,0.000983582885517965,0.000627664542610991,0.000567392386157064,0.000627664542610991,0.000567392386157064,0.000887399725122624,60359546
"2020/08/09",347,13,250103,35203,3595.95405141796,39723.2220657923,35906.2220657923,39723.2220657923,35906.2220657923,55813.2353701441,0.042939560558564,0.0428564582076928,0.0430228240520263,0.000617380386307542,0.000658110020671664,0.000594872301819372,0.000658110020671664,0.000594872301819372,0.000924679509188889,60359546
"2020/08/10",463,2,250566,35205,4792.70957224443,42403.227994723,38325.227994723,42403.227994723,38325.227994723,57664.0805109947,0.0429710827649845,0.042887919143351,0.0430544076485328,0.00082193082739657,0.000702510717935535,0.000634948910893448,0.000702510717935535,0.000634948910893448,0.000955343178210695,60359546
"2020/08/11",259,4,250825,35209,2678.04505875186,42071.5354684586,38022.5354684586,42071.5354684586,38022.5354684586,57129.1423510021,0.0429677855819696,0.0428846281953188,0.043051104218729,0.000458764739811833,0.000697015439255599,0.000629934086456823,0.000697015439255599,0.000629934086456823,0.000946480650318379,60359546
"2020/08/12",412,6,251237,35215,4255.40148447416,42338.4067339557,38259.4067339558,42338.4067339557,38259.4067339558,58740.6402231065,0.0429913377420982,0.0429081347505064,0.0430747020722765,0.000728178582164468,0.000701436798977178,0.000633858424547391,0.000701436798977178,0.000633858424547391,0.000973178960343845,60359546
"2020/08/13",476,10,251713,35225,4911.50409862287,43295.5986872608,39119.5986872608,43295.5986872608,39119.5986872608,60779.7302922833,0.0430295931011914,0.0429463163129712,0.0431130313706293,0.000839607103640161,0.000717294969171253,0.00064810955813453,0.000717294969171253,0.00064810955813453,0.00100696135607586,60359546
"2020/08/14",522,6,252235,35231,5379.97559042498,45600.3759516951,41197.3759516951,45600.3759516951,41197.3759516951,63499.1366882333,0.0430694361922459,0.0429860822533072,0.0431529517620841,0.000918637442891151,0.000755479107674122,0.000682532899629416,0.000755479107674122,0.000682532899629416,0.00105201481615242,60359546
"2020/08/15",574,3,252809,35234,5908.38211378538,49029.7999550305,44290.7999550305,49029.7999550305,44290.7999550305,67649.2399840959,0.0431125040913083,0.0430290665426507,0.0431961034334949,0.00100757942974176,0.000812295704726316,0.000733782854414287,0.000812295704726316,0.000733782854414287,0.00112077118645153,60359546
"2020/08/16",629,158,253438,35392,6494.35331856835,53869.261673012,48660.261673012,53869.261673012,48660.261673012,72030.8896593506,0.0433521893615159,0.0432682982013861,0.0434362431748361,0.00111090063387165,0.000892472943269189,0.000806173420737989,0.000892472943269189,0.000806173420737989,0.00119336367538865,60359546
"2020/08/17",477,4,253915,35396,4918.21655838601,56811.79173463,51315.79173463,56811.79173463,51315.79173463,73939.3686327203,0.0433742183675225,0.0432902843431208,0.0434583151286805,0.000840138625060355,0.000941222979619993,0.000850168616818788,0.000941222979619993,0.000850168616818788,0.00122498218645847,60359546
"2020/08/18",320,4,254235,35400,3294.67439086813,56116.6268527758,50684.6268527758,56116.6268527758,50684.6268527758,73245.5128046115,0.0433662526927783,0.0432823338239708,0.0434503342694603,0.000561990607803067,0.000929705913506636,0.000839711863518255,0.000929705913506636,0.000839711863518255,0.00121348680794603,60359546
"2020/08/19",401,5,254636,35405,4122.62064701914,56076.4745382166,50644.4745382166,56076.4745382166,50644.4745382166,73413.8213063128,0.0433713399982606,0.0432874110789104,0.0434554316453722,0.000702192862618467,0.000929040694544266,0.000839046644555885,0.000929040694544266,0.000839046644555885,0.00121627524014698,60359546
"2020/08/20",642,7,255278,35412,6590.96264755738,56942.7995321206,51420.7995321206,56942.7995321206,51420.7995321206,76929.5856278795,0.0434191429314534,0.0433351214315935,0.0435033273387244,0.00112102864034568,0.000943393436592791,0.000851908321711377,0.000943393436592791,0.000851908321711377,0.00127452227072549,60359546
"2020/08/21",840,6,256118,35418,8611.08814300134,61957.933623704,55942.933623704,61957.933623704,55942.933623704,83061.7156604308,0.0434983602658629,0.0434141853227854,0.0435826984141461,0.00146248297396268,0.00102648110745737,0.000926828270439675,0.00102648110745737,0.000926828270439675,0.00137611564640382,60359546
"2020/08/22",947,9,257065,35427,9694.07401885678,66859.2980703163,60360.2980703164,66859.2980703163,60360.2980703164,91100.8980787008,0.0435966720186343,0.043512306868129,0.0436812007430599,0.00164405642745789,0.00110768391250518,0.00100001245984051,0.00110768391250518,0.00100001245984051,0.00150930389832125,60359546
"2020/08/23",1071,3,258136,35430,10944.7304349316,75125.983446496,67814.9834464961,75125.983446496,67814.9834464961,100069.942016864,0.0437037003898883,0.0436191277194792,0.0437884370373633,0.00185299694647914,0.00124464129412928,0.00112351712265192,0.00124464129412928,0.00112351712265192,0.00165789752654641,60359546
"2020/08/24",1209,7,259345,35437,12333.5270049906,83204.1089670125,75096.1089670125,83204.1089670125,75096.1089670125,108413.629749133,0.0438321630729813,0.0437473416273674,0.0439171489783628,0.00208450198364251,0.00137847473151989,0.00124414635204533,0.00137847473151989,0.00124414635204533,0.00179613063605768,60359546
"2020/08/25",953,4,260298,35441,9702.50062962289,87995.1054980125,79410.1054980125,87995.1054980125,79410.1054980125,113953.357417177,0.0439051682383398,0.0438202050699844,0.0439902961421172,0.00163654704406561,0.00145784902852007,0.00131561800511244,0.00145784902852007,0.00131561800511244,0.00188790945208861,60359546
"2020/08/26",876,4,261174,35445,8899.01140767373,91514.1413152613,82575.1413152613,91514.1413152613,82575.1413152613,117127.731171198,0.0439563510679535,0.043871288340838,0.0440415787245209,0.00149772974949049,0.0015161502592359,0.00136805438058234,0.0015161502592359,0.00136805438058234,0.00194050053277733,60359546
"2020/08/27",1366,13,262540,35458,13847.6630609356,99453.4222624115,89722.4222624115,99453.4222624115,89722.4222624115,127379.440180715,0.0440935742944171,0.044008246070226,0.044179067962735,0.00232571402445883,0.00164768340474946,0.00148646615503721,0.00164768340474946,0.00148646615503721,0.00211034457052933,60359546
"2020/08/28",1409,5,263949,35463,14248.238776866,107207.307720709,96696.3077207092,107207.307720709,96696.3077207092,136834.969385337,0.0442205609986731,0.0441349864867956,0.0443063014332723,0.00238707141135622,0.0017761450313213,0.00160200521920276,0.0017761450313213,0.00160200521920276,0.00226699798877441,60359546
"2020/08/29",1460,9,265409,35472,14726.3549566643,117015.446118987,105521.446118987,117015.446118987,105521.446118987,148883.279283249,0.0443518857278391,0.0442660567438365,0.0444378811286187,0.00246088720512708,0.00193864026278441,0.00174821470855641,0.00193864026278441,0.00174821470855641,0.00246660700998727,60359546
"2020/08/30",1444,1,266853,35473,14521.5138860286,128242.285614148,115624.285614148,128242.285614148,115624.285614148,159149.391684804,0.0444601400373057,0.0443741006024942,0.0445463462988076,0.00241941646122214,0.0021246396653505,0.0019155923673473,0.0021246396653505,0.0019155923673473,0.00263668967431935,60359546
"2020/08/31",1365,4,268218,35477,13684.2616174269,137803.926584556,124221.926584556,137803.926584556,124221.926584556,167922.149203608,0.0445482524814551,0.0444620417072536,0.0446346304161671,0.00227281517853172,0.00228305107835894,0.00205803281861258,0.00228305107835894,0.00205803281861258,0.00278203134933466,60359546
"2020/09/01",996,6,269214,35483,9952.39320619725,141165.357143196,127229.357143196,141165.357143196,127229.357143196,172494.56681938,0.0445676632540338,0.0444814141632396,0.0446540795810952,0.00164759228340849,0.00233874120165178,0.00210785808665949,0.00233874120165178,0.00210785808665949,0.00285778436470314,60359546
"2020/09/02",975,8,270189,35491,9709.76563308177,142264.034633276,128193.034633276,142264.034633276,128193.034633276,176295.950338676,0.0445785390108413,0.0444922682103348,0.0446649770909971,0.00160201624070729,0.0023569434175876,0.00212382370525577,0.0023569434175876,0.00212382370525577,0.0029207633592651,60359546
"2020/09/03",1326,6,271515,35497,13158.9763588036,145728.936973223,131278.936973223,145728.936973223,131278.936973223,182960.573378912,0.0446402322572727,0.0445538412385863,0.0447267907903172,0.00216348916606801,0.0024143477979974,0.00217494904572713,0.0024143477979974,0.00217494904572713,0.00303117875304946,60359546
"2020/09/04",1397,10,272912,35507,13815.7438063112,148599.950344603,133823.950344603,148599.950344603,133823.950344603,191858.100626837,0.0447151336043026,0.0446285970655982,0.0448018379406306,0.00226363380922064,0.00246191298961398,0.00221711326895339,0.00246191298961398,0.00221711326895339,0.0031785875365404,60359546
"2020/09/05",1732,11,274644,35518,17068.8972701072,153335.320609719,138036.320609719,153335.320609719,138036.320609719,205632.323506076,0.0448416648120127,0.0447548828824756,0.0449286150159995,0.00278687235146891,0.00254036570470095,0.00228690124027307,0.00254036570470095,0.00228690124027307,0.00340679042725199,60359546
"2020/09/06",1694,16,276338,35534,16636.5563425026,160269.376322599,144229.376322599,160269.376322599,144229.376322599,218146.259201559,0.0449619020009636,0.044874887173918,0.045049085554453,0.00270687062910316,0.00265524489403215,0.0023895039953183,0.00265524489403215,0.0023895039953183,0.0036141136515765,60359546
"2020/09/07",1296,7,277634,35541,12678.5589346419,164048.923849567,147588.923849567,164048.923849567,147588.923849567,224233.855488644,0.0449978307529312,0.0449107455149959,0.0450850848555465,0.00205489114853397,0.00271786212324339,0.00244516292169539,0.00271786212324339,0.00244516292169539,0.00371496921942793,60359546
"2020/09/08",1150,12,278784,35553,11206.6047588215,161407.865547453,145163.865547453,161407.865547453,145163.865547453,226829.372104464,0.0450088685310392,0.0449217613570895,0.0450961446133202,0.00180927384738405,0.002674106686413,0.00240498604060827,0.002674106686413,0.00240498604060827,0.00375797014948496,60359546
"2020/09/09",1369,10,280153,35563,13287.0001433407,160446.626913928,144242.626913928,160446.626913928,144242.626913928,230422.298228948,0.0450477189152143,0.0449605358136376,0.0451350710737887,0.00213650772143659,0.00265818147329882,0.00238972352300211,0.00265818147329882,0.00238972352300211,0.00381749554956805,60359546
"2020/09/10",1430,14,281583,35577,13824.0372277754,159544.309185039,143370.309185039,159544.309185039,143370.309185039,233301.605021792,0.0450982120490334,0.0450109307540152,0.0451856625923728,0.00221405185068682,0.0026432324256554,0.0023752714969897,0.0026432324256554,0.0023752714969897,0.00386519814151339,60359546
"2020/09/11",1597,10,283180,35587,15374.8842901088,160397.679589119,144070.679589119,160397.679589119,144070.679589119,236342.96230691,0.0451672399462372,0.0450798242993783,0.0452548251034132,0.00245229567016378,0.00265737054399182,0.00238687480500796,0.00265737054399182,0.00238687480500796,0.00391558548679127,60359546
"2020/09/12",1616,10,284796,35597,15492.8759616476,162206.29393334,145628.29393334,162206.29393334,145628.29393334,242133.337638935,0.0452354180401413,0.0451478696692997,0.0453231361801723,0.00246080254206233,0.00268733455903296,0.00241268040573631,0.00268733455903296,0.00241268040573631,0.00401151687984755,60359546
"2020/09/13",1501,6,286297,35603,14327.5777847304,166581.478511873,149498.478511873,166581.478511873,149498.478511873,247561.904015992,0.0452754645807301,0.0451878376326147,0.0453632614524896,0.00226578602123046,0.00275981993820618,0.00247679925412084,0.00275981993820618,0.00247679925412084,0.00410145404367342,60359546
"2020/09/14",1456,7,287753,35610,13836.6713033585,170708.384182149,153144.384182149,170708.384182149,153144.384182149,247550.912258414,0.0453047924120843,0.045217107679776,0.045392647182077,0.00217849169625651,0.00282819198444848,0.00253720238687928,0.00282819198444848,0.00253720238687928,0.00410127193896413,60359546
"2020/09/15",1008,14,288761,35624,9538.179752376,167087.587575722,149841.587575722,167087.587575722,149841.587575722,242840.853233924,0.0452686500024109,0.0451810346734901,0.0453564352354942,0.00149528683191425,0.00276820484328563,0.00248248367500514,0.00276820484328563,0.00248248367500514,0.0040232385650138,60359546
"2020/09/16",1229,9,289990,35633,11577.6596277997,164849.50339721,147771.50339721,164849.50339721,147771.50339721,239692.15790506,0.0452591040212058,0.0451715062707898,0.0453468716434395,0.00180693989936446,0.00273112563499418,0.00244818778784735,0.00273112563499418,0.00244818778784735,0.00397107290875017,60359546
"2020/09/17",1452,12,291442,35645,13619.1213014665,161399.72742857,144601.72742857,161399.72742857,144601.72742857,238789.765320498,0.0452885739389679,0.0452009184779577,0.0453763993850161,0.00211634075406166,0.00267397185904231,0.00239567288045158,0.00267397185904231,0.00239567288045158,0.0039561226209438,60359546
"2020/09/18",1583,13,293025,35658,14784.3798886781,159547.550974745,142860.550974745,159547.550974745,142860.550974745,239889.883591749,0.0453399366056369,0.0452521811464122,0.0454278622449597,0.00228759609898923,0.00264328613364231,0.00236682613508632,0.00264328613364231,0.00236682613508632,0.00397434870685987,60359546
"2020/09/19",1907,10,294932,35668,17732.7826999641,164601.774740067,147303.774740067,164601.774740067,147303.774740067,247670.273085516,0.0454362133868677,0.045348270794064,0.0455243265242037,0.00273185174446491,0.0027270214182868,0.00244043874584589,0.0027270214182868,0.00244043874584589,0.00410324943606295,60359546
"2020/09/20",1637,24,296569,35692,15161.034952727,168556.204933973,150771.204933973,168556.204933973,150771.204933973,253121.542405161,0.0455050879227348,0.0454170122002007,0.0455933344476297,0.0023262857160509,0.00279253599644326,0.00249788500619227,0.00279253599644326,0.00249788500619227,0.00419356272834061,60359546
"2020/09/21",1587,15,298156,35707,14634.0542176909,169903.259008323,151900.259008323,169903.259008323,151900.259008323,254596.620264048,0.045549679112706,0.0454615166117349,0.0456380125852407,0.00223566345716256,0.00281485316354637,0.00251659048277671,0.00281485316354637,0.00251659048277671,0.00421800091511702,60359546
"2020/09/22",1350,17,299506,35724,12394.2272329876,168473.449013535,150550.449013535,168473.449013535,150550.449013535,253175.103690724,0.0455559647411086,0.0454677897232086,0.0456443107555279,0.00188520757119815,0.00279116494702487,0.00249422765727123,0.00279116494702487,0.00249422765727123,0.00419445009892428,60359546
"2020/09/23",1391,14,300897,35738,12713.1614184905,165811.726141917,148094.726141917,165811.726141917,148094.726141917,248819.367839108,0.0455615326026735,0.0454733462391853,0.0456498899857886,0.00192501460118116,0.00274706715225984,0.00245354274437248,0.00274706715225984,0.00245354274437248,0.00412228693435017,60359546
"2020/09/24",1640,20,302537,35758,14923.8211180137,165242.671298283,147501.671298283,165242.671298283,147501.671298283,247106.632614619,0.0456109080237902,0.0455226259457109,0.0456993613073997,0.00224993647843808,0.00273763940004259,0.00244371737485042,0.00273763940004259,0.00244371737485042,0.00409391138585799,60359546
"2020/09/25",1786,23,304323,35781,16183.1685563386,167098.262069891,149072.262069891,167098.262069891,149072.262069891,250611.242236316,0.045684714480449,0.0455962896152461,0.0457733108279556,0.0024294037416998,0.00276838169176904,0.00246973796108227,0.00276838169176904,0.00246973796108227,0.00415197361219907,60359546
"2020/09/26",1912,20,306235,35801,17249.1900221432,170510.780788676,152028.780788676,170510.780788676,152028.780788676,256653.827499637,0.0457709239488974,0.0456823320784529,0.0458596876257965,0.00257812256823549,0.0028249182124179,0.00251871975293976,0.0028249182124179,0.00251871975293976,0.00425208346496903,60359546
"2020/09/27",1869,17,308104,35818,16785.2212949546,177757.822331255,158414.822331255,177757.822331255,158414.822331255,260152.048651251,0.0458425895535459,0.0457538586058344,0.045931492578134,0.00249746192970569,0.00294498275933445,0.00262451977904629,0.00294498275933445,0.00262451977904629,0.00431003985104943,60359546
"2020/09/28",1766,17,309870,35835,15787.3610872467,181967.523790702,162087.523790702,181967.523790702,162087.523790702,262115.372510723,0.0458936300652629,0.0458047999416592,0.0459826324588223,0.00233820411606424,0.0030147265155159,0.00268536684803265,0.0030147265155159,0.00268536684803265,0.00434256699861067,60359546
"2020/09/29",1494,16,311364,35851,13292.986537719,181641.389026954,161719.389026954,181641.389026954,161719.389026954,260033.474758333,0.0458980675506091,0.0458092283650216,0.0459870790246453,0.00195951488951056,0.00300932331444233,0.00267926781667566,0.00300932331444233,0.00267926781667566,0.00430807539139431,60359546
"2020/09/30",1647,24,313011,35875,14587.8907304117,181444.899868688,161458.899868688,181444.899868688,161458.899868688,259128.489527097,0.0459317019387,0.0458427977278772,0.0460207785639281,0.00214064888755856,0.00300606800237841,0.00267495219179892,0.00300606800237841,0.00267495219179892,0.00429308215020532,60359546
"2020/10/01",1850,19,314861,35894,16309.0767847371,180021.193953461,160092.193953461,180021.193953461,160092.193953461,261109.988527104,0.0459865209607048,0.0458975103721892,0.0460757041704542,0.00238199618692393,0.00298248091450954,0.00265230944502897,0.00298248091450954,0.00265230944502897,0.00432591041236631,60359546
"2020/10/02",2548,24,317409,35918,22359.8780969831,187220.037097717,166380.037097717,187220.037097717,166380.037097717,269633.195320728,0.0461469795131751,0.0460576584247799,0.0462364738248105,0.00325082413056521,0.00310174693987454,0.00275648258019894,0.00310174693987454,0.00275648258019894,0.00446711768376668,60359546
"2020/10/03",2499,23,319908,35941,21827.6481023656,194413.630982392,172661.630982392,194413.630982392,172661.630982392,281922.663670718,0.0462934794276458,0.046203874772745,0.0463832578557251,0.00315865116965113,0.00322092599872092,0.00286055218146259,0.00322092599872092,0.00286055218146259,0.00467072207055232,60359546
"2020/10/04",2843,27,322751,35968,24715.663071667,206735.066821071,183490.066821071,206735.066821071,183490.066821071,295060.667114585,0.0464854498978486,0.0463954739072082,0.046575600381348,0.00355976811043214,0.00342506000328549,0.00303995107619052,0.00342506000328549,0.00303995107619052,0.00488838446721559,60359546
"2020/10/05",2578,18,325329,35986,22296.4400729656,216318.345475546,191886.345475546,216318.345475546,191886.345475546,303737.985886084,0.0466154014092521,0.04652517343812,0.04670580436279,0.00319478897976702,0.00358382989619481,0.0031790554798995,0.00358382989619481,0.0031790554798995,0.00503214497150267,60359546
"2020/10/06",2257,16,327586,36002,19414.0171769355,220808.541534468,195759.541534468,220808.541534468,195759.541534468,308367.623174342,0.0466834795866516,0.0465931191907942,0.0467740152230011,0.00276664410131805,0.00365822071515362,0.00324322422064718,0.00365822071515362,0.00324322422064718,0.0051088459673693,60359546
"2020/10/07",2677,28,330263,36030,22904.4692126573,227529.842190786,201589.842190786,227529.842190786,201589.842190786,313539.309687035,0.0468150851624663,0.0467244701715501,0.0469058758873513,0.00324672965724783,0.00376957510897757,0.00333981707203011,0.00376957510897757,0.00333981707203011,0.00519452730288983,60359546
"2020/10/08",3677,31,333940,36061,31290.9026529239,241571.554821567,213866.554821567,241571.554821567,213866.554821567,329669.177387232,0.0470811367277689,0.0469900070813196,0.0471724431056763,0.00441160467789908,0.00400220960610882,0.00354321012987022,0.00400220960610882,0.00354321012987022,0.00546175707463459,60359546
"2020/10/09",4458,22,338398,36083,37715.2300756432,262501.563602256,232207.563602256,262501.563602256,232207.563602256,352750.353245184,0.0474305892751199,0.0473387828510943,0.0475225737438476,0.00528624751663568,0.00434896517615053,0.00384707273315568,0.00434896517615053,0.00384707273315568,0.00584415186365358,60359546
"2020/10/10",5372,28,343770,36111,45173.8563142022,291888.058829211,257988.058829211,291888.058829211,257988.058829211,385529.982326399,0.0478931245953793,0.0478004228430995,0.0479860061288067,0.00629350184399409,0.00483582263573042,0.00427418819268805,0.00483582263573042,0.00427418819268805,0.00638722468731622,60359546
"2020/10/11",5724,29,349494,36140,47820.5042035565,326415.576495049,288285.576495049,326415.576495049,288285.576495049,420637.325111465,0.0483735862381118,0.0482799543863421,0.0484673996750504,0.00661885263850232,0.00540785340723154,0.00477613891421663,0.00540785340723154,0.00477613891421663,0.00696886164636601,60359546
"2020/10/12",5456,26,354950,36166,45250.8008191475,357078.486583785,315139.486583785,357078.486583785,315139.486583785,450964.304812598,0.0487722873441253,0.0486778832395207,0.0488668745325941,0.0062177350615671,0.00591585772669305,0.00522103805392745,0.00591585772669305,0.00522103805392745,0.00747130047685578,60359546
"2020/10/13",4619,39,359569,36205,38016.8319143158,378786.241713363,334078.241713363,378786.241713363,334078.241713363,472797.968170576,0.0490302647287902,0.0489353614987936,0.0491253520102128,0.00518391555698302,0.00627549852202936,0.00553480375272146,0.00627549852202936,0.00553480375272146,0.00783302724262664,60359546
"2020/10/14",5898,41,365467,36246,48144.4513038852,404570.814920265,356512.814920265,404570.814920265,356512.814920265,503693.229452318,0.0494246584713759,0.0493289920360505,0.0495205104378965,0.00651091087016424,0.00670268154303655,0.00590648602493242,0.00670268154303655,0.00590648602493242,0.00834488101438532,60359546
"2020/10/15",7332,43,372799,36289,59327.0678811848,442070.234699085,389179.234699085,442070.234699085,389179.234699085,546235.076038548,0.0499757364493505,0.0498790035314234,0.0500726569664024,0.00795311658224088,0.00732394896905097,0.00644768326619098,0.00732394896905097,0.00644768326619098,0.00904968828026884,60359546
"2020/10/16",8803,83,381602,36372,70640.0822094269,487994.653836844,429143.653836844,487994.653836844,429143.653836844,601087.797160728,0.0507323724101554,0.0506341779713848,0.0508307572765817,0.00939130024929806,0.00808479662582029,0.00710978929226612,0.00808479662582029,0.00710978929226612,0.00995845457751998,60359546
"2020/10/17",10009,55,391611,36427,79526.4189422556,545224.632706134,478942.632706134,545224.632706134,478942.632706134,667321.229565265,0.051550116983119,0.0514503404715446,0.0516500869890837,0.0104685419963224,0.0090329478738315,0.00793482828227592,0.0090329478738315,0.00793482828227592,0.0110557695308918,60359546
"2020/10/18",10925,47,402536,36474,85841.756546662,611652.372075861,536702.372075861,611652.372075861,536702.372075861,738575.095381515,0.052400558081587,0.0522991353307264,0.0525021775197223,0.01117454327004,0.0101334819860285,0.0088917562778862,0.0101334819860285,0.0088917562778862,0.0122362599510194,60359546
"2020/10/19",11705,69,414241,36543,90894.8126967545,679642.715559958,595664.715559958,679642.715559958,595664.715559958,813160.831293532,0.053293568097421,0.0531904180949474,0.0533969181344759,0.0116939387703217,0.0112599043664105,0.00986860828210931,0.0112599043664105,0.00986860828210931,0.0134719507547908,60359546
"2020/10/20",9337,73,423578,36616,71570.5846185817,719922.397525616,630284.397525616,719922.397525616,630284.397525616,862371.537815131,0.0537916216139776,0.0536875087776659,0.0538959363498174,0.00908899377799109,0.011927233473983,0.0104421659752977,0.011927233473983,0.0104421659752977,0.014287243608743,60359546
"2020/10/21",10871,89,434449,36705,82187.1209390544,764394.288389027,668343.288389027,764394.288389027,668343.288389027,922731.01065182,0.054416061920772,0.0543107425891361,0.0545215854875387,0.0102941874929153,0.0126640165316854,0.0110727023756777,0.0126640165316854,0.0110727023756777,0.0152872423966181,60359546
