"","date","cases","deaths","cum_cases","cum_deaths","cases_daily","cases_active","cases_active_undected","p_cases","p_cases_low","p_cases_high","p_cases_daily","p_cases_active","p_cases_active_undetected","population"
"34173","2019/12/31",0,0,0,0,0,0,0,NA,NA,NA,0,0,0,4974992
"34172","2020/01/01",0,0,0,0,0,0,0,NA,NA,NA,0,0,0,4974992
"34171","2020/01/02",0,0,0,0,0,0,0,NA,NA,NA,0,0,0,4974992
"34170","2020/01/03",0,0,0,0,0,0,0,NA,NA,NA,0,0,0,4974992
"34169","2020/01/04",0,0,0,0,0,0,0,NA,NA,NA,0,0,0,4974992
"34168","2020/01/05",0,0,0,0,0,0,0,NA,NA,NA,0,0,0,4974992
"34167","2020/01/06",0,0,0,0,0,0,0,NA,NA,NA,0,0,0,4974992
"34166","2020/01/07",0,0,0,0,0,0,0,NA,NA,NA,0,0,0,4974992
"34165","2020/01/08",0,0,0,0,0,0,0,NA,NA,NA,0,0,0,4974992
"34164","2020/01/09",0,0,0,0,0,0,0,NA,NA,NA,0,0,0,4974992
"34163","2020/01/10",0,0,0,0,0,0,0,NA,NA,NA,0,0,0,4974992
"34162","2020/01/11",0,0,0,0,0,0,0,NA,NA,NA,0,0,0,4974992
"34161","2020/01/12",0,0,0,0,0,0,0,NA,NA,NA,0,0,0,4974992
"34160","2020/01/13",0,0,0,0,0,0,0,NA,NA,NA,0,0,0,4974992
"34159","2020/01/14",0,0,0,0,0,0,0,NA,NA,NA,0,0,0,4974992
"34158","2020/01/15",0,0,0,0,0,0,0,NA,NA,NA,0,0,0,4974992
"34157","2020/01/16",0,0,0,0,0,0,0,NA,NA,NA,0,0,0,4974992
"34156","2020/01/17",0,0,0,0,0,0,0,NA,NA,NA,0,0,0,4974992
"34155","2020/01/18",0,0,0,0,0,0,0,NA,NA,NA,0,0,0,4974992
"34154","2020/01/19",0,0,0,0,0,0,0,NA,NA,NA,0,0,0,4974992
"34153","2020/01/20",0,0,0,0,0,0,0,NA,NA,NA,0,0,0,4974992
"34152","2020/01/21",0,0,0,0,0,0,0,NA,NA,NA,0,0,0,4974992
"34151","2020/01/22",0,0,0,0,0,0,0,NA,NA,NA,0,0,0,4974992
"34150","2020/01/23",0,0,0,0,0,0,0,NA,NA,NA,0,0,0,4974992
"34149","2020/01/24",0,0,0,0,0,0,0,NA,NA,NA,0,0,0,4974992
"34148","2020/01/25",0,0,0,0,0,0,0,NA,NA,NA,0,0,0,4974992
"34147","2020/01/26",0,0,0,0,0,0,0,NA,NA,NA,0,0,0,4974992
"34146","2020/01/27",0,0,0,0,0,0,0,NA,NA,NA,0,0,0,4974992
"34145","2020/01/28",0,0,0,0,0,0,0,NA,NA,NA,0,0,0,4974992
"34144","2020/01/29",0,0,0,0,0,0,0,NA,NA,NA,0,0,0,4974992
"34143","2020/01/30",0,0,0,0,0,0,0,NA,NA,NA,0,0,0,4974992
"34142","2020/01/31",0,0,0,0,0,0,0,NA,NA,NA,0,0,0,4974992
"34141","2020/02/01",0,0,0,0,0,0,0,NA,NA,NA,0,0,0,4974992
"34140","2020/02/02",0,0,0,0,0,0,0,NA,NA,NA,0,0,0,4974992
"34139","2020/02/03",0,0,0,0,0,0,0,NA,NA,NA,0,0,0,4974992
"34138","2020/02/04",0,0,0,0,0,0,0,NA,NA,NA,0,0,0,4974992
"34137","2020/02/05",0,0,0,0,0,0,0,NA,NA,NA,0,0,0,4974992
"34136","2020/02/06",0,0,0,0,0,0,0,NA,NA,NA,0,0,0,4974992
"34135","2020/02/07",0,0,0,0,0,0,0,NA,NA,NA,0,0,0,4974992
"34134","2020/02/08",0,0,0,0,0,0,0,NA,NA,NA,0,0,0,4974992
"34133","2020/02/09",0,0,0,0,0,0,0,NA,NA,NA,0,0,0,4974992
"34132","2020/02/10",0,0,0,0,0,0,0,NA,NA,NA,0,0,0,4974992
"34131","2020/02/11",0,0,0,0,0,0,0,NA,NA,NA,0,0,0,4974992
"34130","2020/02/12",0,0,0,0,0,0,0,NA,NA,NA,0,0,0,4974992
"34129","2020/02/13",0,0,0,0,0,0,0,NA,NA,NA,0,0,0,4974992
"34128","2020/02/14",0,0,0,0,0,0,0,NA,NA,NA,0,0,0,4974992
"34127","2020/02/15",0,0,0,0,0,0,0,NA,NA,NA,0,0,0,4974992
"34126","2020/02/16",0,0,0,0,0,0,0,NA,NA,NA,0,0,0,4974992
"34125","2020/02/17",0,0,0,0,0,0,0,NA,NA,NA,0,0,0,4974992
"34124","2020/02/18",0,0,0,0,0,0,0,NA,NA,NA,0,0,0,4974992
"34123","2020/02/19",0,0,0,0,0,0,0,NA,NA,NA,0,0,0,4974992
"34122","2020/02/20",0,0,0,0,0,0,0,NA,NA,NA,0,0,0,4974992
"34121","2020/02/21",0,0,0,0,0,0,0,NA,NA,NA,0,0,0,4974992
"34120","2020/02/22",0,0,0,0,0,0,0,NA,NA,NA,0,0,0,4974992
"34119","2020/02/23",0,0,0,0,0,0,0,NA,NA,NA,0,0,0,4974992
"34118","2020/02/24",0,0,0,0,0,0,0,NA,NA,NA,0,0,0,4974992
"34117","2020/02/25",2,0,2,0,2,2,0,NA,NA,NA,4.02010696700618e-07,4.02010696700618e-07,0,4974992
"34116","2020/02/26",2,0,4,0,2,4,0,0,NA,NA,4.02010696700618e-07,8.04021393401236e-07,0,4974992
"34115","2020/02/27",0,0,4,0,0,4,0,0,NA,NA,0,8.04021393401236e-07,0,4974992
"34114","2020/02/28",2,0,6,0,2,6,0,0,NA,NA,4.02010696700618e-07,1.20603209010185e-06,0,4974992
"34113","2020/02/29",0,0,6,0,0,6,0,0,0,NA,0,1.20603209010185e-06,0,4974992
"34112","2020/03/01",0,0,6,0,0,6,0,0,0,NA,0,1.20603209010185e-06,0,4974992
"34111","2020/03/02",0,0,6,0,0,6,0,0,0,NA,0,1.20603209010185e-06,0,4974992
"34110","2020/03/03",1,0,7,0,1,7,0,0,0,NA,2.01005348350309e-07,1.40703743845216e-06,0,4974992
"34109","2020/03/05",8,0,15,0,8,15,0,0,0,NA,1.60804278680247e-06,3.01508022525463e-06,0,4974992
"34108","2020/03/06",1,0,16,0,1,16,0,0,0,NA,2.01005348350309e-07,3.21608557360494e-06,0,4974992
"34107","2020/03/10",2,0,18,0,2,18,0,0,0,NA,4.02010696700618e-07,3.61809627030556e-06,0,4974992
"34106","2020/03/11",0,0,18,0,0,18,0,0,0,NA,0,3.61809627030556e-06,0,4974992
"34105","2020/03/14",2,0,20,0,2,18,0,0,0,NA,4.02010696700618e-07,3.61809627030556e-06,0,4974992
"34104","2020/03/15",0,0,20,0,0,16,0,0,0,NA,0,3.21608557360494e-06,0,4974992
"34103","2020/03/16",2,0,22,0,2,18,0,0,0,NA,4.02010696700618e-07,3.61809627030556e-06,0,4974992
"34102","2020/03/17",2,0,24,0,2,18,0,0,0,NA,4.02010696700618e-07,3.61809627030556e-06,0,4974992
"34101","2020/03/18",0,0,24,0,0,18,0,0,0,NA,0,3.61809627030556e-06,0,4974992
"34100","2020/03/19",15,0,39,0,15,33,0,0,0,NA,3.01508022525463e-06,6.63317649556019e-06,0,4974992
"34099","2020/03/20",0,0,39,0,0,33,0,0,0,NA,0,6.63317649556019e-06,0,4974992
"34098","2020/03/21",9,0,48,0,9,41,0,0,0,NA,1.80904813515278e-06,8.24121928236267e-06,0,4974992
"34097","2020/03/22",4,0,52,0,4,37,0,0,0,NA,8.04021393401236e-07,7.43719788896143e-06,0,4974992
"34096","2020/03/23",3,0,55,0,3,39,0,0,0,NA,6.03016045050927e-07,7.83920858566205e-06,0,4974992
"34095","2020/03/24",11,0,66,0,11,48,0,0,0,NA,2.2110588318534e-06,9.64825672081483e-06,0,4974992
"34094","2020/03/25",18,0,84,0,18,66,0,0,0,NA,3.61809627030556e-06,1.32663529911204e-05,0,4974992
"34093","2020/03/26",15,0,99,0,15,79,0,0,0,NA,3.01508022525463e-06,1.58794225196744e-05,0,4974992
"34092","2020/03/27",10,0,109,0,10,89,0,0,0,NA,2.01005348350309e-06,1.78894760031775e-05,0,4974992
"34091","2020/03/28",22,0,131,0,22,109,0,0,0,NA,4.4221176637068e-06,2.19095829701837e-05,0,4974992
"34090","2020/03/29",21,0,152,0,21,128,0,0,0,NA,4.22111231535649e-06,2.57286845888395e-05,0,4974992
"34089","2020/03/30",15,0,167,0,15,143,0,0,0,NA,3.01508022525463e-06,2.87437648140942e-05,0,4974992
"34088","2020/03/31",12,0,179,0,12,140,0,0,0,NA,2.41206418020371e-06,2.81407487690432e-05,0,4974992
"34087","2020/04/01",13,1,192,1,13.7213427147008,153.721342714701,0.72134271470075,4.07344729432969e-05,5.89197372185276e-06,0.000281619939989552,2.91110241436293e-06,3.08988120412456e-05,1.44993743648382e-07,4974992
"34086","2020/04/02",18,0,210,1,18,162.721342714701,0.72134271470075,3.90862030699247e-05,5.6350625838086e-06,0.000271111677590427,3.61809627030556e-06,3.27078601763984e-05,1.44993743648382e-07,4974992
"34085","2020/04/03",21,0,231,1,21,179.721342714701,0.72134271470075,3.80844113442824e-05,5.47497812970675e-06,0.000264918389275501,4.22111231535649e-06,3.61249510983537e-05,1.44993743648382e-07,4974992
"34084","2020/04/04",0,0,231,1,0,176.721342714701,0.72134271470075,3.39739761184657e-05,4.87199405207399e-06,0.000236911424965045,0,3.55219350533027e-05,1.44993743648382e-07,4974992
"34083","2020/04/05",46,1,277,2,60.5348797220669,226.256222436768,15.2562224367676,7.32715256584399e-05,2.79411568760082e-05,0.000192143671650378,1.60125739811769e-05,4.54787108073275e-05,3.06658230541227e-06,4974992
"34082","2020/04/06",21,0,298,2,25.0032658979948,233.259488334762,19.2594883347624,7.1318355770148e-05,2.71487178000763e-05,0.000187349837558189,5.98386514338524e-06,4.68864047087437e-05,3.87126016177762e-06,4974992
"34081","2020/04/07",73,0,371,2,78.6706953106902,296.930183645453,24.9301836454526,8.03658701560797e-05,3.05488474336565e-05,0.000211421170634024,1.70416142437397e-05,5.96845549993754e-05,5.01110024809138e-06,4974992
"34080","2020/04/08",48,0,419,2,48,334.930183645453,24.9301836454526,8.18621756580461e-05,3.10718392127316e-05,0.000215674899628179,9.64825672081483e-06,6.73227582366871e-05,5.01110024809138e-06,4974992
"34079","2020/04/09",0,0,419,2,0,312.930183645453,24.9301836454526,7.32427696129196e-05,2.77608448186546e-05,0.000193239915269668,0,6.29006405729803e-05,5.01110024809138e-06,4974992
"34078","2020/04/10",38,1,457,3,44.313554948162,336.243738593615,31.2437385936146,0.000107121540207661,5.62203554084605e-05,0.000204108001329615,1.03871690549757e-05,6.75867898066197e-05,6.28015855977549e-06,4974992
"34077","2020/04/11",27,0,484,3,28.3220145924329,349.565753186047,32.5657531860475,0.000102050080815596,5.35014872930973e-05,0.00019465288763689,5.97161958268239e-06,7.02645859904996e-05,6.54589056345165e-06,4974992
"34076","2020/04/12",62,0,546,3,62,399.565753186047,32.5657531860475,0.000104196156813853,5.45769357309481e-05,0.000198927238207342,1.24623315977192e-05,8.0314853408015e-05,6.54589056345165e-06,4974992
"34075","2020/04/13",53,1,599,4,60.9771898523442,446.821600323691,39.8216003236909,0.000138524302477893,8.53648192784279e-05,0.000224787945891381,1.41015403862404e-05,8.9813531423506e-05,8.00435464493026e-06,4974992
"34074","2020/04/14",214,0,813,4,223.998120532249,652.81972085594,49.8197208559396,0.000171052237668857,0.000105336007481486,0.000277767011595402,4.7128388377195e-05,0.0001312202554006,1.00140303453633e-05,4974992
"34073","2020/04/15",97,0,910,4,97,728.81972085594,49.8197208559396,0.0001728779972569,0.000106386745723062,0.000280925990661993,1.949751878998e-05,0.000146496661875223,1.00140303453633e-05,4974992
"34072","2020/04/16",0,0,910,4,0,728.81972085594,49.8197208559396,0.000153883769200756,9.46313898797525e-05,0.000250236358712705,0,0.000146496661875223,1.00140303453633e-05,4974992
"34071","2020/04/17",109,0,1019,4,109,777.284841133873,35.2848411338727,0.00015292274561102,9.39812144598029e-05,0.000248830218460467,2.19095829701837e-05,0.000156238410259529,7.09244178359939e-06,4974992
"34070","2020/04/18",50,2,1069,6,50,802.281575235878,31.2815752358779,0.000214714864096215,0.000155284748927906,0.000296889895383482,1.00502674175154e-05,0.000161262887505322,6.28776392723404e-06,4974992
"34069","2020/04/19",111,0,1180,6,111,834.610879925188,25.6108799251877,0.000212703406080245,0.000153758595770612,0.000294245266298049,2.23115936668843e-05,0.00016776125065632,5.14792384092029e-06,4974992
"34068","2020/04/20",86,1,1266,7,86,872.610879925188,25.6108799251877,0.000240334395147395,0.00018196087293579,0.000317434295400674,1.72864599581266e-05,0.000175399453893632,5.14792384092029e-06,4974992
"34067","2020/04/21",242,1,1508,8,242,1114.61087992519,25.6108799251877,0.000296579869687629,0.000232464581196537,0.00037837858417479,4.86432943007748e-05,0.000224042748194407,5.14792384092029e-06,4974992
"34066","2020/04/22",0,0,1508,8,0,1070.29732497703,19.2973249770257,0.000268981984753713,0.00021076767153907,0.000343275169259698,0,0.000215135486645411,3.87886552923618e-06,4974992
"34065","2020/04/23",106,0,1614,8,106,1147.97531038459,17.9753103845928,0.000261083764545579,0.000204521687564688,0.000333288527593102,2.13065669251327e-05,0.000230749177161409,3.61313352556001e-06,4974992
"34064","2020/04/24",102,1,1716,9,102,1187.97531038459,17.9753103845928,0.000284625090505891,0.000229060596882256,0.000353668170118011,2.05025455317315e-05,0.000238789391095421,3.61313352556001e-06,4974992
"34063","2020/04/25",74,1,1790,10,74,1200.99812053225,9.99812053224866,0.000302193689717945,0.000248501733693341,0.000367486474834977,1.48743957779229e-05,0.000241407045585651,2.00967570043302e-06,4974992
"34062","2020/04/26",115,0,1905,10,115,1092,0,0.00029608494024584,0.000243434682513667,0.000360122439970981,2.31156150602855e-05,0.000219497840398537,0,4974992
"34061","2020/04/27",93,0,1998,10,93,1088,0,0.000287253443894049,0.000236136554710276,0.000349435694656557,1.86934973965787e-05,0.000218693819005136,0,4974992
"34060","2020/04/28",51,0,2049,10,51,1139,0,0.000273565595931987,0.000224853359785121,0.000332830851845583,1.02512727658658e-05,0.000228945091771002,0,4974992
"34059","2020/04/29",82,0,2131,10,82,1112,0,0.000265349964354856,0.000218074183268392,0.0003228745490541,1.64824385647253e-05,0.000223517947365543,0,4974992
"34058","2020/04/30",143,0,2274,10,143,1205,0,0.000265332824960129,0.000218037267611444,0.000322887498878323,2.87437648140942e-05,0.000242211444762122,0,4974992
"34057","2020/05/01",74,1,2348,11,74,1168,0,0.000283370655745884,0.00023702375548943,0.000338780087135331,1.48743957779229e-05,0.000234774246873161,0,4974992
"34056","2020/05/02",99,0,2447,11,99,1181,0,0.000278344029812234,0.000232799510157851,0.000332798805631425,1.98995294866806e-05,0.000237387316401715,0,4974992
"34055","2020/05/03",36,1,2483,12,36,975,0,0.000291139425742387,0.00024712493188373,0.000342993175862508,7.23619254061112e-06,0.000195980214641551,0,4974992
"34054","2020/05/04",85,0,2568,12,85,1060,0,0.00028535240677212,0.000242196197528766,0.000336198490651243,1.70854546097763e-05,0.000213065669251327,0,4974992
"34053","2020/05/05",69,0,2637,12,69,1023,0,0.000278628638157569,0.000236474889870035,0.000328296666272723,1.38693690361713e-05,0.000205628471362366,0,4974992
"34052","2020/05/06",98,0,2735,12,98,1019,0,0.000275610181841207,0.000233900307999891,0.000324757897858684,1.96985241383303e-05,0.000204824449968965,0,4974992
"34051","2020/05/07",168,1,2903,13,168,1113,0,0.000303001814475503,0.000260384804640051,0.000352593922300353,3.37688985228519e-05,0.000223718952713894,0,4974992
"34050","2020/05/08",55,1,2958,14,55,1053,0,0.000318275698552686,0.000276459072759723,0.000366417420408706,1.1055294159267e-05,0.000211658631812875,0,4974992
"34049","2020/05/09",154,1,3112,15,154,1114,0,0.000343629084276591,0.000301267047164752,0.000391947770830024,3.09548236459476e-05,0.000223919958062244,0,4974992
"34048","2020/05/10",112,2,3224,17,112,1175,0,0.000386755348697124,0.000344315476679269,0.000434426303425123,2.25125990152346e-05,0.000236181284311613,0,4974992
"34047","2020/05/11",175,0,3399,17,175,1268,0,0.000391003756547758,0.000348084029247096,0.000439215605396047,3.51759359613041e-05,0.000254874781708192,0,4974992
"34046","2020/05/12",175,0,3574,17,175,1300,0,0.000394276728417192,0.000350984639091712,0.000442908666811326,3.51759359613041e-05,0.000261306952855402,0,4974992
"34045","2020/05/13",147,0,3721,17,147,1373,0,0.000393445796461008,0.000350232280011756,0.000441991225787757,2.95477862074954e-05,0.000275980343284974,0,4974992
"34044","2020/05/14",298,0,4019,17,298,1572,0,0.000407068447725859,0.000362345933307742,0.000457310834487017,5.98995938083921e-05,0.000315980407606686,0,4974992
"34043","2020/05/15",322,2,4341,19,322,1858,0,0.000470218812776069,0.000423654337299387,0.000521901258695919,6.47237221687995e-05,0.000373467937234874,0,4974992
"34042","2020/05/16",284,0,4625,19,284,2057,0,0.000478173588638489,0.000430806312159046,0.000530748910631089,5.70855189314877e-05,0.000413468001556585,0,4974992
"34041","2020/05/17",404,2,5029,21,404,2392,0,0.000546884398003292,0.000497557625518943,0.000601101318601009,8.12061607335248e-05,0.000480804793253939,0,4974992
"34040","2020/05/18",157,1,5186,22,157,2451,0,0.000560547091705926,0.00051213788695899,0.000613532117074426,3.15578396909985e-05,0.000492664108806607,0,4974992
"34039","2020/05/19",193,4,5379,26,193,2476,0,0.000650527899916433,0.000602529168232355,0.000702350310792738,3.87940322316096e-05,0.000497689242515365,0,4974992
"34038","2020/05/20",292,1,5671,27,292,2713,0,0.000674424942212307,0.000626388625765047,0.000726145054314388,5.86935617182902e-05,0.000545327510074388,0,4974992
"34037","2020/05/21",372,3,6043,30,372,2931,0,0.000756896860967959,0.000708086269473405,0.000809072118527596,7.47739895863149e-05,0.000589146676014755,0,4974992
"34036","2020/05/22",327,1,6370,31,327,3146,0,0.000781787441647333,0.000732893459950721,0.000833943318253349,6.5728748910551e-05,0.000632362825910072,0,4974992
"34035","2020/05/23",424,1,6794,32,424,3395,0,0.000816038516117645,0.000766494165155954,0.000868785295517542,8.5226267700531e-05,0.000682413157649299,0,4974992
"34034","2020/05/24",463,4,7257,36,463,3683,0,0.000929311257629128,0.000878827315829466,0.00098269523261361,9.3065476286193e-05,0.000740302697974188,0,4974992
"34033","2020/05/25",513,1,7770,37,513,4049,0,0.00096826173391096,0.000916986866334684,0.00102240372220781,0.000103115743703708,0.000813870655470401,0,4974992
"34032","2020/05/26",0,0,7770,37,0,3751,0,0.000915594589355216,0.000867087431028877,0.000966815366083456,0,0.000753971061662009,0,4974992
"34031","2020/05/27",348,0,8118,37,348,3777,0,0.000904820873707723,0.000856864593470541,0.000955461130890285,6.99498612259075e-05,0.000759197200719117,0,4974992
"34030","2020/05/28",255,1,8373,38,255,3748,0,0.000908819311715917,0.000861833628508519,0.000958366573345692,5.12563638293288e-05,0.000753368045616958,0,4974992
"34029","2020/05/29",636,2,9009,40,636,3980,0,0.000978379256487438,0.000930175446068198,0.00102908109816385,0.000127839401550796,0.000800001286434229,0,4974992
"34028","2020/05/30",811,0,9820,40,811,4634,0,0.00101510209313482,0.000965072030605398,0.00106772575186983,0.000163015337512101,0.000931458784255331,0,4974992
"34027","2020/05/31",603,2,10423,42,603,5044,0,0.00107572814896744,0.00102508169316628,0.00112887690629473,0.000121206225055236,0.00101387097707896,0,4974992
"34026","2020/06/01",1014,5,11437,47,1014,5766,0,0.00125319890926564,0.00120011992460288,0.0013086254748285,0.000203819423227213,0.00115899683858788,0,4974992
"34025","2020/06/02",786,3,12223,50,786,6180,0,0.00134821676100049,0.0012943260600956,0.00140435126100172,0.000157990203803343,0.00124221305280491,0,4974992
"34024","2020/06/03",576,9,12799,59,576,6429,0,0.0015714995925703,0.001517706821381,0.00162719896534526,0.000115779080649778,0.00129226338454414,0,4974992
"34023","2020/06/04",738,8,13537,67,738,6743,0,0.00177761843563033,0.00172356532801402,0.00183336671452648,0.000148341947082528,0.00135537906392613,0,4974992
"34022","2020/06/05",779,0,14316,67,779,7059,0,0.00177021713739875,0.00171636270191892,0.00182576136735943,0.000156583166364891,0.00141889675400483,0,4974992
"34021","2020/06/06",770,5,15086,72,770,7316,0,0.00188828917112801,0.00183453936195144,0.00194361378542811,0.000154774118229738,0.00147055512853086,0,4974992
"34020","2020/06/07",930,0,16016,72,930,8246,0,0.00188939252461488,0.0018355866277907,0.0019447756145223,0.000186934973965787,0.00165749010249665,0,4974992
"34019","2020/06/08",866,3,16882,75,866,8764,0,0.00195628970317271,0.00190262546737978,0.00201146755804233,0.000174070631671368,0.00176161087294211,0,4974992
"34018","2020/06/09",604,6,17486,81,604,9113,0,0.00206452276792219,0.0020117564727726,0.00211867306851255,0.000121407230403587,0.00183176173951637,0,4974992
"34017","2020/06/10",712,2,18198,83,712,9189,0,0.00207912330268273,0.00202714334875157,0.00213243612516131,0.00014311580802542,0.00184703814599099,0,4974992
"34016","2020/06/11",689,1,18887,84,689,9067,0,0.00206602325442582,0.0020149170620356,0.00211842570012088,0.000138492685013363,0.00182251549349225,0,4974992
"34015","2020/06/12",1067,5,19954,89,1067,9531,0,0.00219235624747493,0.00214091011907261,0.00224503862774229,0.00021447270668978,0.00191578197512679,0,4974992
"34014","2020/06/13",1117,7,21071,96,1117,9634,0,0.00237111091197588,0.00231917184404951,0.00242421318252735,0.000224522974107295,0.00193648552600688,0,4974992
"34013","2020/06/14",1006,3,22077,99,1006,9854,0,0.00243427231265423,0.00238240448067849,0.00248726937017318,0.000202211380440411,0.00198070670264394,0,4974992
"34012","2020/06/15",1404,5,23481,104,1404,10682,0,0.00258498933532788,0.0025323004968398,0.00263877445512408,0.000282211509083834,0.002147139131078,0,4974992
"34011","2020/06/16",1043,4,24524,108,1043,10987,0,0.00266455675059094,0.00261205027120804,0.00271811869602193,0.000209648578329372,0.00220844576232484,0,4974992
"34010","2020/06/17",745,6,25269,114,745,10953,0,0.00275365365091616,0.00270195284771092,0.00280634372862127,0.00014974898452098,0.00220161158048093,0,4974992
"34009","2020/06/18",810,2,26079,116,810,10993,0,0.00274943328727288,0.00269859446549283,0.00280122986162859,0.00016281433216375,0.00220965179441495,0,4974992
"34008","2020/06/19",739,3,26818,119,739,10802,0,0.00276196857282315,0.00271203710966045,0.0028128193268778,0.000148542952430878,0.00217125977288004,0,4974992
"34007","2020/06/20",852,6,27670,125,852,10788,0,0.00285615822500817,0.00280672708976776,0.0029064599248076,0.000171256556794463,0.00216844569800313,0,4974992
"34006","2020/06/21",896,3,28566,128,896,11080,0,0.00288703268899591,0.00283809621423444,0.00293681296128267,0.000180100792121877,0.00222713925972142,0,4974992
"34005","2020/06/22",905,3,29471,131,905,11273,0,0.00292015034718252,0.00287164650195843,0.00296947345167125,0.00018190984025703,0.00226593329195303,0,4974992
"34004","2020/06/23",1605,6,31076,137,1605,12189,0,0.00308982963123944,0.00304048654172043,0.00313997349407215,0.000322613584102246,0.00245005419104192,0,4974992
"34003","2020/06/24",1318,3,32394,140,1318,12440,0,0.00316098532255502,0.00311144760369018,0.00321131173719845,0.000264925049125707,0.00250050653347784,0,4974992
"34002","2020/06/25",1142,2,33536,142,1142,12465,0,0.00318767258181841,0.00313832373641996,0.00323779741744181,0.000229548107816053,0.0025055316671866,0,4974992
"34001","2020/06/26",1366,2,34902,144,1366,12825,0,0.00323092765986944,0.00318150767559576,0.00328111531000932,0.000274573305846522,0.00257789359259271,0,4974992
"34000","2020/06/27",1132,9,36034,153,1132,12553,0,0.00340434123863306,0.00335494237407842,0.00345446746227385,0.00022753805433255,0.00252322013784143,0,4974992
"33999","2020/06/28",919,6,36953,159,919,12429,0,0.00348596579016642,0.00343703242907573,0.00353559582022286,0.000184723915133934,0.00249829547464599,0,4974992
"33998","2020/06/29",1197,4,38150,163,1197,12881,0,0.00354756308521501,0.00349881257253752,0.00359699286048146,0.00024060340197532,0.00258914989210033,0,4974992
"33997","2020/06/30",910,6,39060,169,910,12981,0,0.0036248456430227,0.00357654936865021,0.00367379409072704,0.000182914866998781,0.00260925042693536,0,4974992
"33996","2020/07/01",1010,7,40070,176,1010,13252,0,0.00373171113894464,0.00368367989695619,0.0037803686569048,0.000203015401833812,0.00266372287633829,0,4974992
"33995","2020/07/02",1124,9,41194,185,1124,13524,0,0.00389078466865782,0.00384277769480888,0.00393939138303852,0.000225930011545747,0.00271839633108958,0,4974992
"33994","2020/07/03",1361,3,42555,188,1361,13989,0,0.00394560435565611,0.00389757075877805,0.00399422991777915,0.00027356827910477,0.00281186381807247,0,4974992
"33993","2020/07/04",1374,5,43929,193,1374,14458,0,0.00404274648705148,0.00399460026800435,0.0040914730040641,0.000276181348633324,0.00290613532644877,0,4974992
"33992","2020/07/05",1177,10,45106,203,1177,14030,0,0.00422370741469121,0.00417548567650589,0.00427248605480693,0.000236583295008314,0.00282010503735483,0,4974992
"33991","2020/07/06",1072,10,46178,213,1072,13784,0,0.00439098875189555,0.00434281663336431,0.00443969521327376,0.000215477733431531,0.00277065772166066,0,4974992
"33990","2020/07/07",1557,5,47735,218,1557,14199,0,0.00449868071430349,0.00445025782336432,0.00454763049075356,0.000312965327381431,0.00285407494122604,0,4974992
"33989","2020/07/08",1262,6,48997,224,1262,14095,0,0.00459727294103491,0.00454887596084735,0.00464618483253495,0.00025366874961809,0.0028331703849976,0,4974992
"33988","2020/07/09",1210,9,50207,233,1210,14173,0,0.00474960660376933,0.00470118647264087,0.00479852544072707,0.000243216471503874,0.00284884880216893,0,4974992
"33987","2020/07/10",1518,3,51725,236,1518,14772,0,0.00480625343401486,0.00475775668309123,0.00485524452187222,0.000305126118795769,0.00296925100583076,0,4974992
"33986","2020/07/11",1889,8,53614,244,1889,15464,0,0.00499711056758556,0.00494802734148911,0.00504668068733027,0.000379699103033734,0.00310834670688918,0,4974992
"33985","2020/07/12",1083,4,54697,248,1083,15637,0,0.00502788807529049,0.0049791400105487,0.0050771134059479,0.000217688792263385,0.00314312063215378,0,4974992
"33984","2020/07/13",1318,9,56015,257,1318,15945,0,0.00517803164835358,0.00512923970113937,0.00522728772948464,0.000264925049125707,0.00320503027944568,0,4974992
"33983","2020/07/14",2164,2,58179,259,2164,16985,0,0.00526189496712019,0.0052126124014741,0.00531164347404286,0.000434975573830068,0.00341407584173,0,4974992
"33982","2020/07/15",1389,14,59568,273,1389,17013,0,0.00551465508448382,0.00546511826081728,0.00556464091890948,0.000279196428858579,0.00341970399148381,0,4974992
"33981","2020/07/16",1679,8,61247,281,1679,17318,0,0.00566763938624072,0.00561786910058184,0.00571785060088712,0.000337487979880169,0.00348101062273065,0,4974992
"33980","2020/07/17",1327,9,62574,290,1327,17468,0,0.00580413856780649,0.0057544078003981,0.00585429911866312,0.00026673409726086,0.0035111614249832,0,4974992
"33979","2020/07/18",1619,8,64193,298,1619,18015,0,0.00594447252407188,0.00589460155072252,0.00599476542822716,0.00032542765897915,0.00362111135053082,0,4974992
"33978","2020/07/19",1311,10,65504,308,1311,17769,0,0.00609378092162322,0.00604394076586588,0.00614403207431488,0.000263518011687255,0.00357166403483664,0,4974992
"33977","2020/07/20",1157,10,66661,318,1157,17664,0,0.00622657456934837,0.0061768773674303,0.0062766716192368,0.000232563188041307,0.00355055847325986,0,4974992
"33976","2020/07/21",1739,8,68400,326,1739,18193,0,0.00637405261673088,0.00632412808377585,0.00642437126867872,0.000349548300781187,0.00365689030253717,0,4974992
"33975","2020/07/22",1487,11,69887,337,1487,18162,0,0.00655647136375633,0.0065063882339009,0.00660694001009278,0.000298894952996909,0.00365065913673831,0,4974992
"33974","2020/07/23",1660,12,71547,349,1660,17933,0,0.00677311113735004,0.00672271096147821,0.00682388916342879,0.000333668878261513,0.00360462891196609,0,4974992
"33973","2020/07/24",1099,6,72646,355,1099,17949,0,0.00681910988111611,0.00676900367098036,0.00686958699255673,0.000220904877836989,0.00360784499753969,0,4974992
"33972","2020/07/25",1145,4,73791,359,1145,17776,0,0.00683148905329809,0.00678170309397937,0.00688164050218645,0.000230151123861104,0.00357307107227509,0,4974992
"33971","2020/07/26",1067,12,74858,371,1067,16679,0,0.0069899700042114,0.00694024877543565,0.00704004744508718,0.00021447270668978,0.0033525682051348,0,4974992
"33970","2020/07/27",1147,13,76005,384,1147,16437,0,0.00717556162995672,0.00712578900733788,0.00722568190726471,0.000230553134557804,0.00330392491083403,0,4974992
"33969","2020/07/28",1053,9,77058,393,1053,15811,0,0.00727950973033607,0.00722985579254126,0.00732950468648716,0.000211658631812875,0.00317809556276673,0,4974992
"33968","2020/07/29",846,9,77904,402,846,15330,0,0.0073665704657551,0.00731713455905837,0.00741634037052869,0.000170050524704361,0.00308141199021024,0,4974992
"33967","2020/07/30",665,10,78569,412,665,14376,0,0.00745771480653875,0.00740853910396127,0.00750721692295978,0.000133668556652955,0.00288965288788404,0,4974992
"33966","2020/07/31",590,9,79159,421,590,13655,0,0.0075274852498853,0.00747860547738868,0.00757668449800696,0.000118593155526682,0.00274472803172347,0,4974992
"33965","2020/08/01",0,0,79159,421,0,12498,0,0.00738812520552624,0.00734014623583565,0.00743641779043083,0,0.00251216484368216,0,4974992
"33964","2020/08/02",0,0,79159,421,0,10759,0,0.00726046725008115,0.00721331358205635,0.00730792916318401,0,0.00216261654290097,0,4974992
"33963","2020/08/03",0,0,79159,421,0,9272,0,0.00714561317358076,0.00709920214080558,0.00719232761847472,0,0.00186372158990406,0,4974992
"33962","2020/08/04",0,0,79159,421,0,7612,0,0.00704348550575672,0.00699773491043123,0.00708953521458099,0,0.00153005271164255,0,4974992
"33961","2020/08/05",0,0,79159,421,0,6513,0,0.0069532026807417,0.0069080359969034,0.00699866467707257,0,0.00130914783380556,0,4974992
"33960","2020/08/06",1127,67,80286,488,1127,6495,0,0.00808087949119838,0.00803351834269006,0.00812851985465242,0.000226533027590798,0.00130552973753526,0,4974992
"33959","2020/08/07",427,4,80713,492,427,5855,0,0.00810472027303422,0.00805748015714768,0.00815223735250062,8.58292837455819e-05,0.00117688631459106,0,4974992
"33958","2020/08/08",354,10,81067,502,354,5062,0,0.0082230828861211,0.00817579941906927,0.00827063980976622,7.11558933160093e-05,0.00101748907334926,0,4974992
"33957","2020/08/09",290,7,81357,509,290,4299,0,0.00828791238171056,0.00824069647676028,0.00833539881496954,5.82915510215896e-05,0.000864121992557978,0,4974992
"33956","2020/08/10",223,4,81580,513,223,3676,0,0.0082999118971639,0.00825287340058369,0.00834721849674935,4.48241926821189e-05,0.000738895660535736,0,4974992
"33955","2020/08/11",207,8,81787,521,207,3218,0,0.00837805152540451,0.00833105701315346,0.00842531112816907,4.16081071085139e-05,0.000646835210991294,0,4974992
"33954","2020/08/12",263,12,82050,533,263,2891,0,0.00852892966905223,0.00848180538747167,0.00857631576964572,5.28644066161312e-05,0.000581106462080743,0,4974992
"33953","2020/08/13",249,6,82299,539,249,3140,0,0.00858524468888666,0.00853815704758602,0.00863259201690317,5.00503317392269e-05,0.00063115679381997,0,4974992
"33952","2020/08/14",232,12,82531,551,232,3372,0,0.00873799723890111,0.00869075840492332,0.00878549284073869,4.66332408172717e-05,0.000677790034637242,0,4974992
"33951","2020/08/15",212,6,82743,557,212,3584,0,0.00879587871458668,0.00874866065593021,0.00884335161740169,4.26131338502655e-05,0.000720403168487507,0,4974992
"33950","2020/08/16",181,5,82924,562,181,3765,0,0.00883734304027374,0.00879017613511147,0.0088847630367175,3.63819680514059e-05,0.000756785136538913,0,4974992
"33949","2020/08/17",162,10,83086,572,162,3927,0,0.00895768901337344,0.00891042168178143,0.00900520708513416,3.256286643275e-05,0.000789348002971663,0,4974992
"33948","2020/08/18",140,16,83226,588,140,2940,0,0.00917117656560984,0.00912363204704731,0.009218968845287,2.81407487690432e-05,0.000590955724149908,0,4974992
"33947","2020/08/19",192,9,83418,597,192,2705,0,0.00928292787567333,0.00923526684479404,0.00933083487387577,3.85930268832593e-05,0.000543719467287586,0,4974992
"33946","2020/08/20",188,6,83606,603,188,2539,0,0.00934982697689636,0.00930212516083476,0.00939777341052826,3.77890054898581e-05,0.000510352579461434,0,4974992
"33945","2020/08/21",163,6,83769,609,163,2412,0,0.0094159865956344,0.00936824612239894,0.00946397035376597,3.27638717811004e-05,0.000484824900220945,0,4974992
"33944","2020/08/22",0,0,83769,609,0,2189,0,0.00937319622938936,0.00932567165797232,0.00942096299085676,0,0.000440000707538826,0,4974992
"33943","2020/08/23",0,0,83769,609,0,1982,0,0.00933299020588281,0.00928566850630754,0.00938055306668941,0,0.000398392600430312,0,4974992
"33942","2020/08/24",0,0,83769,609,0,1719,0,0.00929577087817102,0.00924863698569523,0.00934314497942821,0,0.000345528193814181,0,4974992
"33941","2020/08/25",740,28,84509,637,740,2210,0,0.00977309151930896,0.00972491217888074,0.00982150955071982,0.000148743957779229,0.000444221819854183,0,4974992
"33940","2020/08/26",143,5,84652,642,143,2121,0,0.00983202911115301,0.00978379283811633,0.00988050319973576,2.87437648140942e-05,0.000426332343851005,0,4974992
"33939","2020/08/27",166,4,84818,646,166,2075,0,0.00987792199149411,0.00982964554091688,0.00992643554275524,3.33668878261513e-05,0.000417086097826891,0,4974992
"33938","2020/08/28",187,4,85005,650,187,2081,0,0.00992623693481174,0.00987790794761853,0.00997480237804559,3.75880001415078e-05,0.000418292129916993,0,4974992
"33937","2020/08/29",0,0,85005,650,0,1919,0,0.00989216599090935,0.00984400207267375,0.00994056556157602,0,0.000385729263484243,0,4974992
"33936","2020/08/30",0,0,85005,650,0,1779,0,0.00985928628797925,0.00981128167284299,0.00990752577997984,0,0.0003575885147152,0,4974992
"33935","2020/08/31",539,27,85544,677,539,2126,0,0.0103015034538278,0.0102525778132161,0.0103506625692155,0.000108341882760816,0.000427337370592757,0,4974992
"33934","2020/09/01",178,8,85722,685,178,2116,0,0.0104134523585687,0.010364344712289,0.0104627926834199,3.5778952006355e-05,0.000425327317109254,0,4974992
"33933","2020/09/02",206,4,85928,689,206,2159,0,0.0104677810012968,0.0104185894700695,0.0105172047910992,4.14071017601636e-05,0.000433970547088317,0,4974992
"33932","2020/09/03",0,0,85928,689,0,2159,0,0.0104362596942357,0.0103872155472394,0.0104855354074629,0,0.000433970547088317,0,4974992
"33931","2020/09/04",452,16,86380,705,452,2611,0,0.0107030529555139,0.0106534420642228,0.0107528948745349,9.08544174543396e-05,0.000524824964542657,0,4974992
"33930","2020/09/05",0,0,86380,705,0,2611,0,0.0106720389991648,0.0106225711356132,0.0107217372278034,0,0.000524824964542657,0,4974992
"33929","2020/09/06",0,0,86380,705,0,1871,0,0.0106413408084024,0.0105920145203293,0.0106908968056295,0,0.000376081006763428,0,4974992
"33928","2020/09/07",692,23,87072,728,692,2420,0,0.0110458725241311,0.010995636127413,0.0110963384387712,0.000139095701058414,0.000486432943007748,0,4974992
"33927","2020/09/08",256,6,87328,734,256,2510,0,0.011139234326982,0.0110888166550385,0.0111898812336332,5.14573691776791e-05,0.000504523424359275,0,4974992
"33926","2020/09/09",262,8,87590,742,262,2585,0,0.0112624559568276,0.0112118026112944,0.0113133381470438,5.26634012677809e-05,0.000519598825485549,0,4974992
"33925","2020/09/10",349,9,87939,751,349,2934,0,0.0114110018127033,0.0113600392067467,0.0114621930435051,7.01508665742578e-05,0.000589749692059806,0,4974992
"33924","2020/09/11",398,11,88337,762,398,3332,0,0.0115956075541296,0.0115442545975139,0.0116471889469888,8.00001286434229e-05,0.000669749820703229,0,4974992
"33923","2020/09/12",0,0,88337,762,0,2793,0,0.0115596689145447,0.0115084742905959,0.011611091274113,0,0.000561407937942413,0,4974992
"33922","2020/09/13",0,0,88337,762,0,2615,0,0.0115233162427877,0.0114722817829879,0.0115745777294455,0,0.000525628985936058,0,4974992
"33921","2020/09/14",1409,18,89746,780,1409,3818,0,0.0119471028619216,0.0118948967340419,0.0119995381199778,0.000283216535825585,0.000767438420001479,0,4974992
"33920","2020/09/15",476,10,90222,790,476,4294,0,0.0121264887542174,0.012073881924132,0.0121793247962985,9.5678545814747e-05,0.000863116965816226,0,4974992
"33919","2020/09/16",438,7,90660,797,438,4280,0,0.0122502970503033,0.0121974179289293,0.0123034054170383,8.80403425774353e-05,0.000860302890939322,0,4974992
"33918","2020/09/17",536,8,91196,805,536,4816,0,0.0123987579629057,0.0123455386351821,0.0124522067092822,0.000107738866715766,0.000968041757655088,0,4974992
"33917","2020/09/18",557,13,91753,818,557,5373,0,0.0126243125743084,0.0125706103399516,0.012678244227118,0.000111959979031122,0.00108000173668621,0,4974992
"33916","2020/09/19",0,0,91753,818,0,4681,0,0.0125702673632483,0.0125167938153244,0.012623969357879,0,0.000940906035627796,0,4974992
"33915","2020/09/20",0,0,91753,818,0,4425,0,0.012515316826799,0.0124620758117916,0.0125687853003552,0,0.000889448666450117,0,4974992
"33914","2020/09/21",1722,28,93475,846,1722,5885,0,0.0131306865311853,0.0130758633598559,0.013185739559621,0.000346131209859232,0.00118291647504157,0,4974992
"33913","2020/09/22",576,7,94051,853,576,6112,0,0.0132639082977088,0.0132087787635822,0.0133192679261981,0.000115779080649778,0.00122854468911709,0,4974992
"33912","2020/09/23",660,12,94711,865,660,6374,0,0.0134816479112868,0.0134260399498327,0.0135374861897509,0.000132663529911204,0.00128120809038487,0,4974992
"33911","2020/09/24",628,10,95339,875,628,7002,0,0.0136590954931572,0.0136031063615858,0.013715315070832,0.000126231358763994,0.00140743944914886,0,4974992
"33910","2020/09/25",568,10,95907,885,568,7570,0,0.0138241457699287,0.0137678269596697,0.0138806949584746,0.000114171037862975,0.00152161048701184,0,4974992
"33909","2020/09/26",0,0,95907,885,0,6161,0,0.0137486159741203,0.0136926032294755,0.0138048578517876,0,0.00123839395118625,0,4974992
"33908","2020/09/27",0,0,95907,885,0,5685,0,0.0136732486113069,0.0136175412898739,0.0137291838230466,0,0.00114271540537151,0,4974992
"33907","2020/09/28",1543,24,97450,909,1543,6790,0,0.0141949682426136,0.0141379604020615,0.0142522059532312,0.000310151252504527,0.0013648263152986,0,4974992
"33906","2020/09/29",607,15,98057,924,607,6861,0,0.0144442950392714,0.0143867878673347,0.0145020320800888,0.000122010246448638,0.00137909769503147,0,4974992
"33905","2020/09/30",528,11,98585,935,528,6832,0,0.0146161970776955,0.0145583671441457,0.0146742567280247,0.000106130823928963,0.00137326853992931,0,4974992
"33904","2020/10/01",0,0,98585,935,0,6832,0,0.0145352391614466,0.0144777278308586,0.0145929789500623,0,0.00137326853992931,0,4974992
"33903","2020/10/02",0,0,98585,935,0,6832,0,0.0144546829967762,0.0143974887108046,0.0145121044880899,0,0.00137326853992931,0,4974992
"33902","2020/10/03",0,0,98585,935,0,5110,0,0.0143779859802726,0.0143210935638731,0.0144351044092339,0,0.00102713733007008,0,4974992
"33901","2020/10/04",0,0,98585,935,0,4534,0,0.0143070816671663,0.0142504683371083,0.014363919906965,0,0.000911358249420301,0,4974992
"33900","2020/10/05",2685,42,101270,977,2685,6559,0,0.0152877477478983,0.0152286247497512,0.0153471002827874,0.000539699360320579,0.00131839407982968,0,4974992
"33899","2020/10/06",544,8,101814,985,544,6475,0,0.0154258322131521,0.0153664241253272,0.0154854699784135,0.000109346909502568,0.00130150963056825,0,4974992
"33898","2020/10/07",834,5,102648,990,834,6741,0,0.0155517490244837,0.0154920100640666,0.0156117183451561,0.000167638460524158,0.00135497705322943,0,4974992
"33897","2020/10/08",817,10,103465,1000,817,7558,0,0.0157461303467494,0.0156859534673893,0.0158065380859559,0.000164221369602202,0.00151919842283163,0,4974992
"33896","2020/10/09",664,9,104129,1009,664,8222,0,0.0158955662365362,0.0158350931863089,0.0159562702288717,0.000133467551304605,0.00165266597413624,0,4974992
"33895","2020/10/10",0,0,104129,1009,0,6679,0,0.0157979430215373,0.0157378394008556,0.0158582761810475,0,0.00134251472163171,0,4974992
"33894","2020/10/11",0,0,104129,1009,0,6072,0,0.0157003590641377,0.0156406247492537,0.0157603215149454,0,0.00122050447518308,0,4974992
"33893","2020/10/12",1761,29,105890,1038,1761,7305,0,0.0163273749853001,0.0162661359061126,0.0163888446186181,0.000353970418444894,0.00146834406969901,0,4974992
"33892","2020/10/13",685,8,106575,1046,685,7990,0,0.0164637465717795,0.0164022309792382,0.0165254928748949,0.000137688663619962,0.00160603273331897,0,4974992
"33891","2020/10/14",638,7,107213,1053,638,8628,0,0.0165734622114728,0.0165117403894996,0.0166354147531167,0.000128241412247497,0.00173427414556647,0,4974992
"33890","2020/10/15",563,8,107776,1061,563,9191,0,0.0166840351604207,0.0166221328181115,0.0167461680327122,0.000113166011121224,0.00184744015668769,0,4974992
"33889","2020/10/16",520,10,108296,1071,520,9711,0,0.0168175455868581,0.0167554348476908,0.0168798865643902,0.000104522781142161,0.00195196293782985,0,4974992
"33888","2020/10/17",0,0,108296,1071,0,7026,0,0.0167135271246458,0.0166517985386254,0.0167754845399018,0,0.00141226357750927,0,4974992
"33887","2020/10/18",0,0,108296,1071,0,6482,0,0.0166127711632343,0.0165514127676619,0.0166743570229368,0,0.0013029166680067,0,4974992
"33886","2020/10/19",1657,30,109953,1101,1657,7305,0,0.0172408721026212,0.0171780485366371,0.017303925426976,0.000333065862216462,0.00146834406969901,0,4974992
