"","date","ccaa","reg_code","population","cases","deaths","cum_cases","cum_deaths","cases_infected","cases_infected_low","cases_infected_high","cases_daily","cases_contagious","cases_active","p_cases_infected","p_cases_infected_low","p_cases_infected_high","p_cases_daily","p_cases_contagious","p_cases_active"
"1",2020-01-01,"C. Valenciana","ESVC",5003769,3,0,3,0,NA,NA,NA,0,0,0,NA,NA,NA,0,0,0
"2",2020-01-02,"C. Valenciana","ESVC",5003769,2,0,5,0,0,NA,NA,0,0,0,0,NA,NA,0,0,0
"3",2020-01-03,"C. Valenciana","ESVC",5003769,0,0,5,0,0,NA,NA,0,0,0,0,NA,NA,0,0,0
"4",2020-01-04,"C. Valenciana","ESVC",5003769,0,0,5,0,0,0,NA,0,0,0,0,0,NA,0,0,0
"5",2020-01-05,"C. Valenciana","ESVC",5003769,1,0,6,0,0,0,NA,0,0,0,0,0,NA,0,0,0
"6",2020-01-06,"C. Valenciana","ESVC",5003769,2,0,8,0,0,0,NA,0,0,0,0,0,NA,0,0,0
"7",2020-01-07,"C. Valenciana","ESVC",5003769,1,0,9,0,0,0,NA,0,0,0,0,0,NA,0,0,0
"8",2020-01-08,"C. Valenciana","ESVC",5003769,0,0,9,0,0,0,NA,0,0,0,0,0,NA,0,0,0
"9",2020-01-09,"C. Valenciana","ESVC",5003769,1,0,10,0,0,0,NA,0,0,0,0,0,NA,0,0,0
"10",2020-01-10,"C. Valenciana","ESVC",5003769,0,0,10,0,0,0,NA,0,0,0,0,0,NA,0,0,0
"11",2020-01-11,"C. Valenciana","ESVC",5003769,1,0,11,0,0,0,NA,0,0,0,0,0,NA,0,0,0
"12",2020-01-12,"C. Valenciana","ESVC",5003769,1,0,12,0,0,0,NA,0,0,0,0,0,NA,0,0,0
"13",2020-01-13,"C. Valenciana","ESVC",5003769,1,0,13,0,0,0,NA,0,0,0,0,0,NA,0,0,0
"14",2020-01-14,"C. Valenciana","ESVC",5003769,0,0,13,0,0,0,NA,0,0,0,0,0,NA,0,0,0
"15",2020-01-15,"C. Valenciana","ESVC",5003769,1,0,14,0,0,0,NA,0,0,0,0,0,NA,0,0,0
"16",2020-01-16,"C. Valenciana","ESVC",5003769,2,0,16,0,0,0,NA,0,0,0,0,0,NA,0,0,0
"17",2020-01-17,"C. Valenciana","ESVC",5003769,1,0,17,0,0,0,NA,0,0,0,0,0,NA,0,0,0
"18",2020-01-18,"C. Valenciana","ESVC",5003769,0,0,17,0,0,0,NA,0,0,0,0,0,NA,0,0,0
"19",2020-01-19,"C. Valenciana","ESVC",5003769,0,0,17,0,0,0,NA,0,0,0,0,0,NA,0,0,0
"20",2020-01-20,"C. Valenciana","ESVC",5003769,0,0,17,0,0,0,NA,0,0,0,0,0,NA,0,0,0
"21",2020-01-21,"C. Valenciana","ESVC",5003769,0,0,17,0,0,0,NA,0,0,0,0,0,NA,0,0,0
"22",2020-01-22,"C. Valenciana","ESVC",5003769,1,0,18,0,0,0,NA,0,0,0,0,0,NA,0,0,0
"23",2020-01-23,"C. Valenciana","ESVC",5003769,1,0,19,0,0,0,NA,0,0,0,0,0,NA,0,0,0
"24",2020-01-24,"C. Valenciana","ESVC",5003769,0,0,19,0,0,0,NA,0,0,0,0,0,NA,0,0,0
"25",2020-01-25,"C. Valenciana","ESVC",5003769,1,0,20,0,0,0,NA,0,0,0,0,0,NA,0,0,0
"26",2020-01-26,"C. Valenciana","ESVC",5003769,1,0,21,0,0,0,NA,0,0,0,0,0,NA,0,0,0
"27",2020-01-27,"C. Valenciana","ESVC",5003769,0,0,21,0,0,0,NA,0,0,0,0,0,NA,0,0,0
"28",2020-01-28,"C. Valenciana","ESVC",5003769,1,0,22,0,0,0,NA,0,0,0,0,0,NA,0,0,0
"29",2020-01-29,"C. Valenciana","ESVC",5003769,1,0,23,0,0,0,NA,0,0,0,0,0,NA,0,0,0
"30",2020-01-30,"C. Valenciana","ESVC",5003769,2,0,25,0,0,0,NA,0,0,0,0,0,NA,0,0,0
"31",2020-01-31,"C. Valenciana","ESVC",5003769,2,0,27,0,0,0,NA,0,0,0,0,0,NA,0,0,0
"32",2020-02-01,"C. Valenciana","ESVC",5003769,2,0,29,0,0,0,NA,0,0,0,0,0,NA,0,0,0
"33",2020-02-02,"C. Valenciana","ESVC",5003769,0,0,29,0,0,0,NA,0,0,0,0,0,NA,0,0,0
"34",2020-02-03,"C. Valenciana","ESVC",5003769,1,0,30,0,0,0,NA,0,0,0,0,0,NA,0,0,0
"35",2020-02-04,"C. Valenciana","ESVC",5003769,1,0,31,0,0,0,NA,0,0,0,0,0,NA,0,0,0
"36",2020-02-05,"C. Valenciana","ESVC",5003769,1,0,32,0,0,0,NA,0,0,0,0,0,NA,0,0,0
"37",2020-02-06,"C. Valenciana","ESVC",5003769,2,0,34,0,0,0,NA,0,0,0,0,0,NA,0,0,0
"38",2020-02-07,"C. Valenciana","ESVC",5003769,0,0,34,0,0,0,NA,0,0,0,0,0,NA,0,0,0
"39",2020-02-08,"C. Valenciana","ESVC",5003769,0,0,34,0,0,0,NA,0,0,0,0,0,NA,0,0,0
"40",2020-02-09,"C. Valenciana","ESVC",5003769,0,0,34,0,0,0,NA,0,0,0,0,0,NA,0,0,0
"41",2020-02-10,"C. Valenciana","ESVC",5003769,1,0,35,0,0,0,NA,0,0,0,0,0,NA,0,0,0
"42",2020-02-11,"C. Valenciana","ESVC",5003769,1,0,36,0,0,0,NA,0,0,0,0,0,NA,0,0,0
"43",2020-02-12,"C. Valenciana","ESVC",5003769,1,0,37,0,0,0,NA,0,0,0,0,0,NA,0,0,0
"44",2020-02-13,"C. Valenciana","ESVC",5003769,1,1,38,1,99.9774617935988,15.075264454262,663.039305016278,99.9774617935988,99.9774617935988,99.9774617935988,1.99804311097492e-05,3.01278185588944e-06,0.000132507976490577,1.99804311097492e-05,1.99804311097492e-05,1.99804311097492e-05
"45",2020-02-14,"C. Valenciana","ESVC",5003769,2,0,40,1,102.257660700852,15.4190879612653,678.161328236723,2.28019890725305,102.257660700852,102.257660700852,2.04361273873458e-05,3.08149476150184e-06,0.000135530103055661,4.55696277596558e-07,2.04361273873458e-05,2.04361273873458e-05
"46",2020-02-15,"C. Valenciana","ESVC",5003769,4,0,44,1,109.280840749567,16.4383628729807,726.489751273317,7.02318004871533,109.280840749567,109.280840749567,2.1839705379998e-05,3.28519619370532e-06,0.000145188507157968,1.40357799265221e-06,2.1839705379998e-05,2.1839705379998e-05
"47",2020-02-16,"C. Valenciana","ESVC",5003769,1,0,45,1,108.336185033069,16.259592731449,721.834130864695,0,109.280840749567,109.280840749567,2.16509165457217e-05,3.24946909648488e-06,0.000144258084428897,0,2.1839705379998e-05,2.1839705379998e-05
"48",2020-02-17,"C. Valenciana","ESVC",5003769,3,0,48,1,111.654115527276,16.7222831695563,745.510728874293,1.42861906121064,110.709459810778,110.709459810778,2.23140028101369e-05,3.34193748143775e-06,0.00014898983723555,2.85508595862567e-07,2.21252139758606e-05,2.21252139758606e-05
"49",2020-02-18,"C. Valenciana","ESVC",5003769,1,0,49,1,109.880128387581,16.424112610773,735.116891889297,0,110.709459810778,110.709459810778,2.19594726270499e-05,3.28234828801509e-06,0.000146912635633119,0,2.21252139758606e-05,2.21252139758606e-05
"50",2020-02-19,"C. Valenciana","ESVC",5003769,1,0,50,1,107.913010357816,16.0720704073638,724.56239360117,0,110.709459810778,110.709459810778,2.15663453604305e-05,3.21199288123889e-06,0.000144803325973115,0,2.21252139758606e-05,2.21252139758606e-05
"51",2020-02-20,"C. Valenciana","ESVC",5003769,3,0,53,1,110.101528181253,16.3710319759955,740.475403482326,0,110.709459810778,110.709459810778,2.20037192326931e-05,3.2717401574684e-06,0.000147983530711015,0,2.21252139758606e-05,2.21252139758606e-05
"52",2020-02-21,"C. Valenciana","ESVC",5003769,2,0,55,1,110.009555649387,16.3319315536364,741.008636634964,0,110.709459810778,110.709459810778,2.19853385816546e-05,3.26392596333612e-06,0.000148090097011865,0,2.21252139758606e-05,2.21252139758606e-05
"53",2020-02-22,"C. Valenciana","ESVC",5003769,2,0,57,1,109.729738267059,16.2437768383437,741.244821323523,0,110.709459810778,110.709459810778,2.19294172586822e-05,3.24630830047185e-06,0.000148137298369194,0,2.21252139758606e-05,2.21252139758606e-05
"54",2020-02-23,"C. Valenciana","ESVC",5003769,6,0,63,1,116.703047908869,17.2532334655198,789.394139854326,0.0802498872985637,110.789709698076,110.789709698076,2.33230286827528e-05,3.4480475548571e-06,0.000157759908551799,1.60378880996632e-08,2.21412518639602e-05,2.21412518639602e-05
"55",2020-02-24,"C. Valenciana","ESVC",5003769,14,0,77,1,137.056397005186,20.2126345701651,929.3422831564,26.2666873071098,137.056397005186,137.056397005186,2.73906323423776e-05,4.0394819525372e-06,0.000185728454522261,5.24938047841732e-06,2.73906323423776e-05,2.73906323423776e-05
"56",2020-02-25,"C. Valenciana","ESVC",5003769,8,0,85,1,144.371689437714,21.2441816371725,981.12438817737,7.31529243252805,44.3942276441154,144.371689437714,2.88525888061008e-05,4.24563596704255e-06,0.000196077074736538,1.46195646372326e-06,8.87215769635157e-06,2.88525888061008e-05
"57",2020-02-26,"C. Valenciana","ESVC",5003769,8,0,93,1,149.070307377014,21.8911866184484,1015.10973017563,4.69861793929979,46.8126466761622,149.070307377014,2.97916045638826e-05,4.37493949429888e-06,0.000202869023365312,9.39015757781743e-07,9.35547717653676e-06,2.97916045638826e-05
"58",2020-02-27,"C. Valenciana","ESVC",5003769,15,0,108,1,161.931810083869,23.7152703934006,1105.69732843253,12.8615027068548,52.6509693343017,161.931810083869,3.23619675656228e-05,4.73948145755741e-06,0.000220972896317263,2.57036300174026e-06,1.05222621856248e-05,3.23619675656228e-05
"59",2020-02-28,"C. Valenciana","ESVC",5003769,22,0,130,1,180.898944085126,26.4099641687247,1239.09399354152,18.9671340012574,71.6181033355591,180.898944085126,3.61525370346086e-05,5.27801426659078e-06,0.000247632133605993,3.79056946898576e-06,1.43128316546106e-05,3.61525370346086e-05
"60",2020-02-29,"C. Valenciana","ESVC",5003769,14,0,144,1,183.993672652544,26.7731050489554,1264.46564618744,3.09472856741803,73.2842128417665,183.993672652544,3.67710165382423e-05,5.35058773675511e-06,0.000252702641985959,6.18479503633767e-07,1.46458025623818e-05,3.67710165382423e-05
"61",2020-03-01,"C. Valenciana","ESVC",5003769,38,0,182,1,211.280131250054,30.6584494248429,1456.01929316322,27.2864585975096,100.570671439276,211.280131250054,4.22241976498223e-05,6.12707129862368e-06,0.000290984514505609,5.45318111158001e-06,2.00989836739618e-05,4.22241976498223e-05
"62",2020-03-02,"C. Valenciana","ESVC",5003769,38,0,220,1,229.529410532696,33.1999203017438,1586.86375812533,18.2492792826419,118.819950721918,129.551948739097,4.58713043173447e-05,6.634982610457e-06,0.000317133696244838,3.64710666752239e-06,2.37460903414842e-05,2.58908732075955e-05
"63",2020-03-03,"C. Valenciana","ESVC",5003769,28,0,248,1,229.128732986846,33.0335169118317,1589.29418324675,0,118.819950721918,127.271749831844,4.57912291688217e-05,6.60172700055332e-06,0.000317619415134222,0,2.37460903414842e-05,2.54351769299989e-05
"64",2020-03-04,"C. Valenciana","ESVC",5003769,35,0,283,1,229.035750981652,32.9096653242594,1593.98081721178,0,118.819950721918,120.248569783129,4.57726467751912e-05,6.57697534083996e-06,0.000318556035902492,0,2.37460903414842e-05,2.40315989373467e-05
"65",2020-03-05,"C. Valenciana","ESVC",5003769,47,0,330,1,232.983960850373,33.3850851003743,1625.92145116083,2.56021322078334,121.380163942701,122.808783003912,4.65616939651637e-05,6.67198767576486e-06,0.00032493935094942,5.11656957142374e-07,2.42577472986265e-05,2.45432558944891e-05
"66",2020-03-06,"C. Valenciana","ESVC",5003769,68,0,398,1,244.675364291984,34.975680047948,1711.64745930157,12.5857405385045,133.885654593907,133.965904481206,4.8898213385147e-05,6.98986704780896e-06,0.000342071638259395,2.51525211065988e-06,2.67569615211868e-05,2.67729994092864e-05
"67",2020-03-07,"C. Valenciana","ESVC",5003769,73,0,471,1,251.222877746439,35.8327677657357,1761.31898925074,6.54751345445561,114.166480741253,140.513417935661,5.02067297164276e-05,7.16115547415073e-06,0.000351998461409938,1.3085163312806e-06,2.281609737405e-05,2.8081515740567e-05
"68",2020-03-08,"C. Valenciana","ESVC",5003769,103,0,574,1,264.202233840759,37.6114840305516,1855.89115041956,12.9793560943199,119.830544403045,153.492774029981,5.28006456414673e-05,7.51663076983601e-06,0.000370898646684041,2.59391592503969e-06,2.39480568353665e-05,3.06754316656067e-05
"69",2020-03-09,"C. Valenciana","ESVC",5003769,169,0,743,1,293.31127027346,41.6789865204158,2064.14571110767,29.1090364327013,144.240962896446,182.601810462683,5.86180677552182e-05,8.32951851302805e-06,0.000412518186012918,5.81742211375091e-06,2.88264631913356e-05,3.64928537793576e-05
"70",2020-03-10,"C. Valenciana","ESVC",5003769,278,0,1021,1,342.037541263504,48.5262593537665,2410.85303486313,48.7262709900438,180.105731179635,231.328081452726,6.83559815138357e-05,9.69794156240356e-06,0.000481807420539023,9.73791375861751e-06,3.59940139482129e-05,4.62307675379751e-05
"71",2020-03-11,"C. Valenciana","ESVC",5003769,274,0,1295,1,361.096168152997,51.1515750494603,2549.09927072037,19.058626889493,180.197224067871,250.386708342219,7.21648357773904e-05,1.02226092070718e-05,0.000509435841406821,3.80885426355474e-06,3.60122987427819e-05,5.00396218015299e-05
"72",2020-03-12,"C. Valenciana","ESVC",5003769,365,0,1660,1,377.239081052977,53.3638665644211,2666.77310764013,16.1429128999799,193.245408400433,266.449371354901,7.5390986484983e-05,1.0664734236217e-05,0.000532952881645842,3.2261507075926e-06,3.86199699467407e-05,5.32497346210228e-05
"73",2020-03-13,"C. Valenciana","ESVC",5003769,454,2,2114,3,1158.18425273335,604.452421194028,2219.18337365535,780.945171680372,946.904121483296,1021.12785572816,0.000231462374208991,0.000120799425631764,0.000443502362650104,0.000156071387724008,0.000189238176559169,0.000204071741866614
"74",2020-03-14,"C. Valenciana","ESVC",5003769,463,7,2577,10,3748.39745556232,3087.53998643343,4550.70494523264,2590.21320282898,3518.86804502963,3604.02576612461,0.000749114808369916,0.000617042870370999,0.0009094554415347,0.000517652434160925,0.000703243504052571,0.000720262219563815
"75",2020-03-15,"C. Valenciana","ESVC",5003769,483,4,3060,14,4951.3102954751,4309.78815539793,5688.32452039957,1202.91283991277,4721.7808849424,4802.23998809808,0.000989516161812246,0.000861308376825136,0.00113680797822593,0.00024040135344233,0.000943644857494901,0.000959724557248363
"76",2020-03-16,"C. Valenciana","ESVC",5003769,593,5,3653,19,6407.95023670464,5783.38337824971,7099.96615311885,1456.63994122954,6178.42082617195,6246.01842662077,0.0012806247124327,0.00115580542951717,0.00141892364597943,0.000291108550620451,0.00123475340811535,0.00124826274486707
"77",2020-03-17,"C. Valenciana","ESVC",5003769,518,2,4171,21,6519.02182483323,5938.84001908176,7155.88320549218,111.071588128592,6286.93220107975,6338.12288074811,0.00130282229751878,0.00118687333869364,0.00143009863274907,2.21975850860806e-05,0.00125643933624429,0.00126666976048417
"78",2020-03-18,"C. Valenciana","ESVC",5003769,499,14,4670,35,9917.62741266282,9375.17996676753,10491.4608407581,3398.60558782958,9672.95204837083,9733.63374001027,0.00198203142724271,0.00187362365584173,0.0020967116668971,0.000679209129723931,0.00193313321385756,0.00194526041070447
"79",2020-03-19,"C. Valenciana","ESVC",5003769,469,9,5139,44,11346.0084697936,10845.9137710564,11869.1620562359,1428.38105713081,11094.7855920472,11134.7283385436,0.00226749245814378,0.00216754885588372,0.00237204436420543,0.000285461030901069,0.00221728572842735,0.00222526826049395
"80",2020-03-20,"C. Valenciana","ESVC",5003769,527,19,5666,63,15045.1004723428,14573.313028738,15532.1612715328,3699.09200254917,14780.898238502,14815.5710618101,0.00300675360360216,0.00291246718798131,0.00310409238946338,0.000739261145458387,0.0029539529579607,0.00296088229928482
"81",2020-03-21,"C. Valenciana","ESVC",5003769,423,21,6089,84,18381.3048438528,17940.9086080774,18832.5115044914,3336.20437150996,18087.9935735793,18151.7754333201,0.00367349189058343,0.00358547898755465,0.0037636652500328,0.000666738286981266,0.00361487382282821,0.00362762058626608
"82",2020-03-22,"C. Valenciana","ESVC",5003769,375,29,6464,113,22693.5809429135,22279.9675967463,23114.8727562681,4312.27609906077,22351.54340165,22464.0515323808,0.00453529748134127,0.00445263712148709,0.00461949237789917,0.000861805590757842,0.00446694149982744,0.00448942617702393
"83",2020-03-23,"C. Valenciana","ESVC",5003769,441,25,6905,138,25941.1033340445,25545.7920540207,26342.5319036705,3247.52239113092,25580.0071658915,25709.013710291,0.00518431273187161,0.00510531002810496,0.00526453797201079,0.000649015250530335,0.00511214789609422,0.00513792977059712
"84",2020-03-24,"C. Valenciana","ESVC",5003769,321,31,7226,169,29491.8110098053,29115.7312508569,29872.748485837,3550.70767576081,29114.5719287523,29247.1356455133,0.00589391936554331,0.00581876006883149,0.00597004947387399,0.000709606633671701,0.00581852837905832,0.00584502115215816
"85",2020-03-25,"C. Valenciana","ESVC",5003769,386,33,7612,202,33303.5262785336,32938.9746316813,33672.112595703,3811.71526872831,32145.3420258002,33052.3034007871,0.00665568819794311,0.00658283278698144,0.00672934993515947,0.000761768832399799,0.00642422582373412,0.00660548146822668
"86",2020-03-26,"C. Valenciana","ESVC",5003769,284,37,7896,239,37023.3331559155,36671.0860887328,37378.9637606362,3719.80687738195,33274.9357003532,36759.1309220748,0.00739908919774585,0.00732869284907692,0.00747016174420446,0.000743400999802739,0.00664997438937593,0.00734628855210438
"87",2020-03-27,"C. Valenciana","ESVC",5003769,307,49,8203,288,42353.2169655033,42006.9146406036,42702.3741846807,5329.88380958778,37401.9066700282,42059.9056952299,0.00846426303162742,0.00839505473586084,0.00853404187616988,0.00106517383388158,0.00747474686981518,0.0084056449638722
"88",2020-03-28,"C. Valenciana","ESVC",5003769,227,46,8430,334,46498.8420923742,46160.1248456075,46840.0448041096,4145.62512687085,40090.8918556695,46156.8045511107,0.00929276353332341,0.00922507111051839,0.00936095267469573,0.000828500501695992,0.00801213882089072,0.00922440755180958
"89",2020-03-29,"C. Valenciana","ESVC",5003769,197,36,8627,370,48916.4704409874,48586.3113496962,49248.8730659516,2417.62834861325,42397.4486161542,48555.3742728344,0.00977592499593555,0.00970994291496994,0.00984235544565539,0.000483161462612133,0.00847310269841677,0.00970376016015816
"90",2020-03-30,"C. Valenciana","ESVC",5003769,234,54,8861,424,53796.9548714949,53468.4630774772,54127.4648057868,4880.48443050745,43879.327458832,53419.7157904419,0.0107512866544189,0.0106856377817356,0.0108173388511314,0.000975361658483325,0.00876925522717617,0.0106758956679339
"91",2020-03-31,"C. Valenciana","ESVC",5003769,163,58,9024,482,58556.9147381472,58230.391460285,58885.2689748664,4759.95986665237,47210.9062683536,57398.7304854139,0.011702561556728,0.0116373060907258,0.0117681829386741,0.000951274902309114,0.00943506909858421,0.011471099182519
"92",2020-04-01,"C. Valenciana","ESVC",5003769,214,47,9238,529,62199.7860427068,61874.0733677933,62527.2133088994,3642.87130455957,47154.685570364,58451.3885871445,0.0124305870320366,0.0123654935645097,0.0124960231595222,0.000728025475308625,0.00942383342843445,0.0116814722236667
"93",2020-04-02,"C. Valenciana","ESVC",5003769,194,48,9432,577,65810.9019514371,65485.3357997708,66138.0866840852,3611.11590873028,47429.5971075843,60859.591655962,0.0131522662120168,0.0130872020270662,0.0132176538693303,0.000721679179980187,0.00947877432143337,0.0121627500502046
"94",2020-04-03,"C. Valenciana","ESVC",5003769,195,55,9627,632,70196.2448916041,69868.5843343393,70525.4420685358,4385.34294016701,47502.6639486906,63788.2946548995,0.0140286741637362,0.0139631914131806,0.0140944640067389,0.000876407951719397,0.00949337668239492,0.0127480494513035
"95",2020-04-04,"C. Valenciana","ESVC",5003769,133,46,9760,678,73105.0037984718,72778.1150760316,73433.3607677436,2908.75890686773,47163.9004644274,66585.9819736386,0.0146099877509277,0.0145446592510629,0.0146756096789727,0.000581313587191522,0.00942567501905611,0.0133071654534089
"96",2020-04-05,"C. Valenciana","ESVC",5003769,116,42,9876,720,75468.0982953378,75142.4289605236,75795.1790899239,2363.09449686596,45976.2872855325,65550.470882675,0.0150822506585212,0.0150171658524851,0.0151476175438802,0.000472262907593448,0.00918833129297786,0.0131002192312785
"97",2020-04-06,"C. Valenciana","ESVC",5003769,152,38,10028,758,77746.7509096041,77421.0073501562,78073.8650126571,2278.65261426634,44443.2246310706,66400.7424398105,0.0155376379104639,0.0154725382706828,0.0156030114524985,0.000455387251942753,0.00888194971252081,0.0132701454523201
"98",2020-04-07,"C. Valenciana","ESVC",5003769,132,58,10160,816,81958.1731656407,81629.0312464686,82288.6422401313,4211.4222560366,44934.8400097252,66913.0726932979,0.0163792879258896,0.0163135091261145,0.0164453319567972,0.000841650015425693,0.00898019872814377,0.0133725343222874
"99",2020-04-08,"C. Valenciana","ESVC",5003769,137,31,10297,847,83544.0788523539,83215.1920444068,83874.2655014692,1585.90568671314,41190.8618868506,65162.7740085011,0.0166962301521821,0.0166305023362203,0.016762217740561,0.00031694222629245,0.00823196712055464,0.0130227382615986
"100",2020-04-09,"C. Valenciana","ESVC",5003769,134,28,10431,875,84906.9151501957,84578.2931605661,85236.8139734907,1362.83629784183,38408.0730578215,62213.3342072822,0.0169685921053102,0.016902917213118,0.017034522171885,0.000272361953128098,0.00767582857198675,0.0124332946239689
"101",2020-04-10,"C. Valenciana","ESVC",5003769,104,32,10535,907,86495.4256244295,86166.8827343849,86825.2212049183,1588.51047423382,37578.9551834421,60554.3222903851,0.0172860548967048,0.0172203958125135,0.0173519643302715,0.00031746279139461,0.00751012990076922,0.0121017421648332
"102",2020-04-11,"C. Valenciana","ESVC",5003769,84,40,10619,947,88736.6421135448,88407.1097529957,89067.4027868049,2241.21648911528,34939.6872420499,59244.8311037395,0.0177339605632364,0.0176681037340044,0.0178000628699696,0.000447905666531624,0.00698267390881752,0.0118400411976931
"103",2020-04-12,"C. Valenciana","ESVC",5003769,71,32,10690,979,90177.0669282157,89847.75863804,90507.5821928514,1440.42481467086,31620.1521900684,56873.5406496821,0.0180218285312962,0.0179560164823836,0.0180878817932745,0.000287867968059848,0.00631926697456825,0.0113661403333531
"104",2020-04-13,"C. Valenciana","ESVC",5003769,71,35,10761,1014,91965.8957089445,91635.9202382223,92297.0594016107,1788.82878072886,29766.1096662377,54942.562553029,0.0183793248067496,0.018313379422236,0.0184455076566506,0.000357496275453335,0.00594873777471296,0.0109802356090037
"105",2020-04-14,"C. Valenciana","ESVC",5003769,70,32,10831,1046,93549.8231387721,93219.2457721789,93881.5728104447,1583.92742982763,27738.9211873351,51196.6061732688,0.0186958716796823,0.0186298060066679,0.0187621716371089,0.000316546872932709,0.00554360546766549,0.0102316086480549
"106",2020-04-15,"C. Valenciana","ESVC",5003769,80,34,10911,1080,95475.7738986341,95143.6040537632,95809.1034305585,1925.950759862,25279.52900703,48976.93180626,0.0190807716940239,0.0190143877652552,0.0191473873855005,0.000384900014341589,0.00505209753028768,0.00978800816070046
"107",2020-04-16,"C. Valenciana","ESVC",5003769,60,27,10971,1107,96682.6309716944,96350.1582937967,97016.2509033538,1206.85707306024,23577.6271732225,47766.160530707,0.019321961299911,0.0192555168501577,0.019388635027587,0.00024118960588713,0.00471197354898329,0.00954603630397545
"108",2020-04-17,"C. Valenciana","ESVC",5003769,90,23,11061,1130,97881.8070051578,97548.3854824301,98216.3681665505,1199.17603346337,22413.70870982,44084.8521336629,0.0195616158550001,0.0194949817792208,0.0196284776868298,0.000239654555089048,0.00447936519647889,0.00881032920058118
"109",2020-04-18,"C. Valenciana","ESVC",5003769,59,11,11120,1141,97849.4301556663,97517.4352091777,98182.5553681863,0,20135.0560955536,39324.8922670105,0.019555145362559,0.0194887963871189,0.0196217202209347,0,0.00402397794453613,0.00785905429827206
"110",2020-04-19,"C. Valenciana","ESVC",5003769,35,15,11155,1156,98024.9234073863,97694.2177130526,98356.7485769441,110.739552737097,16034.3733922541,35792.760515188,0.0195902175754689,0.0195241262562386,0.019656532621099,2.21312280277321e-05,0.00320445915713817,0.00715316005099117
"111",2020-04-20,"C. Valenciana","ESVC",5003769,40,16,11195,1172,98400.6520056806,98070.6795114945,98731.7347383952,408.105447785711,14856.5731533267,32589.7500542435,0.019665306692951,0.0195993619032962,0.019731473363058,8.1559609923182e-05,0.0029690765407689,0.00651304048093417
"112",2020-04-21,"C. Valenciana","ESVC",5003769,57,18,11252,1190,99165.605698996,98835.3181644903,99496.9969872759,764.953693315401,14258.6905488003,28969.3608073919,0.0198181821940613,0.0197521744438023,0.0198844105287986,0.000152875501110343,0.00284959008875115,0.00578950803032511
"113",2020-04-22,"C. Valenciana","ESVC",5003769,42,17,11294,1207,99781.2630394097,99450.9985615796,100112.624284762,615.657340413745,13285.8374149802,26676.2592409379,0.0199412209155558,0.0198752177731585,0.0200074432462335,0.000123038721494487,0.00265516601885103,0.00533123316462808
"114",2020-04-23,"C. Valenciana","ESVC",5003769,50,11,11344,1218,100033.598524405,99703.746068485,100364.542239651,252.335484995623,11296.9564108605,24565.5002290675,0.0199916499991117,0.0199257291990268,0.0200577888866675,5.04290835559402e-05,0.00225768943587534,0.00490939934059057
"115",2020-04-24,"C. Valenciana","ESVC",5003769,45,11,11389,1229,100301.127514466,99971.6333686529,100631.707632254,267.528990060411,10124.0605862501,22554.3766048616,0.0200451154948331,0.0199792663027915,0.0201111817176719,5.34654957214074e-05,0.0020232869635369,0.00450747758436922
"116",2020-04-25,"C. Valenciana","ESVC",5003769,40,11,11429,1240,100577.054603074,100247.883866401,100907.306194221,275.92708860799,8611.15889412921,18618.881437433,0.0201002593451204,0.0200344747861864,0.0201662599121225,5.51438502872515e-05,0.00172093453837082,0.00372097141923078
"117",2020-04-26,"C. Valenciana","ESVC",5003769,21,13,11450,1253,100894.767301521,100566.03172749,101224.577463819,317.712698447707,7344.94416274929,17350.6884491676,0.0201637540225221,0.0200980564305606,0.0202296663702539,6.3494677401716e-05,0.00146788234283983,0.00346752387034005
"118",2020-04-27,"C. Valenciana","ESVC",5003769,25,14,11475,1267,101373.015492552,101044.303582472,101702.796750592,478.248191030638,5897.24159391793,16466.1003423564,0.0202593316143395,0.0201936387516034,0.020325238185574,9.55775918174156e-05,0.00117855992031565,0.00329073950902937
"119",2020-04-28,"C. Valenciana","ESVC",5003769,46,21,11521,1288,102641.270626588,102310.87388231,102972.734334761,1268.25513403543,5958.63965489312,16145.845002158,0.0205127915830222,0.020446762007261,0.0205790343908284,0.000253459968682692,0.00119083028311122,0.00322673668631745
"120",2020-04-29,"C. Valenciana","ESVC",5003769,39,6,11560,1294,102695.113640227,102365.122517898,103026.168544225,53.8430136398674,4813.30663506962,13958.4715266826,0.0205235520744917,0.0204576035620145,0.0205897131830477,1.07604914695038e-05,0.00096193621949167,0.00278959151125533
"121",2020-04-30,"C. Valenciana","ESVC",5003769,26,9,11586,1303,102909.80493119,102580.062743771,103240.607070293,214.691290962728,5027.99792603234,12732.7380029744,0.020566457990205,0.0205005592272087,0.02063256858386,4.29059157132809e-05,0.00100484213520495,0.00254462945890876
"122",2020-05-01,"C. Valenciana","ESVC",5003769,28,11,11614,1314,103333.014538737,103003.085586256,103664.000285907,423.20960754728,5340.46798084253,11367.1188297929,0.0206510361566926,0.0205851000688193,0.0207171834443011,8.45781664875577e-05,0.00106728907366478,0.00227171134994299
"123",2020-05-02,"C. Valenciana","ESVC",5003769,36,8,11650,1322,103624.072105577,103294.026781258,103955.171991515,291.057566839387,5223.4200998962,10074.2489668046,0.0207092038232734,0.0206432444785636,0.020775373921441,5.81676665808087e-05,0.0010438971303224,0.00201333214359108
"124",2020-05-03,"C. Valenciana","ESVC",5003769,19,10,11669,1332,103950.732805211,103620.687289913,104281.829558877,326.660699634725,4785.12710621553,8474.95890657735,0.0207744867529279,0.0207085273700511,0.020840656225113,6.52829296545715e-05,0.000956304558866632,0.00169371505890407
"125",2020-05-04,"C. Valenciana","ESVC",5003769,10,6,11679,1338,103913.567895849,103584.217269605,104243.965707058,0,4169.46976580178,7268.10183351711,0.0207670593698168,0.0207012388600683,0.0208330891588037,0,0.000833265837372145,0.00145252545301694
"126",2020-05-05,"C. Valenciana","ESVC",5003769,12,8,11691,1346,104080.962953743,103751.884594575,104411.085077724,93.0652391684562,4010.19951997462,6161.99103922219,0.0208005131639256,0.0207347470665762,0.0208664878569982,1.85990278864704e-05,0.000801435781702676,0.00123146992581436
"127",2020-05-06,"C. Valenciana","ESVC",5003769,13,10,11704,1356,104444.263613304,104115.061604799,104774.506527521,400.465568923813,4143.13609883802,6562.45660814601,0.0208731185658858,0.0208073277572963,0.020939117398809,8.00327850713759e-05,0.000828003071052644,0.00131150271088574
"128",2020-05-07,"C. Valenciana","ESVC",5003769,6,5,11710,1361,104392.760262349,104064.18611807,104722.371852576,0,3867.20901023003,6451.71705540891,0.0208628256544914,0.0207971603241616,0.0209286983177233,0,0.000772859220765392,0.001289371482858
"129",2020-05-08,"C. Valenciana","ESVC",5003769,8,7,11718,1368,104544.914807758,104216.549967717,104874.314257641,49.147843499697,3598.64415528202,6092.7594511229,0.0208932336420323,0.0208276101410191,0.0209590639091535,9.82216475214924e-06,0.000719186708115826,0.00121763403768697
"130",2020-05-09,"C. Valenciana","ESVC",5003769,7,8,11725,1376,104795.194505449,104466.839427724,105124.58165285,301.783048645826,3422.17901289721,5629.58880645332,0.0209432518778244,0.0208776303278036,0.0210090796863026,6.03111471864161e-05,0.000683920263484826,0.00112506968376304
"131",2020-05-10,"C. Valenciana","ESVC",5003769,8,5,11733,1381,104855.126610555,104527.053934522,105184.228988247,59.9321051060979,2213.85598396788,5073.86357114567,0.0209552292702871,0.0208896641580621,0.0210210001677229,1.19773924627811e-05,0.000442437687264915,0.00101400835473134
"132",2020-05-11,"C. Valenciana","ESVC",5003769,21,7,11754,1388,105210.378375464,104881.881174179,105539.904452377,355.251764909,2515.26473523701,5176.77985105905,0.0210262261058543,0.020960576152532,0.0210920816793055,7.09968355671496e-05,0.000502674031362561,0.00103457610674255
"133",2020-05-12,"C. Valenciana","ESVC",5003769,19,4,11773,1392,105343.22808238,105014.683715653,105672.800318707,132.849706915906,2433.42315119019,5042.10056791454,0.0210527760339017,0.0209871166545964,0.0211186408322821,2.6549928047419e-05,0.000486318043696699,0.00100766053906856
"134",2020-05-13,"C. Valenciana","ESVC",5003769,12,7,11785,1399,105657.186886556,105328.348727134,105987.051688249,313.958804175869,2324.17234781878,5080.13228348242,0.0211155204979599,0.0210498024043744,0.0211814437653394,6.27444640581667e-05,0.000464484341267308,0.00101526115283947
"135",2020-05-14,"C. Valenciana","ESVC",5003769,19,8,11804,1407,106122.745414617,105793.247669062,106453.269395462,465.558528060661,2498.67330904005,5227.97811309538,0.0212085620688359,0.0211427121573882,0.0212746170727431,9.30415708760059e-05,0.000499358245562505,0.00104480804631376
"136",2020-05-15,"C. Valenciana","ESVC",5003769,13,2,11817,1409,106094.370413479,105765.120074191,106424.645720032,0,2172.01260940533,4749.72992206474,0.0212028913432013,0.0211370908757361,0.0212688966497119,0,0.000434075315907934,0.000949230454496348
"137",2020-05-16,"C. Valenciana","ESVC",5003769,8,3,11825,1412,106107.813945219,105778.784951685,106437.866396137,0,2172.01260940533,3481.47478802931,0.021205578024329,0.0211398217926696,0.0212715387932851,0,0.000434075315907934,0.000695770485813656
"138",2020-05-17,"C. Valenciana","ESVC",5003769,7,2,11832,1414,106049.081515909,105720.396116525,106378.788800338,0,2078.94737023687,3427.63177438945,0.0211938403862985,0.0211281528217079,0.0212597321739548,0,0.000415476288021463,0.000685009994344153
"139",2020-05-18,"C. Valenciana","ESVC",5003769,10,4,11842,1418,106180.342403058,105851.61972883,106510.085927008,0,1678.48180131306,3212.94048342672,0.0212200727897427,0.0211543777757986,0.0212859718198438,0,0.000335443502950087,0.000642104078630872
"140",2020-05-19,"C. Valenciana","ESVC",5003769,12,2,11854,1420,106193.009296217,105864.412518363,106522.626018732,10.8905007966823,1689.37230210974,2800.62137667612,0.021222604260152,0.021156934406517,0.0212884779490683,2.1764595441321e-06,0.00033761996249422,0.000559702371687446
"141",2020-05-20,"C. Valenciana","ESVC",5003769,14,2,11868,1422,106235.648344006,105907.085976567,106565.23003162,102.012428592963,1742.236887203,2611.5762384297,0.0212311256462891,0.021165462669553,0.0212969923335031,2.03871179091128e-05,0.000348184915651183,0.00052192182301575
"142",2020-05-21,"C. Valenciana","ESVC",5003769,8,4,11876,1426,106383.770654491,106055.122648129,106713.437088906,148.122310484629,1588.57614904181,2433.0378492796,0.0212607277942869,0.0211950477026676,0.0213266114180943,2.9602147997765e-05,0.000317475916462532,0.000486241041358944
"143",2020-05-22,"C. Valenciana","ESVC",5003769,16,3,11892,1429,106537.49260602,106208.638708686,106867.364733953,153.721951528845,1682.36599546455,2586.75980080845,0.0212914490269275,0.0212257277881305,0.0213573737584515,3.07212326406046e-05,0.000336219756640355,0.000516962273999548
"144",2020-05-23,"C. Valenciana","ESVC",5003769,8,2,11900,1431,106552.900123709,106224.168078695,106882.64949613,15.4075176894257,1342.52174824498,2509.10207932942,0.0212945282093776,0.021228831322688,0.0213604284082918,3.07918245015422e-06,0.00026830210352336,0.000501442428563232
"145",2020-05-24,"C. Valenciana","ESVC",5003769,9,0,11909,1431,106435.364764578,106106.962829911,106764.78310597,0,1209.67204132907,2108.6365104056,0.0212710388438351,0.0212054079294851,0.0213368728864123,0,0.000241752175475941,0.000421409643491856
"146",2020-05-25,"C. Valenciana","ESVC",5003769,5,3,11914,1434,106512.615880317,106184.247442413,106841.999777988,0,895.713237153205,2108.6365104056,0.0212864774293772,0.0212208532093334,0.0213523045883988,0,0.000179007711417774,0.000421409643491856
"147",2020-05-26,"C. Valenciana","ESVC",5003769,13,2,11927,1436,106594.978803148,106266.52795785,106924.444831305,0,430.154709092544,2059.4886669059,0.0213029376062619,0.0212372969171538,0.0213687811790083,0,8.59661405417685e-05,0.000411587478739707
"148",2020-05-27,"C. Valenciana","ESVC",5003769,15,2,11942,1438,106702.928775076,106374.318062851,107032.554628946,34.287728281779,464.442437374323,1791.99334654186,0.0213245113383684,0.0212588386999582,0.0213903868521801,6.85238033206149e-06,9.281852087383e-05,0.000358128711885352
"149",2020-05-28,"C. Valenciana","ESVC",5003769,9,2,11951,1440,106762.666373585,106434.044078539,107092.303312148,175.478521593817,639.920958968141,1907.53976302958,0.0213364498588134,0.021270774905584,0.0214023275878938,3.50692691037131e-05,0.000127887789977543,0.000381220588526284
"150",2020-05-29,"C. Valenciana","ESVC",5003769,9,1,11960,1441,106752.379519911,106423.861937094,107081.911196749,0,639.920958968141,1552.28799812058,0.0213343940377565,0.0212687400111984,0.0214002507303493,0,0.000127887789977543,0.000310223752959135
"151",2020-05-30,"C. Valenciana","ESVC",5003769,5,0,11965,1441,106636.963084299,106308.774838468,106966.164487556,0,639.920958968141,1419.43829120467,0.0213113281377095,0.0212457399289351,0.0213771188253407,0,0.000127887789977543,0.000283673824911716
"152",2020-05-31,"C. Valenciana","ESVC",5003769,7,0,11972,1441,106544.964559252,106217.03370403,106873.907857037,0,629.030458171458,1105.4794870288,0.0212929422919507,0.0212274055225231,0.02135868139737,0,0.000125711330433411,0.000220929360853549
"153",2020-06-01,"C. Valenciana","ESVC",5003769,15,0,11987,1441,106530.49617835,106202.58418676,106859.42063376,0,527.018029578495,639.920958968141,0.0212900507953803,0.0212245177958375,0.0213557861351634,0,0.000105324212524298,0.000127887789977543
"154",2020-06-02,"C. Valenciana","ESVC",5003769,19,2,12006,1443,106704.464443935,106376.194875723,107033.747029293,0,378.895719093866,639.920958968141,0.021324818240797,0.0212592137797974,0.0213906251526186,0,7.57220645265332e-05,0.000127887789977543
"155",2020-06-03,"C. Valenciana","ESVC",5003769,11,2,12017,1445,106809.132041773,106480.716559135,107138.560447058,0,225.173767565021,639.920958968141,0.0213457359925634,0.0212801023706599,0.0214115720464029,0,4.50008318859286e-05,0.000127887789977543
"156",2020-06-04,"C. Valenciana","ESVC",5003769,9,1,12026,1446,106822.099733958,106493.721743776,107151.490291854,0,209.766249875595,639.920958968141,0.0213483275774637,0.0212827014484034,0.0214141560675272,0,4.19216494357744e-05,0.000127887789977543
"157",2020-06-05,"C. Valenciana","ESVC",5003769,8,0,12034,1446,106753.333934586,106425.143381761,107082.536551247,0,209.766249875595,639.920958968141,0.0213345847769123,0.0212689961070867,0.0214003757070414,0,4.19216494357744e-05,0.000127887789977543
"158",2020-06-06,"C. Valenciana","ESVC",5003769,8,0,12042,1446,106687.067370049,106359.058156481,107016.088157488,0,209.766249875595,629.030458171459,0.0213213414468272,0.0212557890175347,0.0213870960385038,0,4.19216494357744e-05,0.000125711330433411
"159",2020-06-07,"C. Valenciana","ESVC",5003769,7,0,12049,1446,106615.467559158,106287.656167499,106944.289983634,0,209.766249875595,527.018029578495,0.0213070322709058,0.021241519376194,0.0213727472198725,0,4.19216494357744e-05,0.000105324212524298
"160",2020-06-08,"C. Valenciana","ESVC",5003769,5,0,12054,1446,106530.313625336,106202.743300507,106858.894303705,0,175.478521593816,378.895719093867,0.0212900143122786,0.021224549594617,0.0213556809484421,0,3.50692691037129e-05,7.57220645265333e-05
"161",2020-06-09,"C. Valenciana","ESVC",5003769,8,1,12062,1447,106550.070800563,106222.51851573,106878.63313958,0,-7.95807864051312e-13,225.173767565022,0.0212939627709758,0.0212285016585958,0.0213596257420317,0,-1.59041687186461e-19,4.50008318859287e-05
"162",2020-06-10,"C. Valenciana","ESVC",5003769,3,0,12065,1447,106456.95986779,106129.674649492,106785.25437604,0,-7.95807864051312e-13,209.766249875596,0.0212753546112521,0.0212099468719463,0.0213409640565021,0,-1.59041687186461e-19,4.19216494357745e-05
"163",2020-06-11,"C. Valenciana","ESVC",5003769,11,1,12076,1448,106512.949982949,106185.572822903,106841.336468481,0,-7.95807864051312e-13,209.766249875596,0.0212865441995721,0.0212211180857676,0.0213521720264226,0,-1.59041687186461e-19,4.19216494357745e-05
"164",2020-06-12,"C. Valenciana","ESVC",5003769,11,0,12087,1448,106499.902840662,106172.546686492,106828.268314615,0,-7.95807864051312e-13,209.766249875596,0.0212839367366204,0.0212185148208264,0.0213495603643204,0,-1.59041687186461e-19,4.19216494357745e-05
"165",2020-06-13,"C. Valenciana","ESVC",5003769,3,0,12090,1448,106419.056117923,106091.930891471,106747.190006513,0,-7.95807864051312e-13,209.766249875596,0.0212677795713438,0.0212024038063051,0.0213333569168586,0,-1.59041687186461e-19,4.19216494357745e-05
"166",2020-06-14,"C. Valenciana","ESVC",5003769,2,1,12092,1449,106405.287139479,106078.287252898,106733.29504503,0,-7.95807864051312e-13,175.478521593817,0.0212650278499026,0.0211996771339561,0.0213305800177886,0,-1.59041687186461e-19,3.5069269103713e-05
"167",2020-06-15,"C. Valenciana","ESVC",5003769,11,1,12103,1450,106474.627198748,106147.495722926,106802.766847224,0,-7.95807864051312e-13,-4.83169060316868e-13,0.0212788854159231,0.0212135084019518,0.0213444639125475,0,-1.59041687186461e-19,-9.65610243632086e-20
"168",2020-06-16,"C. Valenciana","ESVC",5003769,10,0,12113,1450,106465.647031211,106138.528575736,106793.773664256,0,-7.95807864051312e-13,-4.83169060316868e-13,0.0212770907352459,0.0212117163233827,0.0213426666307449,0,-1.59041687186461e-19,-9.65610243632086e-20
"169",2020-06-17,"C. Valenciana","ESVC",5003769,9,0,12122,1450,106449.897716356,106122.811654316,106777.991905587,0,-7.95807864051312e-13,-4.83169060316868e-13,0.0212739432448533,0.021208575306797,0.021339512656477,0,-1.59041687186461e-19,-9.65610243632086e-20
"170",2020-06-18,"C. Valenciana","ESVC",5003769,8,0,12130,1450,106426.297073234,106099.267564512,106754.334584198,0,-7.95807864051312e-13,-4.83169060316868e-13,0.0212692266715818,0.0212038700356696,0.0213347847560905,0,-1.59041687186461e-19,-9.65610243632086e-20
"171",2020-06-19,"C. Valenciana","ESVC",5003769,11,0,12141,1450,106429.699231977,106102.644781419,106757.761806449,0,-7.95807864051312e-13,-4.83169060316868e-13,0.0212699065908072,0.0212045449702852,0.0213354696842419,0,-1.59041687186461e-19,-9.65610243632086e-20
"172",2020-06-20,"C. Valenciana","ESVC",5003769,5,0,12146,1450,106380.942002457,106054.021479859,106708.870285313,0,-7.95807864051312e-13,-4.83169060316868e-13,0.0212601624900064,0.0211948276349006,0.0213256987453483,0,-1.59041687186461e-19,-9.65610243632086e-20
"173",2020-06-21,"C. Valenciana","ESVC",5003769,10,1,12156,1451,106449.880377802,106122.832422176,106777.936225536,0,-7.95807864051312e-13,-4.83169060316868e-13,0.0212739397797544,0.0212085794572403,0.0213395015288547,0,-1.59041687186461e-19,-9.65610243632086e-20
"174",2020-06-22,"C. Valenciana","ESVC",5003769,7,0,12163,1451,106420.244233042,106093.272917458,106748.223249098,0,-7.95807864051312e-13,-4.83169060316868e-13,0.0212680170153823,0.021202672009331,0.0213335634097214,0,-1.59041687186461e-19,-9.65610243632086e-20
"175",2020-06-23,"C. Valenciana","ESVC",5003769,12,1,12175,1452,106508.585440349,106181.427081159,106836.751815677,0,-7.95807864051312e-13,-4.83169060316868e-13,0.021285671948555,0.0212202895619599,0.0213512557865235,0,-1.59041687186461e-19,-9.65610243632086e-20
"176",2020-06-24,"C. Valenciana","ESVC",5003769,6,2,12181,1454,106618.294391046,106290.980571139,106946.616145361,0,-7.95807864051312e-13,-4.83169060316868e-13,0.0213075972114312,0.0212421837561125,0.0213732121017899,0,-1.59041687186461e-19,-9.65610243632086e-20
"177",2020-06-25,"C. Valenciana","ESVC",5003769,9,0,12190,1454,106607.786463933,106280.490540093,106936.090311439,0,-7.95807864051312e-13,-4.83169060316868e-13,0.0213054972089904,0.0212400873301891,0.0213711085206849,0,-1.59041687186461e-19,-9.65610243632086e-20
"178",2020-06-26,"C. Valenciana","ESVC",5003769,15,0,12205,1454,106650.432625953,106322.991429636,106978.882237624,0,-7.95807864051312e-13,-4.83169060316868e-13,0.0213140200169018,0.0212485811054898,0.0213796604594704,0,-1.59041687186461e-19,-9.65610243632086e-20
"179",2020-06-27,"C. Valenciana","ESVC",5003769,13,0,12218,1454,106675.278370709,106347.746567966,107003.818912098,0,-7.95807864051312e-13,-4.83169060316868e-13,0.0213189854229301,0.0212535284038823,0.021384644037744,0,-1.59041687186461e-19,-9.65610243632086e-20
"180",2020-06-28,"C. Valenciana","ESVC",5003769,13,1,12231,1455,106771.593002319,106443.849781591,107100.345352452,0,-7.95807864051312e-13,-4.83169060316868e-13,0.0213382338397954,0.021272734569,0.0214039347844499,0,-1.59041687186461e-19,-9.65610243632086e-20
"181",2020-06-29,"C. Valenciana","ESVC",5003769,18,0,12249,1455,106835.667580863,106507.713380118,107164.631604789,0,-7.95807864051312e-13,-4.83169060316868e-13,0.0213510391028969,0.0212854976678815,0.021416782350422,0,-1.59041687186461e-19,-9.65610243632086e-20
"182",2020-06-30,"C. Valenciana","ESVC",5003769,18,0,12267,1455,106896.405439379,106568.249081328,107225.572291609,0,-7.95807864051312e-13,-4.83169060316868e-13,0.0213631775246577,0.0212975956886355,0.0214289613072883,0,-1.59041687186461e-19,-9.65610243632086e-20
"183",2020-07-01,"C. Valenciana","ESVC",5003769,23,0,12290,1455,106996.042353014,106667.563002747,107325.53324494,0,-7.95807864051312e-13,-4.83169060316868e-13,0.0213830898974382,0.0213174435116303,0.0214489384391925,0,-1.59041687186461e-19,-9.65610243632086e-20
"184",2020-07-02,"C. Valenciana","ESVC",5003769,24,0,12314,1455,107098.328013926,106769.51754137,107428.151100657,0,-7.95807864051312e-13,-4.83169060316868e-13,0.0214035316206496,0.0213378190602664,0.021469446551321,0,-1.59041687186461e-19,-9.65610243632086e-20
"185",2020-07-03,"C. Valenciana","ESVC",5003769,15,0,12329,1455,107114.725647911,106785.846337914,107444.61784121,0,-7.95807864051312e-13,-4.83169060316868e-13,0.0214068086772014,0.0213410823597,0.0214727374187757,0,-1.59041687186461e-19,-9.65610243632086e-20
"186",2020-07-04,"C. Valenciana","ESVC",5003769,7,0,12336,1455,107054.514448276,106725.801563616,107384.239760662,0,-7.95807864051312e-13,-4.83169060316868e-13,0.0213947755078774,0.0213290824503722,0.0214606708984092,0,-1.59041687186461e-19,-9.65610243632086e-20
"187",2020-07-05,"C. Valenciana","ESVC",5003769,11,0,12347,1455,107025.481579607,106696.838027719,107355.137406892,0,-7.95807864051312e-13,-4.83169060316868e-13,0.0213889733078419,0.0213232941064464,0.0214548548118213,0,-1.59041687186461e-19,-9.65610243632086e-20
"188",2020-07-06,"C. Valenciana","ESVC",5003769,24,0,12371,1455,107109.022322962,106780.101047803,107438.95679444,0,-7.95807864051312e-13,-4.83169060316868e-13,0.0214056688713972,0.0213399341671854,0.0214716060622384,0,-1.59041687186461e-19,-9.65610243632086e-20
"189",2020-07-07,"C. Valenciana","ESVC",5003769,27,0,12398,1455,107217.890737751,106888.615383958,107548.180439595,0,-7.95807864051312e-13,-4.83169060316868e-13,0.0214274261537156,0.0213616206871176,0.0214934343371158,0,-1.59041687186461e-19,-9.65610243632086e-20
"190",2020-07-08,"C. Valenciana","ESVC",5003769,29,0,12427,1455,107339.824356532,107010.154802586,107670.509533854,0,-7.95807864051312e-13,-4.83169060316868e-13,0.0214517945086057,0.0213859102613622,0.0215178817275246,0,-1.59041687186461e-19,-9.65610243632086e-20
"191",2020-07-09,"C. Valenciana","ESVC",5003769,28,0,12455,1455,107445.716376931,107115.69908287,107776.750435251,0,-7.95807864051312e-13,-4.83169060316868e-13,0.0214729569604295,0.0214070032175487,0.0215391139029902,0,-1.59041687186461e-19,-9.65610243632086e-20
"192",2020-07-10,"C. Valenciana","ESVC",5003769,33,0,12488,1455,107585.518876727,107255.049694684,107917.00628477,0,-7.95807864051312e-13,-4.83169060316868e-13,0.0215008963996393,0.0214348523472374,0.0215671439438491,0,-1.59041687186461e-19,-9.65610243632086e-20
"193",2020-07-11,"C. Valenciana","ESVC",5003769,35,0,12523,1455,107732.215662855,107401.270611361,108064.180484661,0,-7.95807864051312e-13,-4.83169060316868e-13,0.0215302136575161,0.0214640745029119,0.0215965566125576,0,-1.59041687186461e-19,-9.65610243632086e-20
"194",2020-07-12,"C. Valenciana","ESVC",5003769,18,0,12541,1455,107721.190783118,107390.253016182,108053.14838009,412.671327636985,412.671327636984,412.671327636984,0.0215280103424275,0.0214618726436376,0.0215943518535907,8.24720980598794e-05,8.24720980598792e-05,8.24720980598793e-05
"195",2020-07-13,"C. Valenciana","ESVC",5003769,48,0,12589,1455,107957.752010379,107626.059532618,108290.46673034,782.414309157437,1195.08563679442,1195.08563679442,0.0215752869507724,0.021508998423512,0.0216417797724755,0.000156364993899086,0.000238837091958965,0.000238837091958966
"196",2020-07-14,"C. Valenciana","ESVC",5003769,55,0,12644,1455,108244.476698448,107911.873947251,108578.104587899,286.724688068396,1481.81032486282,1481.81032486282,0.0216325886943318,0.0215661182495138,0.0216992640123672,5.73017435593841e-05,0.00029613883551835,0.00029613883551835
"197",2020-07-15,"C. Valenciana","ESVC",5003769,82,0,12726,1455,108746.091805586,108411.916977993,109081.296711962,501.615107138627,1983.42543200144,1983.42543200144,0.021732836149228,0.0216660515259583,0.0217998266330764,0.000100247454896225,0.000396386290414574,0.000396386290414574
"198",2020-07-16,"C. Valenciana","ESVC",5003769,71,0,12797,1455,109128.354401176,108792.968543865,109464.774182598,382.262595589797,2365.68802759124,2365.68802759124,0.0218092310818457,0.0217422044350699,0.0218764643576868,7.6394932617752e-05,0.000472781223032326,0.000472781223032326
"199",2020-07-17,"C. Valenciana","ESVC",5003769,90,0,12887,1455,109638.798926981,109301.803766809,109976.833097801,510.444525804356,2876.1325533956,2876.1325533956,0.0219112430903546,0.0218438948254423,0.0219787990008733,0.000102012008508857,0.000574793231541183,0.000574793231541184
"200",2020-07-18,"C. Valenciana","ESVC",5003769,91,0,12978,1455,110119.220124402,109780.7021914,110458.781905627,480.421197421339,3356.55375081694,3356.55375081694,0.0220072549560945,0.0219396023660166,0.022075116158565,9.60118657398732e-05,0.000670805097281057,0.000670805097281057
"201",2020-07-19,"C. Valenciana","ESVC",5003769,83,1,13061,1456,110564.955274514,110225.116077876,110905.842242147,445.735150111796,3802.28890092873,3802.28890092873,0.0220963348377021,0.0220284181939406,0.0221644608778196,8.90798816076033e-05,0.00075988497888866,0.00075988497888866
"202",2020-07-20,"C. Valenciana","ESVC",5003769,121,0,13182,1456,111212.895607089,110871.006308697,111555.839178336,647.940332575556,4450.22923350429,4450.22923350429,0.022225825294311,0.0221574989390391,0.0222943623453314,0.000129490456608919,0.000889375435497579,0.000889375435497579
"203",2020-07-21,"C. Valenciana","ESVC",5003769,132,0,13314,1456,111906.60180745,111562.514461516,112251.750406819,693.706200360713,5143.935433865,5143.935433865,0.0223644620300118,0.0222956963963596,0.0224334397544768,0.000138636735700771,0.00102801217119835,0.00102801217119835
"204",2020-07-22,"C. Valenciana","ESVC",5003769,137,0,13451,1456,112586.279713364,112240.030216024,112933.597356482,679.677905913952,5823.61333977895,5823.61333977895,0.0225002952201358,0.022431097481923,0.022569706426592,0.000135833190124075,0.00116384536132243,0.00116384536132243
"205",2020-07-23,"C. Valenciana","ESVC",5003769,126,0,13577,1456,113111.292172161,112763.346355012,113460.311620907,525.01245879718,6348.62579857613,6348.62579857613,0.022605218620636,0.0225356818740058,0.0226749699318468,0.000104923400500139,0.00126876876182256,0.00126876876182256
"206",2020-07-24,"C. Valenciana","ESVC",5003769,154,0,13731,1456,113805.362036202,113455.190126617,114156.614728131,694.069864041187,6630.02433498033,7042.69566261732,0.0227439280342882,0.0226739464045238,0.0228141256577053,0.000138709413652226,0.00132500607741491,0.00140747817547479
"207",2020-07-25,"C. Valenciana","ESVC",5003769,167,0,13898,1456,114541.861429818,114189.324478222,114895.486769517,736.499393615784,6584.10941943868,7779.1950562331,0.0228911169619977,0.0228206626801162,0.0229617887575379,0.000147188927709449,0.00131583001122527,0.00155466710318424
"208",2020-07-26,"C. Valenciana","ESVC",5003769,124,0,14022,1456,114855.949822574,114502.338654382,115210.653028358,314.088392755453,6611.47312412574,8093.28344898856,0.0229538873242497,0.0228832183608759,0.0230247745306304,6.27703622520251e-05,0.00132129862991792,0.00161743746543627
"209",2020-07-27,"C. Valenciana","ESVC",5003769,207,0,14229,1456,115782.729260138,115426.149643198,116140.410438758,926.779437564925,7036.63745455204,9020.06288655348,0.0231391035957372,0.0230678413897999,0.023210585948064,0.000185216271487538,0.00140626744650923,0.0018026537369238
"210",2020-07-28,"C. Valenciana","ESVC",5003769,192,3,14421,1459,116758.445374754,116399.059035104,117118.941332833,975.716114615076,7630.09097357732,9995.77900116856,0.0233340998304985,0.0232622767028422,0.0234061447146806,0.000194996234761252,0.00152486874865273,0.00199764997168506
"211",2020-07-29,"C. Valenciana","ESVC",5003769,276,1,14697,1460,118172.708931221,117808.943450741,118537.59763139,1414.26355646757,8533.91000424053,11410.0425576361,0.0236167394880181,0.0235440411918977,0.0236896622588673,0.000282639657519676,0.00170549639766355,0.00228028962920473
"212",2020-07-30,"C. Valenciana","ESVC",5003769,247,0,14944,1460,119172.297180615,118805.309317526,119540.418663846,999.588249393724,9053.07705621292,11996.9594793929,0.0238165065534829,0.0237431642662813,0.0238900753939372,0.000199767065464797,0.00180925159738847,0.00239758459660965
"213",2020-07-31,"C. Valenciana","ESVC",5003769,246,0,15190,1460,120047.110974795,119677.270659439,120418.094212764,874.813794180445,9482.15570028157,12089.3589644159,0.0239913375247329,0.0239174251767896,0.0240654782850215,0.000174830971249961,0.00189500268703083,0.00241605057396052
"214",2020-08-01,"C. Valenciana","ESVC",5003769,284,0,15474,1460,121102.097282163,120728.835477907,121476.51311374,1054.98630736789,9889.2016750739,12857.6205837154,0.0242021758562722,0.0241275797259839,0.0242770026181745,0.000210838331539263,0.00197635056196117,0.0025695871619404
"215",2020-08-02,"C. Valenciana","ESVC",5003769,204,1,15678,1461,121498.838951715,121124.281769362,121874.554391362,396.741669552124,9592.23714426531,12752.7471461289,0.0242814644224614,0.0242066094116979,0.0243565509101964,7.92885661892314e-05,0.00191700239244963,0.00254862827323341
"216",2020-08-03,"C. Valenciana","ESVC",5003769,276,0,15954,1461,122265.592717234,121888.476840383,122643.875368732,766.753765518806,9679.31300387016,13137.2383160579,0.024434699666838,0.0243593333026331,0.0245102992102018,0.00015323524437655,0.00193440444670211,0.00262546858499221
"217",2020-08-04,"C. Valenciana","ESVC",5003769,357,1,16311,1462,123635.698269646,123254.26686121,124018.31008281,1370.10555241186,10524.4060974848,13996.8993426654,0.0247085143757927,0.0246322855553903,0.0247849790993169,0.000273814708954761,0.00210329575515673,0.00279727128543811
"218",2020-08-05,"C. Valenciana","ESVC",5003769,381,0,16692,1462,124981.96261158,124596.165413552,125368.954384717,1346.26434193368,11176.6005753773,14862.7424871777,0.0249775644342454,0.0249004631136153,0.025054904489939,0.000269050058452675,0.00223363639995718,0.00297030947815091
"219",2020-08-06,"C. Valenciana","ESVC",5003769,327,2,17019,1464,125952.943348557,125564.153181225,126342.937345091,970.980736977363,11411.0819187389,15387.9880740433,0.0251716143068469,0.0250939148432361,0.0252495543549454,0.000194049872601505,0.00228049734484924,0.00307527946914482
"220",2020-08-07,"C. Valenciana","ESVC",5003769,357,0,17376,1464,126827.345849519,126435.619887266,127220.285466828,874.402500961529,11971.396026945,15614.4502424293,0.0253463630814129,0.0252680769010852,0.0254248918099193,0.000174748774566038,0.00239247575716325,0.00312053778710193
"221",2020-08-08,"C. Valenciana","ESVC",5003769,325,1,17701,1465,127418.621668659,127024.936976174,127813.52649666,591.275819140254,11635.8924085203,15512.0198612088,0.0254645291716422,0.0253858515403436,0.025543450646235,0.000118166090229236,0.00232542557590495,0.0031000671416304
"222",2020-08-09,"C. Valenciana","ESVC",5003769,272,1,17973,1466,127514.76784229,127120.648227953,127910.109368823,96.1461736313067,10756.3224675365,14928.4881289262,0.0254837439222894,0.0254049793721398,0.0255627526708014,1.92147506472235e-05,0.00214964409179092,0.00298344870215355
"223",2020-08-10,"C. Valenciana","ESVC",5003769,427,1,18400,1467,128612.75411164,128215.098370444,129011.643171613,1097.98626934949,10440.0451804185,15501.4619394785,0.0257031757684337,0.0256237045256174,0.0257828934892105,0.000219431846144275,0.00208643628041552,0.00309795714779768
"224",2020-08-11,"C. Valenciana","ESVC",5003769,427,0,18827,1467,129518.899556588,129118.178288068,129920.864472883,906.145444948721,10346.6023759735,15713.537520386,0.0258842683498356,0.0258041844633652,0.0259646007785097,0.000181092581401883,0.0020677617963526,0.00314034031554734
"225",2020-08-12,"C. Valenciana","ESVC",5003769,472,1,19299,1468,130694.9683204,130290.458696121,131100.73381589,1176.06876381196,10647.857345605,16153.1068905822,0.0261193049320223,0.0260384639451025,0.0262003969039918,0.000235036582186739,0.00212796740728938,0.00322818797002463
"226",2020-08-13,"C. Valenciana","ESVC",5003769,459,2,19758,1470,131726.736992164,131318.996640411,132135.743361772,1031.76867176408,10624.6397100012,16870.7871695908,0.026325503234095,0.026244016588378,0.0264072428926619,0.000206198302072713,0.00212332737782283,0.00337161590984532
"227",2020-08-14,"C. Valenciana","ESVC",5003769,535,2,20293,1472,133105.764429089,132693.710604883,133519.097804174,1379.02743692504,11606.9254773741,17323.0351689509,0.0266011009759022,0.0265187522855039,0.0266837053837166,0.000275597741807234,0.00231963655344083,0.00346199738016501
"228",2020-08-15,"C. Valenciana","ESVC",5003769,424,0,20717,1472,133415.800326371,133002.495408263,133830.389588467,310.035897281545,11150.2076091368,16657.3549516174,0.0266630614495535,0.0265804627288476,0.0267459168455751,6.19604736512706e-05,0.00222836178271555,0.00332896161905503
"229",2020-08-16,"C. Valenciana","ESVC",5003769,369,0,21086,1472,133237.401243071,132824.35289196,133651.734064511,0,9780.10205672497,15243.0913951498,0.0266274085080807,0.0265448610621233,0.0267102126546032,0,0.00195454707376079,0.00304632196153536
"230",2020-08-17,"C. Valenciana","ESVC",5003769,571,3,21657,1475,134495.501339385,134078.617382919,134913.681492341,901.301929714013,9335.1396445053,15144.8050754701,0.0268788389990396,0.0267955250098314,0.0269624120322782,0.000180124608013282,0.0018656216233214,0.00302667950408384
"231",2020-08-18,"C. Valenciana","ESVC",5003769,568,1,22225,1476,135433.931456782,135013.961566161,135855.207691629,1116.82920069704,9480.98810822498,15386.8204819867,0.02706638365136,0.0269824529402058,0.0271505754345631,0.000223197593793208,0.0018947693445131,0.00307504612662709
"232",2020-08-19,"C. Valenciana","ESVC",5003769,585,2,22810,1478,136426.346882487,136003.242893627,136850.767141324,992.4154257052,9599.00103296865,15324.249600324,0.0272647172326475,0.0271801601739863,0.0273495373470127,0.000198333581287465,0.00191835415123453,0.00306254137637529
"233",2020-08-20,"C. Valenciana","ESVC",5003769,600,1,23410,1479,137260.324957642,136834.452409095,137687.522957671,833.978075155086,9841.70328898348,15761.486005927,0.0274313872118482,0.0273462768583232,0.0275167624559948,0.000166669979200696,0.00196685804020599,0.00314992278938675
"234",2020-08-21,"C. Valenciana","ESVC",5003769,662,3,24072,1482,138478.018784164,138048.430023354,138908.944369329,1217.69382652169,10963.2509418739,16212.4260669299,0.0276747425359092,0.0275888894997659,0.0277608627355357,0.00024335532406106,0.00219099861361983,0.00324004286907126
"235",2020-08-22,"C. Valenciana","ESVC",5003769,596,2,24668,1484,139057.102704401,138625.653288846,139489.894934895,579.083920237026,10444.3485927614,15421.404434755,0.027790472083024,0.0277042471962326,0.0278769653305129,0.00011572954711479,0.00208729631459034,0.00308195770723129
"236",2020-08-23,"C. Valenciana","ESVC",5003769,462,3,25130,1487,138837.441255327,138406.730111742,139269.492739002,0,9538.20314781267,14075.1400928213,0.027746572884425,0.0276604955408098,0.027832918094141,0,0.00190620373318846,0.00281290764877862
"237",2020-08-24,"C. Valenciana","ESVC",5003769,693,3,25823,1490,139783.54752416,139349.960804022,140218.483347253,506.783370684687,8868.9177546854,13610.9427265287,0.0279356516106479,0.0278489995849173,0.0280225732537319,0.000101280329024918,0.00177244748002664,0.00272013810520203
"238",2020-08-25,"C. Valenciana","ESVC",5003769,595,1,26418,1491,139912.302954918,139478.13423065,140347.823163289,348.416879832512,8185.56596275384,13084.9571053996,0.0279613833002519,0.0278746149613721,0.028048421732356,6.9630888202975e-05,0.0016358800661569,0.00261502021883897
"239",2020-08-26,"C. Valenciana","ESVC",5003769,683,4,27101,1495,140686.97756702,140250.596029916,141124.716879786,774.674612101808,7581.21313793061,13268.3558983612,0.0281162015206977,0.0280289909526032,0.0282036834393806,0.00015481822044579,0.00151510054479545,0.00265167234905552
"240",2020-08-27,"C. Valenciana","ESVC",5003769,571,3,27672,1498,140691.666540862,140255.341939639,141129.348517532,4.68897384160664,7275.86621449067,13176.8986985715,0.0281171386090888,0.0280299394195933,0.0282046090691901,9.37088391092123e-07,0.00145407715953528,0.00263339468679939
"241",2020-08-28,"C. Valenciana","ESVC",5003769,676,4,28348,1502,141239.102017996,140801.277380646,141678.288080587,547.435477134131,7823.3016916248,12626.3479063561,0.0282265432353084,0.0281390442645626,0.0283143142860086,0.000109404626219582,0.00156348178575486,0.0025233674668747
"242",2020-08-29,"C. Valenciana","ESVC",5003769,641,3,28989,1505,141441.015290544,141002.644558416,141880.748897102,201.913272548612,7123.9130344594,11922.115733956,0.0282668954723018,0.0281792873648676,0.0283547759493099,4.03522369934768e-05,0.00142370941473505,0.00238262712246629
"243",2020-08-30,"C. Valenciana","ESVC",5003769,387,4,29376,1509,140452.410192304,140017.308733661,140888.863721494,0,6007.08383376236,10746.0469701441,0.028069323382495,0.0279823686372535,0.0281565483381615,0,0.00120051182094185,0.00214759054027955
"244",2020-08-31,"C. Valenciana","ESVC",5003769,503,3,29879,1512,139926.211449992,139492.830797645,140360.938542789,0,5014.66840805716,9714.27829838,0.0279641629040013,0.0278775520607855,0.0280510428324706,0,0.00100217823965438,0.00194139223820684
"245",2020-09-01,"C. Valenciana","ESVC",5003769,570,5,30449,1517,139925.763752783,139492.724002839,140360.147826786,0,4180.69033290207,8335.25086145496,0.0279640734320035,0.0278775307179127,0.0280508848083887,0,0.000835508260453684,0.00166579449639961
"246",2020-09-02,"C. Valenciana","ESVC",5003769,612,4,31061,1521,140047.698526612,139614.51058503,140482.230539036,0,2962.99650638038,8025.21496417341,0.0279884420177294,0.0279018696876354,0.0280752829595122,0,0.000592152936392624,0.00160383402274833
"247",2020-09-03,"C. Valenciana","ESVC",5003769,532,5,31593,1526,139911.421890951,139479.009251355,140345.17509564,0,2383.91258614336,8025.21496417341,0.0279612072201876,0.0278747898336943,0.028047892517748,0,0.000476423389277834,0.00160383402274833
"248",2020-09-04,"C. Valenciana","ESVC",5003769,623,3,32216,1529,139996.175756068,139563.62645835,140430.06565305,0,2383.91258614336,7123.9130344594,0.0279781452253427,0.0278917005278122,0.0280648578407695,0,0.000476423389277834,0.00142370941473505
"249",2020-09-05,"C. Valenciana","ESVC",5003769,540,5,32756,1534,139901.970268138,139470.076858394,140335.201111126,0,1877.12921545867,6007.08383376236,0.0279593183194783,0.0278730047007354,0.0280458992233905,0,0.000375143060252915,0.00120051182094185
"250",2020-09-06,"C. Valenciana","ESVC",5003769,392,4,33148,1538,139096.915391988,138667.758500806,139527.400462403,0,1528.71233562616,5014.66840805716,0.0277984286229017,0.0277126618956244,0.0278844607859402,0,0.00030551217204994,0.00100217823965438
"251",2020-09-07,"C. Valenciana","ESVC",5003769,558,5,33706,1543,139108.713386937,138679.891435326,139538.861329391,0,754.03772352435,4180.69033290207,0.0278007864445655,0.0277150866547449,0.0278867512327989,0,0.000150693951604151,0.000835508260453684
"252",2020-09-08,"C. Valenciana","ESVC",5003769,583,5,34289,1548,139254.78011572,138825.885124814,139685.000154279,0,749.348749682743,2962.99650638038,0.027829977785889,0.0277442633992125,0.0279159569824824,0,0.000149756863213059,0.000592152936392624
"253",2020-09-09,"C. Valenciana","ESVC",5003769,567,4,34856,1552,139264.150621557,138835.495377313,139694.129340882,0,201.913272548612,2383.91258614336,0.027831850475423,0.0277461840019618,0.0279177814445235,0,4.03522369934766e-05,0.000476423389277834
"254",2020-09-10,"C. Valenciana","ESVC",5003769,588,1,35444,1553,139094.35380218,138666.156170229,139523.87369774,0,-7.95807864051312e-13,2383.91258614336,0.0277979166908345,0.0277123416708943,0.0278837559643022,0,-1.59041687186461e-19,0.000476423389277834
"255",2020-09-11,"C. Valenciana","ESVC",5003769,576,2,36020,1555,138966.099848835,138538.349771236,139395.170644698,0,-7.95807864051312e-13,1877.12921545867,0.0277722852211672,0.0276867996446751,0.0278580347423508,0,-1.59041687186461e-19,0.000375143060252915
"256",2020-09-12,"C. Valenciana","ESVC",5003769,445,3,36465,1558,138425.34543022,137999.428498085,138852.576898474,0,-7.95807864051312e-13,1528.71233562616,0.0276642158001739,0.0275790965766175,0.0277495977329238,0,-1.59041687186461e-19,0.00030551217204994
"257",2020-09-13,"C. Valenciana","ESVC",5003769,396,5,36861,1563,137897.897396679,137473.996801478,138323.105087905,0,-7.95807864051312e-13,754.03772352435,0.0275588056516357,0.0274740893917121,0.0276437831338547,0,-1.59041687186461e-19,0.000150693951604151
"258",2020-09-14,"C. Valenciana","ESVC",5003769,539,4,37400,1567,137854.661433121,137431.180303877,138279.447479245,0,-7.95807864051312e-13,749.348749682743,0.0275501649722682,0.0274655325423449,0.0276350581889861,0,-1.59041687186461e-19,0.000149756863213059
"259",2020-09-15,"C. Valenciana","ESVC",5003769,473,10,37873,1577,138134.603508251,137711.207850746,138559.300903541,0,-7.95807864051312e-13,201.913272548612,0.0276061112150163,0.027521495866565,0.0276909867149225,0,-1.59041687186461e-19,4.03522369934767e-05
"260",2020-09-16,"C. Valenciana","ESVC",5003769,527,9,38400,1586,138553.967819146,138130.119634658,138979.116569246,0,-7.95807864051312e-13,-4.83169060316868e-13,0.0276899209014537,0.0276052151157773,0.0277748866043269,0,-1.59041687186461e-19,-9.65610243632086e-20
"261",2020-09-17,"C. Valenciana","ESVC",5003769,479,5,38879,1591,138476.934275908,138053.722226792,138901.443707201,0,-7.95807864051312e-13,-4.83169060316868e-13,0.0276745257976354,0.0275899471432018,0.0277593637330582,0,-1.59041687186461e-19,-9.65610243632086e-20
"262",2020-09-18,"C. Valenciana","ESVC",5003769,456,6,39335,1597,138429.552565291,138006.993453393,138853.405497151,0,-7.95807864051312e-13,-4.83169060316868e-13,0.027665056593398,0.0275806084280455,0.0277497633278336,0,-1.59041687186461e-19,-9.65610243632086e-20
"263",2020-09-19,"C. Valenciana","ESVC",5003769,404,2,39739,1599,137883.06062443,137462.255087614,138305.154349771,0,-7.95807864051312e-13,-4.83169060316868e-13,0.0275558405322927,0.0274717428177868,0.0276401956904428,0,-1.59041687186461e-19,-9.65610243632086e-20
"264",2020-09-20,"C. Valenciana","ESVC",5003769,327,2,40066,1601,137113.134411235,136694.76818043,137532.781088289,0,-7.95807864051312e-13,-4.83169060316868e-13,0.0274019712762989,0.0273183610555223,0.0274858373934306,0,-1.59041687186461e-19,-9.65610243632086e-20
"265",2020-09-21,"C. Valenciana","ESVC",5003769,435,2,40501,1603,136765.959017892,136348.746244201,137184.448418638,0,-7.95807864051312e-13,-4.83169060316868e-13,0.0273325884983682,0.0272492087952504,0.027416223334578,0,-1.59041687186461e-19,-9.65610243632086e-20
"266",2020-09-22,"C. Valenciana","ESVC",5003769,486,9,40987,1612,137237.370916039,136819.545025097,137656.472783123,0,-7.95807864051312e-13,-4.83169060316868e-13,0.0274267998614722,0.0273432976272679,0.0275105570986837,0,-1.59041687186461e-19,-9.65610243632086e-20
"267",2020-09-23,"C. Valenciana","ESVC",5003769,462,6,41449,1618,137407.958848106,136990.126804039,137827.065316988,0,-7.95807864051312e-13,-4.83169060316868e-13,0.0274608917494204,0.0273773882855181,0.0275446499062983,0,-1.59041687186461e-19,-9.65610243632086e-20
"268",2020-09-24,"C. Valenciana","ESVC",5003769,415,2,41864,1620,137108.685576766,136691.867182852,137526.774986851,0,-7.95807864051312e-13,-4.83169060316868e-13,0.0274010821796063,0.0273177812930318,0.0274846370779408,0,-1.59041687186461e-19,-9.65610243632086e-20
"269",2020-09-25,"C. Valenciana","ESVC",5003769,442,6,42306,1626,137258.512150911,136841.751746841,137676.541825742,0,-7.95807864051312e-13,-4.83169060316868e-13,0.0274310249235948,0.0273477356262531,0.0275145678838776,0,-1.59041687186461e-19,-9.65610243632086e-20
"270",2020-09-26,"C. Valenciana","ESVC",5003769,369,3,42675,1629,136941.705145549,136526.115803516,137358.559553246,0,-7.95807864051312e-13,-4.83169060316868e-13,0.0273677112483708,0.0272846559870201,0.0274510193322766,0,-1.59041687186461e-19,-9.65610243632086e-20
"271",2020-09-27,"C. Valenciana","ESVC",5003769,262,2,42937,1631,136229.840277936,135816.521348741,136644.417025662,0,-7.95807864051312e-13,-4.83169060316868e-13,0.0272254455147582,0.0271428439939455,0.027308298409791,0,-1.59041687186461e-19,-9.65610243632086e-20
"272",2020-09-28,"C. Valenciana","ESVC",5003769,430,5,43367,1636,136342.837737758,135929.588528913,136757.343294911,0,-7.95807864051312e-13,-4.83169060316868e-13,0.0272480279840571,0.0271654403968114,0.0273308666517002,0,-1.59041687186461e-19,-9.65610243632086e-20
"273",2020-09-29,"C. Valenciana","ESVC",5003769,408,5,43775,1641,136427.087250885,136013.996357986,136841.432750592,0,-7.95807864051312e-13,-4.83169060316868e-13,0.0272648651947932,0.0271823092468869,0.027347671875059,0,-1.59041687186461e-19,-9.65610243632086e-20
"274",2020-09-30,"C. Valenciana","ESVC",5003769,464,6,44239,1647,136797.443299547,136383.744372813,137212.397117784,0,-7.95807864051312e-13,-4.83169060316868e-13,0.0273388806117043,0.0272562031486293,0.027421808864035,0,-1.59041687186461e-19,-9.65610243632086e-20
"275",2020-10-01,"C. Valenciana","ESVC",5003769,479,2,44718,1649,136897.717006833,136483.834232252,137312.854867425,0,-7.95807864051312e-13,-4.83169060316868e-13,0.0273589202472842,0.0272762060423358,0.0274418852803606,0,-1.59041687186461e-19,-9.65610243632086e-20
"276",2020-10-02,"C. Valenciana","ESVC",5003769,463,3,45181,1652,137036.180890522,136622.098609477,137451.518196466,0,-7.95807864051312e-13,-4.83169060316868e-13,0.0273865921649305,0.0273038380887441,0.0274695970570316,0,-1.59041687186461e-19,-9.65610243632086e-20
"277",2020-10-03,"C. Valenciana","ESVC",5003769,411,1,45592,1653,136849.981468491,136436.48555875,137264.730553779,0,-7.95807864051312e-13,-4.83169060316868e-13,0.0273493803308049,0.0272667434405445,0.0274322676673882,0,-1.59041687186461e-19,-9.65610243632086e-20
"278",2020-10-04,"C. Valenciana","ESVC",5003769,379,6,45971,1659,136982.636739448,136569.252674117,137397.27208486,0,-7.95807864051312e-13,-4.83169060316868e-13,0.0273758914009516,0.0272932768627243,0.0274587560066941,0,-1.59041687186461e-19,-9.65610243632086e-20
"279",2020-10-05,"C. Valenciana","ESVC",5003769,597,3,46568,1662,137519.48181136,137104.698512074,137935.519955938,0,-7.95807864051312e-13,-4.83169060316868e-13,0.0274831795415336,0.0274002853673049,0.0275663244957827,0,-1.59041687186461e-19,-9.65610243632086e-20
"280",2020-10-06,"C. Valenciana","ESVC",5003769,658,5,47226,1667,138393.676873428,137976.674436831,138811.939602991,0,-7.95807864051312e-13,-4.83169060316868e-13,0.0276578868595709,0.027574549192185,0.0277414763956911,0,-1.59041687186461e-19,-9.65610243632086e-20
"281",2020-10-07,"C. Valenciana","ESVC",5003769,596,4,47822,1671,138972.838176631,138554.410079162,139392.529908167,0,-7.95807864051312e-13,-4.83169060316868e-13,0.0277736318716213,0.0276900092868321,0.0278575069928621,0,-1.59041687186461e-19,-9.65610243632086e-20
"282",2020-10-08,"C. Valenciana","ESVC",5003769,711,4,48533,1675,139839.178762154,139418.461450313,140261.165655187,0,-7.95807864051312e-13,-4.83169060316868e-13,0.0279467694775986,0.0278626893947968,0.0280311032853809,0,-1.59041687186461e-19,-9.65610243632086e-20
"283",2020-10-09,"C. Valenciana","ESVC",5003769,653,7,49186,1682,140733.56120329,140310.76386791,141157.632550598,0,-7.95807864051312e-13,-4.83169060316868e-13,0.0281255112302926,0.0280410154561311,0.0282102616149143,0,-1.59041687186461e-19,-9.65610243632086e-20
"284",2020-10-10,"C. Valenciana","ESVC",5003769,573,7,49759,1689,141341.1081039,140917.092369643,141766.399690078,0,-7.95807864051312e-13,-4.83169060316868e-13,0.0282469290856352,0.0281621898152458,0.0283319233342062,0,-1.59041687186461e-19,-9.65610243632086e-20
"285",2020-10-11,"C. Valenciana","ESVC",5003769,486,7,50245,1696,141654.220970286,141229.868070293,142079.848921982,0,-7.95807864051312e-13,-4.83169060316868e-13,0.028309504489573,0.0282246978368292,0.0283945659605754,0,-1.59041687186461e-19,-9.65610243632086e-20
"286",2020-10-12,"C. Valenciana","ESVC",5003769,666,5,50911,1701,142276.296891137,141850.487837354,142703.384145321,0,-7.95807864051312e-13,-4.83169060316868e-13,0.0284338259602187,0.0283487282960812,0.0285191790718798,0,-1.59041687186461e-19,-9.65610243632086e-20
"287",2020-10-13,"C. Valenciana","ESVC",5003769,781,2,51692,1703,142939.948727303,142512.272393127,143368.90850917,0,-7.95807864051312e-13,-4.83169060316868e-13,0.0285664563506635,0.0284809855117466,0.0286521836857716,0,-1.59041687186461e-19,-9.65610243632086e-20
"288",2020-10-14,"C. Valenciana","ESVC",5003769,1023,8,52715,1711,144729.181084139,144296.853342169,145162.804123075,0,-7.95807864051312e-13,-4.83169060316868e-13,0.0289240332805409,0.0288376328607834,0.0290106925645599,0,-1.59041687186461e-19,-9.65610243632086e-20
"289",2020-10-15,"C. Valenciana","ESVC",5003769,956,7,53671,1718,146172.469124762,145736.433900217,146609.808942207,0,-7.95807864051312e-13,-4.83169060316868e-13,0.0292124734624563,0.0291253321047029,0.0292998755422577,0,-1.59041687186461e-19,-9.65610243632086e-20
"290",2020-10-16,"C. Valenciana","ESVC",5003769,1045,7,54716,1725,147750.85175163,147310.711026997,148192.307545997,0,-7.95807864051312e-13,-4.83169060316868e-13,0.0295279122101021,0.02943995037081,0.0296161368652303,0,-1.59041687186461e-19,-9.65610243632086e-20
"291",2020-10-17,"C. Valenciana","ESVC",5003769,986,5,55702,1730,148877.149623476,148434.059031773,149321.562885149,0,-7.95807864051312e-13,-4.83169060316868e-13,0.0297530021117034,0.0296644507433842,0.0298418178147611,0,-1.59041687186461e-19,-9.65610243632086e-20
"292",2020-10-18,"C. Valenciana","ESVC",5003769,915,9,56617,1739,150036.834395991,149591.084264687,150483.912769419,0,-7.95807864051312e-13,-4.83169060316868e-13,0.0299847643638208,0.0298956814882316,0.0300741126877398,0,-1.59041687186461e-19,-9.65610243632086e-20
"293",2020-10-19,"C. Valenciana","ESVC",5003769,1334,6,57951,1745,151929.415581999,151478.541716538,152381.631467527,0,-7.95807864051312e-13,-4.83169060316868e-13,0.0303629954903992,0.0302728886398509,0.0304533705427903,0,-1.59041687186461e-19,-9.65610243632086e-20
"294",2020-10-20,"C. Valenciana","ESVC",5003769,1521,6,59472,1751,154173.490763726,153716.457888265,154631.882498559,0,-7.95807864051312e-13,-4.83169060316868e-13,0.0308114724648013,0.0307201347400859,0.0309030817566835,0,-1.59041687186461e-19,-9.65610243632086e-20
"295",2020-10-21,"C. Valenciana","ESVC",5003769,1481,4,60953,1755,155957.703749035,155495.683486515,156421.096800293,0,-7.95807864051312e-13,-4.83169060316868e-13,0.0311680462765238,0.0310757118257287,0.0312606550782607,0,-1.59041687186461e-19,-9.65610243632086e-20
"296",2020-10-22,"C. Valenciana","ESVC",5003769,1435,7,62388,1762,157685.723134794,157219.181314807,158153.649399528,0,-7.95807864051312e-13,-4.83169060316868e-13,0.0315133898337021,0.0314201517525704,0.0316069045952217,0,-1.59041687186461e-19,-9.65610243632086e-20
"297",2020-10-23,"C. Valenciana","ESVC",5003769,1483,12,63871,1774,159780.389890105,159308.744687449,160253.431432915,0,-7.95807864051312e-13,-4.83169060316868e-13,0.0319320076306689,0.0318377496418098,0.0320265446772053,0,-1.59041687186461e-19,-9.65610243632086e-20
"298",2020-10-24,"C. Valenciana","ESVC",5003769,1309,4,65180,1778,160532.286028986,160058.711244867,161007.262005671,0,-7.95807864051312e-13,-4.83169060316868e-13,0.0320822735879666,0.0319876299734994,0.0321771972298622,0,-1.59041687186461e-19,-9.65610243632086e-20
"299",2020-10-25,"C. Valenciana","ESVC",5003769,1072,6,66252,1784,160729.382025468,160255.710086252,161204.454009063,13887.0559076058,13887.0559076058,13887.0559076058,0.0321216630954523,0.0320270000646017,0.0322166059242669,0.00277531914594894,0.00277531914594894,0.00277531914594894
"300",2020-10-26,"C. Valenciana","ESVC",5003769,1586,9,67838,1793,162328.948780155,161851.344718239,162807.962194834,7000.87758200464,20887.9334896104,20887.9334896104,0.0324413354773481,0.0323458866143179,0.032537065998617,0.00139912085909734,0.00417444000504628,0.00417444000504628
"301",2020-10-27,"C. Valenciana","ESVC",5003769,1688,13,69526,1806,164426.456611506,163943.860057703,164910.473770104,2097.50783135131,22985.4413209617,22985.4413209617,0.032860521061525,0.0327640744522185,0.0329572515777816,0.000419185584176909,0.00459362558922319,0.00459362558922319
"302",2020-10-28,"C. Valenciana","ESVC",5003769,1704,12,71230,1818,166340.098207393,165852.961097695,166828.666117976,1913.6415958867,24899.0829168484,24899.0829168484,0.0332429610974033,0.0331456070609365,0.0333406010785022,0.000382440035878295,0.00497606562510148,0.00497606562510148
"303",2020-10-29,"C. Valenciana","ESVC",5003769,1665,13,72895,1831,168105.453347946,167614.315822133,168598.029987525,1765.35514055323,26664.4380574017,26664.4380574017,0.0335957661810419,0.0334976126640004,0.0336942073040392,0.0003528050836386,0.00532887070874008,0.00532887070874008
"304",2020-10-30,"C. Valenciana","ESVC",5003769,1885,17,74780,1848,170590.972146085,170094.132575314,171089.262969497,2485.51879813944,29149.9568555411,29149.9568555411,0.0340924955061046,0.0339932024390643,0.034192078605047,0.000496729325062656,0.00582560003380274,0.00582560003380274
"305",2020-10-31,"C. Valenciana","ESVC",5003769,1513,10,76293,1858,171431.850544851,170933.42186305,171931.732606268,840.87839876581,29990.8352543069,29990.8352543069,0.0342605445105182,0.0341609338606658,0.0343604456173472,0.000168049004413635,0.00599364903821637,0.00599364903821637
"306",2020-11-01,"C. Valenciana","ESVC",5003769,1314,14,77607,1872,172071.458539359,171572.407935905,172571.960725313,639.607994507824,30630.4432488147,30630.4432488147,0.0343883697547507,0.034288634814258,0.0344883947930676,0.000127825244232462,0.00612147428244884,0.00612147428244884
"307",2020-11-02,"C. Valenciana","ESVC",5003769,1867,9,79474,1881,173387.742754757,172885.625879811,173891.317942706,1316.28421539822,31946.7274642129,31946.7274642129,0.0346514283042957,0.0345510805714274,0.0347520674800747,0.000263058549544997,0.00638453283199383,0.00638453283199383
"308",2020-11-03,"C. Valenciana","ESVC",5003769,1821,15,81295,1896,175075.13803198,174569.460283341,175582.280584285,1687.39527722253,33634.1227414355,33634.1227414355,0.0349886531596442,0.0348875937884704,0.0350900052708838,0.000337224855348544,0.00672175768734238,0.00672175768734238
"309",2020-11-04,"C. Valenciana","ESVC",5003769,1809,11,83104,1907,176272.673395097,175764.472756245,176782.343431521,1197.53536311729,34831.6581045528,34831.6581045528,0.0352279798278252,0.0351264162586731,0.035329837055132,0.000239326668180983,0.00696108435552336,0.00696108435552336
"310",2020-11-05,"C. Valenciana","ESVC",5003769,1818,15,84922,1922,177758.672877604,177247.498554467,178271.321405967,1485.99948250662,36317.6575870594,36317.6575870594,0.0355249558637906,0.0354227980057566,0.035627408340786,0.000296976035965414,0.00725806039148877,0.00725806039148877
"311",2020-11-06,"C. Valenciana","ESVC",5003769,1810,19,86732,1941,179501.254767268,178986.745580191,180017.242944886,1742.58188966403,24173.1835691177,38060.2394767234,0.0358732097279606,0.0357703853995239,0.0359763296317007,0.000348253864169994,0.00483099510970983,0.00760631425565877
"312",2020-11-07,"C. Valenciana","ESVC",5003769,1469,18,88201,1959,180365.185326765,179849.759587225,180882.088208634,863.930559496832,18036.2365466098,38924.1700362203,0.0360458656917944,0.0359428581909407,0.036149168398588,0.000172655963833828,0.00360453021444632,0.0077789702194926
"313",2020-11-08,"C. Valenciana","ESVC",5003769,1100,12,89301,1971,179887.151251611,179374.07821402,180401.69185879,0,15938.7287152585,38924.1700362203,0.0359503308908967,0.0358477935760064,0.0360531614986203,0,0.00318534463026941,0.0077789702194926
"314",2020-11-09,"C. Valenciana","ESVC",5003769,1448,20,90749,1991,180855.282345122,180341.146781019,181370.883661125,12.0629432045098,14037.1500625763,38936.2329794248,0.0361438112640936,0.0360410616039667,0.0362468538537899,2.41077140141957e-06,0.00280531536579253,0.00778138099089402
"315",2020-11-10,"C. Valenciana","ESVC",5003769,1419,24,92168,2015,182166.830302656,181650.997431268,182684.127980485,1789.58203268662,14061.3769547097,40725.8150121114,0.036405923275566,0.0363028344096755,0.036509304882077,0.00035764681237016,0.00281015709452409,0.00813902780326418
"316",2020-11-11,"C. Valenciana","ESVC",5003769,1584,16,93752,2031,183119.152283695,182601.927376162,183637.842244795,952.321981039539,12528.1801376098,41678.1369931509,0.0365962442078552,0.036492877144441,0.0366999040612776,0.000190320932289148,0.00250374870175059,0.00832934873555333
"317",2020-11-12,"C. Valenciana","ESVC",5003769,1420,22,95172,2053,184321.004401004,183802.194349029,184841.278874398,1201.85211730923,12889.1538561533,28992.9332028544,0.0368364335765709,0.0367327497230645,0.036940410093751,0.000240189368715708,0.00257588906605266,0.0057942189583201
"318",2020-11-13,"C. Valenciana","ESVC",5003769,1419,21,96591,2074,185451.388996324,184931.096771616,185973.145031087,1130.38459531957,13379.930456965,23122.4402161693,0.0370623402072166,0.0369583601424479,0.0371666128134787,0.000225906630645733,0.00267397045246593,0.00462100472986849
"319",2020-11-14,"C. Valenciana","ESVC",5003769,1210,25,97801,2099,186561.283229802,186039.885919478,187084.141813625,1109.89423347751,13173.5404750443,22134.8266182955,0.037284151852294,0.0371799509368794,0.037388644802273,0.000221811645077442,0.00263272354799838,0.00442363079076902
"320",2020-11-15,"C. Valenciana","ESVC",5003769,841,17,98642,2116,186300.267706212,185780.911981908,186821.075303937,0,11486.1451978218,20221.1850224088,0.0372319880686362,0.0371281951628679,0.0373360711303693,0,0.00229549869264983,0.00404119075489073
"321",2020-11-16,"C. Valenciana","ESVC",5003769,1328,23,99970,2139,187557.579601277,187036.503589618,188080.107309289,735.28084788617,11023.8906825906,19191.1107297417,0.037483261038085,0.0373791243340007,0.0375876878627468,0.000146945402133106,0.00220311742660195,0.00383533107338523
"322",2020-11-17,"C. Valenciana","ESVC",5003769,1435,23,101405,2162,189089.065855755,188565.498578731,189614.086859446,1792.5017780677,11330.3929781517,18498.09370967,0.0377893275760243,0.0376846929941672,0.0378942526842157,0.00035823032159712,0.00226437171223366,0.0036968320699197
"323",2020-11-18,"C. Valenciana","ESVC",5003769,1337,21,102742,2183,190314.513163179,189789.136247668,190841.344434344,1225.44730742325,10813.2583959109,18882.6626183274,0.0380342324282313,0.0379292361912925,0.0381395193172074,0.000244904852207057,0.00216102270027072,0.00377368791771312
"324",2020-11-19,"C. Valenciana","ESVC",5003769,1216,19,103958,2202,191175.129286278,190648.784459644,191702.9272503,860.616123099695,10809.9439595138,19103.6707469193,0.0382062260040938,0.0381010363307427,0.0383117060860123,0.000171993575862454,0.00216036031229935,0.00381785624934311
"325",2020-11-20,"C. Valenciana","ESVC",5003769,1301,19,105259,2221,192221.461726116,191693.628864474,192750.747987808,1046.33243983751,11856.2763993513,18833.7189713586,0.0384153348658013,0.0383098478096159,0.0385211123830473,0.000209108861707547,0.0023694691740069,0.00376390656150566
"326",2020-11-21,"C. Valenciana","ESVC",5003769,973,19,106232,2240,192701.523534838,192173.746353746,193230.750179024,480.061808722385,12324.2752648692,17626.3855028585,0.038511274907942,0.0384057989794784,0.0386170405106679,9.59400421407113e-05,0.00246299844474619,0.00352262174829783
"327",2020-11-22,"C. Valenciana","ESVC",5003769,720,22,106952,2262,193024.530741994,192497.44491471,193553.059806457,323.00720715549,10857.700439338,16751.8573468967,0.0385758276894864,0.0384704899276345,0.0386814538813555,6.45527815443698e-05,0.0021699044139204,0.00334784786166121
"328",2020-11-23,"C. Valenciana","ESVC",5003769,1045,20,107997,2282,193831.184416931,193303.304402249,194360.505986431,806.653674936941,10712.0321332355,16072.511539327,0.0387370369049672,0.0386315404252772,0.0388428214784557,0.000161209215480759,0.00214079269711201,0.00321208104117656
"329",2020-11-24,"C. Valenciana","ESVC",5003769,1130,22,109127,2304,195039.35238347,194509.720607926,195570.426296799,1208.16796653933,10718.3479824656,15538.0976162023,0.0389784884920687,0.0388726419241029,0.0390846232703386,0.000241451587101509,0.00214205491549781,0.00310527876410807
"330",2020-11-25,"C. Valenciana","ESVC",5003769,1078,25,110205,2329,196472.656939142,195940.867912241,197005.88925642,1433.30455567193,11021.2679428179,16107.4716123774,0.0392649334809704,0.0391586557877155,0.0393714996148742,0.000286444988901752,0.00220259327375383,0.003219067789176
"331",2020-11-26,"C. Valenciana","ESVC",5003769,979,20,111184,2349,197357.586816055,196824.760637991,197891.855412923,884.929876912764,10796.3035862532,16992.4014892901,0.039441786144815,0.0393353011775706,0.0395485593785251,0.000176852663844547,0.00215763429252093,0.00339592045302054
"332",2020-11-27,"C. Valenciana","ESVC",5003769,989,20,112173,2369,198305.817276754,197771.773854308,198841.302777468,948.230460699589,11744.5340469528,17928.5690067852,0.0396312893894091,0.0395245611566618,0.0397383058205661,0.000189503244594143,0.00234713753711507,0.00358301292621327
"333",2020-11-28,"C. Valenciana","ESVC",5003769,850,21,113023,2390,199137.402298541,198602.514583511,199673.730603928,831.585021786275,11840.8382208529,16970.5719958849,0.039797481118441,0.0396905841543667,0.0399046659835673,0.000166191729031911,0.00236638386401388,0.00339155784287502
"334",2020-11-29,"C. Valenciana","ESVC",5003769,562,15,113585,2405,199014.738880792,198481.149290627,199549.762954038,0,10048.3364427852,16018.2500148453,0.0397729669136988,0.0396663293790395,0.0398798911288747,0,0.00200815354241676,0.00320123691058587
"335",2020-11-30,"C. Valenciana","ESVC",5003769,920,15,114505,2420,199587.692283653,199053.527500546,200123.290510413,327.626567363506,9150.51570272542,15144.0244648996,0.0398874712808791,0.039780718794282,0.0399945102402635,6.54759576957901e-05,0.00182872464790549,0.00302652349956595
"336",2020-12-01,"C. Valenciana","ESVC",5003769,1061,21,115566,2441,200971.88892865,200435.373604775,201509.840369752,1506.86006274601,9796.75964237173,15520.4999323261,0.0401641020855779,0.0400568798449278,0.0402716113333273,0.000301145009441086,0.00195787608148412,0.0031017618783613
"337",2020-12-02,"C. Valenciana","ESVC",5003769,1026,20,116592,2461,202263.73481318,201725.046151803,202803.86199436,1291.84588452967,10042.2730870639,15702.4515833782,0.0404222766504968,0.0403146200697521,0.0405302207184945,0.000258174564918898,0.00200694178469547,0.00313812479820276
"338",2020-12-03,"C. Valenciana","ESVC",5003769,961,16,117553,2477,203145.437857645,202605.403526686,203686.911622467,881.703044465103,10443.9143228066,16584.1546278433,0.0405984844339627,0.0404905589220217,0.0407066976158306,0.000176207783465844,0.00208720952602061,0.0033143325816686
"339",2020-12-04,"C. Valenciana","ESVC",5003769,1044,18,118597,2495,204355.815155452,203813.687878354,204899.384445535,1210.37729780687,11331.284413458,17059.251077764,0.0408403775544898,0.0407320337686161,0.0409490095257265,0.000241893120527121,0.00226454986500336,0.00340928030006262
"340",2020-12-05,"C. Valenciana","ESVC",5003769,842,8,119439,2503,204417.46589097,203875.649151784,204960.722553856,61.6507355185167,10586.2814740396,15328.4000352148,0.0408526984141295,0.0407444166890565,0.0409612679070228,1.23208596397069e-05,0.00211566150916231,0.0030633708381052
"341",2020-12-06,"C. Valenciana","ESVC",5003769,708,10,120147,2513,204434.925281861,203893.660784707,204977.626642008,17.4593908903771,9395.57289839062,14120.412118682,0.0408561876621124,0.0407480163022528,0.0409646461781125,3.48924798294588e-06,0.00187769917004374,0.00282195523388109
"342",2020-12-07,"C. Valenciana","ESVC",5003769,918,10,121065,2523,204841.670045727,204299.924504606,205384.852142598,406.744763866329,8369.01310658501,13666.5407594486,0.0409374753402339,0.0408292078440484,0.0410460299311574,8.12876781214978e-05,0.00167254185926349,0.00273124933614014
"343",2020-12-08,"C. Valenciana","ESVC",5003769,963,19,122028,2542,206089.916179832,205546.028206488,206635.243315635,1248.24613410464,8732.32936377689,13868.4544537157,0.0411869365232151,0.0410782408633348,0.0412959197987827,0.000249461182981197,0.00174515037840014,0.00277160165741379
"344",2020-12-09,"C. Valenciana","ESVC",5003769,1233,26,123261,2568,208386.701917452,207838.34099989,208936.509631088,2296.7857376202,10080.8846406975,15685.1783826136,0.0416459476681381,0.0415363580932474,0.0417558263842891,0.000459011144922997,0.002014658278729,0.00313467276019607
"345",2020-12-10,"C. Valenciana","ESVC",5003769,1592,14,124853,2582,210321.409341781,209768.791865502,210875.482640312,1934.70742432895,11184.0070432402,17296.878599787,0.0420325976962127,0.041922157450814,0.0421433288867476,0.000386650028074628,0.00223511657777171,0.00345677000672633
"346",2020-12-11,"C. Valenciana","ESVC",5003769,1665,23,126518,2605,213083.839320182,212525.354114256,213643.79214265,2762.4299784012,13946.4370216414,19252.6549032513,0.0425846675416435,0.0424730546342678,0.0426965737512363,0.000552069845430754,0.00278718642320247,0.00384763063667633
"347",2020-12-12,"C. Valenciana","ESVC",5003769,1488,16,128006,2621,214911.116398963,214348.791884455,215474.916120571,1827.27707878081,15446.0875330587,19871.7640154928,0.0429498476846079,0.0428374674938941,0.043062522694507,0.000365180142964396,0.00308689060847107,0.00397135919253921
"348",2020-12-13,"C. Valenciana","ESVC",5003769,1137,21,129143,2642,216477.178842093,215912.004419644,217043.832673382,1566.06244313065,15505.2899134433,20004.5219029515,0.0432628242514979,0.0431498745085243,0.0433760696533716,0.000312976566890008,0.00309872216591999,0.00399789077052747
"349",2020-12-14,"C. Valenciana","ESVC",5003769,1683,12,130826,2654,218149.719633512,217580.872050592,218720.054422406,1672.54079141907,15885.9848203327,20792.1328174578,0.0435970804474612,0.043483396625742,0.0437110614863328,0.000334256195963297,0.00317480379696439,0.00415529430264622
"350",2020-12-15,"C. Valenciana","ESVC",5003769,1814,20,132640,2674,220636.717634554,220062.563505878,221212.369759793,2486.99800104194,17491.2797769096,22330.9003578001,0.0440941053902677,0.0439793610588094,0.0442091490953705,0.0004970249428065,0.00349562095630505,0.00446281600085858
"351",2020-12-16,"C. Valenciana","ESVC",5003769,1985,14,134625,2688,222833.33375292,222254.274091881,223413.902091766,2196.61611836535,18477.518597468,23695.9314543792,0.0445330977015365,0.0444173730026069,0.0446491239087509,0.000438992311268835,0.00369272014704676,0.0047356165830955
"352",2020-12-17,"C. Valenciana","ESVC",5003769,1786,15,136411,2703,224681.870278169,224098.874847521,225266.382377174,1848.53652524957,20264.4043871991,25544.4679796288,0.0449025265311347,0.0447860152711928,0.0450193408962671,0.000369428829598163,0.00404982811700522,0.00510504541269366
"353",2020-12-18,"C. Valenciana","ESVC",5003769,2094,15,138505,2718,226926.007475358,226338.054611949,227515.487649629,2244.13719718816,22491.0821934969,27460.9786094534,0.0453510158992866,0.0452335138996124,0.0454688231310496,0.000448489368151919,0.00449482823717419,0.00548805882314979
"354",2020-12-19,"C. Valenciana","ESVC",5003769,1650,19,140155,2737,228665.71789695,228074.357935627,229258.61115911,1739.7104215924,23824.0478512229,27693.8289682998,0.0456986959024187,0.0455805129964286,0.0458171852375899,0.00034768000313212,0.00476122056218481,0.00553459381684083
"355",2020-12-20,"C. Valenciana","ESVC",5003769,1234,20,141389,2757,229712.375762522,229119.457098662,230306.828789925,1046.65786557205,23622.4595826904,27448.6409493422,0.045907869800249,0.0457893753885646,0.0460266708534956,0.000209173897830226,0.00472093327703384,0.00548559314975216
"356",2020-12-21,"C. Valenciana","ESVC",5003769,1919,14,143308,2771,231309.641097996,230713.385871192,231907.437285652,1597.26533547434,22922.9391805445,28164.2032403514,0.046227082245003,0.0461079210233709,0.046346551426665,0.000319212444754012,0.00458113457686486,0.00562859781104032
"357",2020-12-22,"C. Valenciana","ESVC",5003769,2183,17,145491,2788,233539.499171824,232938.45812753,234142.091056369,2229.8580738274,23218.0898300429,29183.684016372,0.0466727179395819,0.0465526002754183,0.0467931455381672,0.000445635694578907,0.00464012024336914,0.00583234038509211
"358",2020-12-23,"C. Valenciana","ESVC",5003769,2350,27,147841,2815,236812.2182172,236204.304231852,237421.69677782,3272.719045376,23728.3788970177,32394.7523262294,0.0473267687251749,0.0472052775081846,0.0474485726215219,0.00065405078559302,0.0047421011835314,0.00647407031104542
"359",2020-12-24,"C. Valenciana","ESVC",5003769,2104,30,149945,2845,239853.474311334,239239.465875746,240469.05860046,3041.25609413395,24942.3579123709,35418.549029473,0.0479345617895897,0.0478118526006588,0.0480575859118317,0.000607793064414834,0.00498471410498184,0.00707837412747731
"360",2020-12-25,"C. Valenciana","ESVC",5003769,1456,22,151401,2867,241083.332810596,240467.402712447,241700.840544139,1229.85849926196,24606.1539685022,36241.6627648686,0.0481803482156342,0.0480572549836828,0.0483037567369994,0.000245786426044439,0.00491752396413627,0.00724287287540025
"361",2020-12-26,"C. Valenciana","ESVC",5003769,1704,24,153105,2891,242803.310805831,242184.316014516,243423.887675449,1719.97799523556,24653.5911723187,36713.3946259996,0.0485240847061148,0.0484003789972152,0.0486481065923405,0.000343736490480588,0.00492700425865356,0.00733714818289964
"362",2020-12-27,"C. Valenciana","ESVC",5003769,1749,25,154854,2916,244645.062830113,244022.746441173,245268.966274743,1841.75202428224,24008.345195559,36258.3609126616,0.0488921576575804,0.0487677881295425,0.0490168443576717,0.000368072951465632,0.00479805226731269,0.00724620998944228
"363",2020-12-28,"C. Valenciana","ESVC",5003769,2926,39,157780,2955,249504.302225236,248871.788174875,250138.423826324,4859.23939512295,26670.9684723166,39182.8928834556,0.0498632735094758,0.0497368659853952,0.04999000230153,0.00097111585189543,0.00533017580793929,0.00783067581326308
"364",2020-12-29,"C. Valenciana","ESVC",5003769,2727,22,160507,2977,252561.885518893,251922.81023278,253202.582004853,3057.58329365673,27880.0152407237,39478.0461987111,0.0504743295541607,0.0503466107713565,0.0506023723327062,0.000611056044684863,0.00557180302302599,0.00788966201251719
"365",2020-12-30,"C. Valenciana","ESVC",5003769,2933,30,163440,3007,256505.031050827,255857.612760991,257154.087558255,3943.14553193437,29579.0235754699,41593.9146518647,0.0512623646397001,0.051132978512995,0.0513920781631317,0.000788035085539394,0.00591134874041346,0.00831251695509219
"366",2020-12-31,"C. Valenciana","ESVC",5003769,2847,41,166287,3048,261106.081821552,260449.286450646,261764.533484802,4601.05077072425,32440.3639246018,44628.9029794583,0.0521818816619136,0.0520506215316187,0.0523134728011628,0.000919517022213506,0.00648318575949485,0.00891905741041568
"367",2021-01-01,"C. Valenciana","ESVC",5003769,2653,29,168940,3077,264212.42094587,263549.35988246,264877.150197638,3106.33912431842,34500.0451833481,46062.7013123576,0.0528026815278383,0.0526701692029467,0.0529355272390948,0.000620799865924749,0.00689481172758937,0.00920560108037713
"368",2021-01-02,"C. Valenciana","ESVC",5003769,2899,32,171839,3109,267802.616009905,267132.245915637,268474.668402249,3590.19506403478,36492.9749119086,47165.8983753505,0.0535201796905303,0.0533862066605467,0.0536544889266968,0.000717498162691919,0.00729309744552728,0.00942607430026255
"369",2021-01-03,"C. Valenciana","ESVC",5003769,2801,31,174640,3140,271009.229267434,270332.463191188,271687.689599399,3206.61325752927,37469.7300956105,48175.8955145144,0.0541610192771557,0.0540257680143085,0.0542966091359132,0.000640839586625456,0.00748830133757383,0.00962792157561917
"370",2021-01-04,"C. Valenciana","ESVC",5003769,3926,43,178566,3183,276861.33011983,276172.225929304,277552.153761267,5852.10085239616,40049.1119026306,52179.459841661,0.0553305578494591,0.0551928408224489,0.0554686185076224,0.00116953857230343,0.00800378912428424,0.0104280313183244
"371",2021-01-05,"C. Valenciana","ESVC",5003769,4823,38,183389,3221,283504.891340864,282801.251086609,284210.28232856,6643.56122103409,43651.4170295308,56578.8838655069,0.0566582692648011,0.0565176472148513,0.0567992411976973,0.00132771141534193,0.00872370747521134,0.0113072533655145
"372",2021-01-06,"C. Valenciana","ESVC",5003769,4008,35,187397,3256,288372.131108811,287658.235188798,289087.798740259,4867.23976794683,47288.7982982156,59706.4132118613,0.0576309839860336,0.0574883123479117,0.0577740096995404,0.0009727147212325,0.0094506357703994,0.0119322880836148
"373",2021-01-07,"C. Valenciana","ESVC",5003769,4819,50,192216,3306,295511.800906348,294782.853272877,296242.551102779,7139.66979753709,52708.4901005172,65799.4251438264,0.0590578423796839,0.0589121626663575,0.0592038823340524,0.00142685839365028,0.0105337576735691,0.0131499725794349
"374",2021-01-08,"C. Valenciana","ESVC",5003769,5841,40,198057,3346,302999.34771791,302254.008642363,303746.524752,7487.54681156122,58354.2848877962,71689.7066199133,0.0605542237697043,0.0604052682372753,0.0607035466169602,0.00149638139002045,0.0116620661121239,0.0143271415247013
"375",2021-01-09,"C. Valenciana","ESVC",5003769,5404,38,203461,3384,309237.529664037,308478.807175878,309998.118276548,6238.18194612779,59733.227438801,75698.0304922136,0.0618009203990107,0.0616492902002227,0.061952923541544,0.00124669662930639,0.0119376468895349,0.0151282024594288
"376",2021-01-10,"C. Valenciana","ESVC",5003769,4167,36,207628,3420,312976.482032897,312210.41862752,313744.425110142,3738.95236885926,60414.5965140035,76164.2638156969,0.0625481476129087,0.0623950503365603,0.062701620540465,0.000747227213898016,0.012073818058748,0.0152213788877338
"377",2021-01-11,"C. Valenciana","ESVC",5003769,5684,56,213312,3476,320448.844716144,319667.368684393,321232.231186207,7472.36268324725,63943.8136653164,80595.3704048102,0.0640414944647013,0.0638853169849353,0.0641980537443289,0.00149334685179257,0.0127791298250012,0.0161069326751115
"378",2021-01-12,"C. Valenciana","ESVC",5003769,6496,51,219808,3527,328335.86762471,327537.751369334,329135.928662189,7887.02290856582,67229.785803158,87252.5348141141,0.0656177108944697,0.0654582078767693,0.0657776025756163,0.0015762164297684,0.0134358292325561,0.0174373626788355
"379",2021-01-13,"C. Valenciana","ESVC",5003769,6723,47,226531,3574,335789.686339675,334975.819952632,336605.530118686,7453.81871496508,71577.2653938046,92986.3755338436,0.0671073517461887,0.0669447010748562,0.0672703975980277,0.00148964085171899,0.0143046702183503,0.0185832670400739
"380",2021-01-14,"C. Valenciana","ESVC",5003769,5964,50,232495,3624,341945.076090859,341118.789432881,342773.364249963,6155.38975118432,74142.4600809542,97300.0132607457,0.068337502408856,0.068172369554406,0.0685030352620122,0.00123015066266735,0.0148173227183258,0.0194453447512756
"381",2021-01-15,"C. Valenciana","ESVC",5003769,7011,74,239506,3698,351459.392469388,350613.824118529,352307.000060536,9514.31637852913,80450.163201954,101955.090244152,0.0702389323866446,0.0700699460983369,0.0704083262158058,0.00190142997778857,0.0160779131094889,0.0203756588771688
"382",2021-01-16,"C. Valenciana","ESVC",5003769,5110,69,244616,3767,357293.219875612,356436.988933962,358151.507650443,5833.82740622392,80431.8897557818,104731.334356719,0.0714048190225432,0.0712337018223587,0.0715763472795092,0.00116588663589864,0.0160742611730841,0.0209304894683825
"383",2021-01-17,"C. Valenciana","ESVC",5003769,3581,56,248197,3823,359325.465129986,358467.008365837,360185.977726328,2032.24525437393,75820.5737891216,102820.434079159,0.0718109619228997,0.0716393998935277,0.0719829348090065,0.000406142900356498,0.0151526926580987,0.0205485972831996
"384",2021-01-18,"C. Valenciana","ESVC",5003769,4210,58,252407,3881,362306.682334061,361443.786129512,363171.638581937,2981.21720407455,73934.5512252494,101200.600512509,0.0724067562539479,0.0722343070052818,0.0725796172009412,0.000595794331048166,0.0147757722679143,0.0202248745920343
"385",2021-01-19,"C. Valenciana","ESVC",5003769,4511,86,256918,3967,368320.177972285,367446.898320564,369195.533073149,6013.4956382247,72808.377065937,104107.757026415,0.0736085494698667,0.0734340250959954,0.0737834886209074,0.00120179321591878,0.0145507070901828,0.0208058679420283
"386",2021-01-20,"C. Valenciana","ESVC",5003769,4688,56,261606,4023,371844.081135006,370964.916734582,372725.32910185,3523.9031627209,68844.7334170967,104041.465125101,0.0743127992389349,0.0741370988018395,0.0744889160754322,0.000704249769068257,0.0137585754692306,0.0207926195484047
"387",2021-01-21,"C. Valenciana","ESVC",5003769,4076,59,265682,4082,374838.939782942,373955.250086499,375724.717717161,2994.85864793602,65601.4101189049,103829.710515508,0.0749113198037204,0.074734714989141,0.0750883419512694,0.000598520564785469,0.0131103994047097,0.0207503005265647
"388",2021-01-22,"C. Valenciana","ESVC",5003769,3095,73,268777,4155,377803.780308733,376916.205885818,378693.444820491,2964.84052579105,64827.2982758367,100942.450188903,0.0755038412662002,0.0753264600915465,0.0756816401437578,0.000592521462479793,0.0129556936532915,0.0201732834167411
"389",2021-01-23,"C. Valenciana","ESVC",5003769,1570,40,270347,4195,375789.001507247,374907.776246345,376672.298098779,0,57354.9355925894,94298.8889678689,0.0751011890251622,0.0749250767264326,0.0752777152779793,0,0.0114623468014989,0.0188455720013991
"390",2021-01-24,"C. Valenciana","ESVC",5003769,1018,49,271365,4244,374118.508651583,373243.148454589,374995.921814526,0,49467.9126840236,89431.649199922,0.0747673421078357,0.0745924019383367,0.0749426925612526,0,0.00988613037173051,0.0178728572801666
"391",2021-01-25,"C. Valenciana","ESVC",5003769,108,7,271473,4251,367974.639186806,367113.874103302,368837.422490218,0,42014.0939690585,82291.979402385,0.0735394937669597,0.0733674704214567,0.0737119204524066,0,0.00839648952001152,0.0164459988865163
