"","date","p_cases_infected","p_cases_recent","p_cases_active","p_cases_daily","p_cases_infected_smooth","p_cases_infected_smooth_low","p_cases_infected_smooth_high","p_cases_recent_smooth","p_cases_recent_smooth_low","p_cases_recent_smooth_high","p_cases_active_smooth","p_cases_active_smooth_low","p_cases_active_smooth_high"
"1",2020-03-28,0.00159235668789809,0,0,0,0.00499370302911169,0.00345127536815021,0.00653613069007316,8392430.64536471,-111521617.648159,128306478.938889,4.06755449759753e-06,-2.60601332541074e-05,3.41952422493024e-05
"2",2020-03-29,0.00159235668789809,0,0,0,0.0050436838670273,0.00351905401987734,0.00656831371417727,6318045.38559994,-82773752.7296316,95409843.5008315,4.39129188145504e-06,-2.78212387519849e-05,3.6603822514895e-05
"3",2020-03-30,0.00549450549450549,0,0,0,0.00509414335275378,0.00358729351603709,0.00660099318947047,4756392.89513197,-61423928.9596599,70936714.7499238,4.74079558110963e-06,-2.96975976833996e-05,3.91791888456189e-05
"4",2020-03-31,0.00520833333333333,0,0,0,0.0051450804849681,0.00365597263989003,0.00663418833004617,3580739.2939001,-45571289.233326,52732767.8211262,5.11811634220531e-06,-3.16964002897568e-05,4.19326329741675e-05
"5",2020-04-01,0.0045045045045045,0,0,0,0.00519649408549343,0.00372506804372853,0.00666792012725833,2695675.94048062,-33802678.2667929,39194030.1477542,5.52546812959563e-06,-3.38252512795668e-05,4.4876187538758e-05
"6",2020-04-02,0.00432900432900433,0,0,0,0.00524838279456176,0.00379455455225513,0.00670221103686839,2029376.66768006,-25067680.9890918,29126434.324452,5.96524111798951e-06,-3.6092190256889e-05,4.8022672492868e-05
"7",2020-04-03,0.00432900432900433,0,0,0,0.0053007450660484,0.00386440549387975,0.00673708463821705,1527768.82320283,-18585639.3243032,21641176.9707089,6.44001571652478e-06,-3.85057127761867e-05,5.13857442092362e-05
"8",2020-04-04,0.00432900432900433,0,0,0,0.00535357916268083,0.00393459305896435,0.00677256526639732,1150145.07376731,-13776473.437493,16076763.5850276,6.95257770956024e-06,-4.10747919939107e-05,5.49799474130312e-05
"9",2020-04-05,0.00432900432900433,0,0,0,0.00540688315122512,0.0040050886831439,0.00680867761930635,865859.854331904,-10209220.5629279,11940940.2715917,7.50593460252588e-06,-4.38089008784374e-05,5.88207700834891e-05
"10",2020-04-06,0.00432900432900433,0,0,0,0.00546065489765282,0.00407586345275285,0.00684544634255278,651842.367057196,-7563759.23754956,8867443.97166395,8.10333326874231e-06,-4.67180349300996e-05,6.29247014675842e-05
"11",2020-04-07,0.00355871886120996,0,0,0,0.00551489206229158,0.0041468885280832,0.00688289559649996,490724.300664776,-5602344.78002299,6583793.38135254,8.74827900075343e-06,-4.98127353518321e-05,6.73092933533389e-05
"12",2020-04-08,0.00400320256204964,0,0,0,0.00556959209496295,0.004218135578692,0.00692104861123389,369430.327688116,-4148444.30271585,4887304.95809208,9.44455607795848e-06,-5.31041125982589e-05,7.19932247541758e-05
"13",2020-04-09,0.00400320256204964,0,0,0,0.00562475223011062,0.00428957722327542,0.00695992723694581,278116.993250307,-3071001.78626373,3627235.77276435,1.01962499712253e-05,-5.66038702167037e-05,7.69963701591542e-05
"14",2020-04-10,0.00431965442764579,0,0,0,0.005680369481923,0.00436118746475207,0.00699955149909392,209373.882265267,-2272741.95050728,2691489.71503781,1.10077713147724e-05,-6.03243288774418e-05,8.23398715069866e-05
"15",2020-04-11,0.00431965442764579,0,0,0,0.00573644063945373,0.00443294210918216,0.0070399391697253,157622.236823827,-1681477.6757147,1996722.14936235,1.18838817859784e-05,-6.4278450472324e-05,8.80462140442808e-05
"16",2020-04-12,0.00474898236092266,0,0,0,0.00579296226174415,0.00450481915503224,0.00708110536845606,118662.219339608,-1243650.74967308,1480975.1883523,1.28297220449687e-05,-6.84798621404578e-05,9.41393062303951e-05
"17",2020-04-13,0.00571791613722999,0,0,0,0.0058499306729517,0.00457679913712645,0.00712306220877696,89332.0801831997,-919532.973305385,1098197.13367178,1.38508418979197e-05,-7.29428800567206e-05,0.00010064456385256
"18",2020-04-14,0.00621504039776259,0,0,0,0.0059073419574886,0.00464886540745674,0.00716581850752046,67251.5699964987,-679661.457745621,814164.597738618,1.4953232861066e-05,-7.76825327931975e-05,0.000107588998515329
"19",2020-04-15,0.00669099756690998,0,0,0,0.00596519195517504,0.00472100433290918,0.00720937957744091,50628.773646811,-502191.181085405,603448.728379027,1.61433633164816e-05,-8.27145840349098e-05,0.000115001310667873
"20",2020-04-16,0.00669099756690998,0,0,0,0.00602347625641149,0.00479320538794451,0.00725374712487847,38114.6896810509,-370929.144708349,447158.524070451,1.74282164659172e-05,-8.8055554399127e-05,0.000122911987330961
"21",2020-04-17,0.00718993409227082,0,0,0,0.0060821901973747,0.00486546111838072,0.00729891927636868,28693.7538644946,-273874.927268283,331262.434997273,1.88153313053892e-05,-9.37227420717225e-05,0.000131353404682501
"22",2020-04-18,0.00718993409227082,0,0,0,0.00614132885524232,0.00493776695067328,0.00734489075981137,21601.4223840192,-202137.40279244,245340.247560478,2.0312846860944e-05,-9.97342419341298e-05,0.000140359935656018
"23",2020-04-19,0.00718993409227082,0,0,0,0.00620088704345097,0.0050101208194647,0.00739165326743724,16262.1262877076,-149130.831723087,181655.084298502,2.19295499451544e-05,-0.000106108962809978,0.000149968062700287
"24",2020-04-20,0.00718993409227082,0,0,0,0.00626085956140271,0.00508252200843579,0.00743919711436963,12242.5619339305,-109978.400506246,134463.524374107,2.36749267145647e-05,-0.000112866642411032,0.000160216495840162
"25",2020-04-21,0.00718993409227082,0,0,0,0.00632124318087374,0.00515496518806052,0.00748752117368695,9216.52679695508,-81069.7727355754,99502.8263294856,2.55592183306004e-05,-0.000120027859507052,0.000171146296168253
"26",2020-04-22,0.00718993409227082,0,0,0,0.00638203565410038,0.00522744043900397,0.0075366308691968,6938.44692454169,-59732.9572683552,73609.8511174386,2.75934810505416e-05,-0.000127614042783121,0.000182801004884204
"27",2020-04-23,0.00718993409227082,0,0,0,0.00644323460287389,0.00529993568812366,0.00758653351762412,5223.44770272755,-43991.01233841,54437.9077438651,2.97896511011457e-05,-0.000135647475780189,0.000195226777982481
"28",2020-04-24,0.00762910798122066,0,0,0,0.0065048375069861,0.00537243729960408,0.00763723771436811,3932.35059659003,-32381.6943611945,40246.3955543746,3.21606147155753e-05,-0.000144151297239416,0.000208472526670567
"29",2020-04-25,0.00762910798122066,0,0,0,0.00656684170201721,0.00544493068928722,0.0076887527147472,2960.37829696799,-23823.7989974548,29744.5555913908,3.47202837445751e-05,-0.000153149496087538,0.000222590063576688
"30",2020-04-26,0.00762910798122066,0,0,0,0.00662924437713491,0.00551740097304753,0.00774108778122229,2228.65165399004,-17518.1307968118,21975.4341047919,3.74836772855587e-05,-0.000162666900208277,0.000237634254779395
"31",2020-04-27,0.00762910798122066,0,0,0,0.00669204257290615,0.0055898336391947,0.0077942515066176,1677.78834209115,-12874.1487367195,16229.7254209018,4.04670098085656e-05,-0.000172729158042619,0.00025366317765975
"32",2020-04-28,0.00762910798122066,0,0,0,0.00675523317912338,0.00566221523277788,0.00784825112546888,1263.08376448927,-9455.64508260531,11981.8126115838,4.36877862961822e-05,-0.000183362711947874,0.000270738284540238
"33",2020-04-29,0.00762910798122066,0,0,0,0.0068188129326465,0.00573453403751169,0.00790309182778131,950.88310968232,-6940.53007079868,8842.29629016332,4.71649049556631e-05,-0.000194594762120546,0.000288924572031873
"34",2020-04-30,0.00762910798122066,0,0,0,0.00688277841526236,0.00580678073895576,0.00795877609156896,715.850138921489,-5091.06797513489,6522.76825297787,5.09187681059303e-05,-0.000206453219750075,0.000308290755961935
"35",2020-05-01,0.00762910798122066,0,0,0,0.00694712605156341,0.0058789490506691,0.00801530305245771,538.911056654605,-3731.85488837659,4809.6770016858,5.49714018900866e-05,-0.000218966647918162,0.000328909451698335
"36",2020-05-02,0.00762910798122066,0,0,0,0.00701185210684694,0.005951036283445,0.00807266793024888,405.706601415405,-2733.52954234095,3544.94274517176,5.93465855158716e-05,-0.00023216418859029,0.000350857359622033
"37",2020-05-03,0.00762910798122066,0,0,0,0.00707695268503701,0.00602304383651263,0.00813086153356138,305.426738604718,-2000.72849608184,2611.58197329128,6.40699907823853e-05,-0.000246075473860488,0.000374215455425259
"38",2020-05-04,0.00762910798122066,0,0,0,0.00714242372663034,0.00609497758883856,0.00818986986442212,229.933386169379,-1463.1826832355,1923.04945557425,6.91693327117722e-05,-0.000260730519405957,0.000399069184829501
"39",2020-05-05,0.00762910798122066,0,0,0,0.00720826100666833,0.00616684816840398,0.00824967384493269,173.099979120492,-1069.13827052473,1415.33822876572,7.46745321697031e-05,-0.000276159597882661,0.000425508662222068
"40",2020-05-06,0.00762910798122066,0,0,0,0.00727446013273668,0.00623867107754337,0.00831024918792999,130.314276107091,-780.496764372109,1041.12531658629,8.06178914288555e-05,-0.000292393089744763,0.000453628872602474
"41",2020-05-07,0.00762910798122066,0,0,0,0.00734101654299458,0.00631046665301701,0.00837156643297215,98.1040589582877,-569.226410684297,765.434528600872,8.70342837055174e-05,-0.000309461308697201,0.000483529876108236
"42",2020-05-08,0.00762910798122066,0,0,0,0.0074079255042354,0.00638225984029966,0.00843359116817114,73.8553493262853,-414.713341186224,562.424039838794,9.39613577814463e-05,-0.000327394298689781,0.000515317014252674
"43",2020-05-09,0.00762910798122066,0,0,0,0.00747518210998047,0.00645407976239231,0.00849628445756864,55.600274667808,-301.807149556487,413.007698892103,0.000101439758911617,-0.000346221599029849,0.000549101116853084
"44",2020-05-10,0.00762910798122066,0,0,0,0.0075427812786082,0.00652595906405565,0.00855960349316075,41.8573681031317,-219.379438738274,303.094174944538,0.000109513367314057,-0.000365971973826324,0.000584998708454438
"45",2020-05-11,0.00762910798122066,0,0,0,0.00761071775152018,0.00659793301245565,0.0086235024905847,31.5113418951414,-159.261158394506,222.283842184788,0.000118229555641127,-0.000386673101577256,0.000623132212859509
"46",2020-05-12,0.00762910798122066,0,0,0,0.00767898606746189,0.00667003769237636,0.00868793444254741,23.7225777212256,-115.459543685099,162.90469912755,0.000127639466942991,-0.000408351220272741,0.000663630154158723
"47",2020-05-13,0.00762910798122066,0,0,0,0.00774758002954783,0.00674229391676193,0.00875286614233372,17.8589885385477,-83.581358202537,119.299335279632,0.000137798314754249,-0.000431030722901247,0.000706627352409746
"48",2020-05-14,0.00762910798122066,0,0,0,0.00781649267889094,0.00681470401394935,0.00881828134383252,13.4447223808484,-60.408296002147,87.2977407638439,0.000148765707064509,-0.000454733697715949,0.000752265111844967
"49",2020-05-15,0.00762910798122066,0,0,0,0.00788571680754847,0.00688726544272809,0.00888416817236885,10.121545210017,-43.5845600438126,63.8276504638466,0.000160605996073845,-0.000479479407034165,0.000800691399181855
"50",2020-05-16,0.00762910798122066,0,0,0,0.00795524498012385,0.00695997226985794,0.00895051769038976,7.6197688978948,-31.3871035843931,46.6266413801827,0.000173388655785346,-0.000505283697702402,0.000852061009273094
"51",2020-05-17,0.00762910798122066,0,0,0,0.0080250695317665,0.00703281605185331,0.00901732301167969,5.73636503642384,-22.556757580737,34.0294876535847,0.000187188689650331,-0.000532158335656671,0.000906535714957333
"52",2020-05-18,0.00762910798122066,0,0,0,0.00809518256624537,0.00710578672641391,0.00908457840607683,4.3184884308233,-16.1741822714065,24.8111591330531,0.00020208707065811,-0.000560110256236497,0.000964284397552719
"53",2020-05-19,0.00762910798122066,0,0,0,0.00816557595409919,0.00717887350029177,0.0091522784079066,3.2510731462761,-11.5688014203255,18.0709477128777,0.000218171216452574,-0.000589140721065487,0.00102548315397063
"54",2020-05-20,0.00762910798122066,0,0,0,0.00823624133086686,0.00725206571927141,0.00922041694246231,2.44749448140181,-8.25199301160294,13.1469819744066,0.000235535502263394,-0.000619244371384019,0.00109031537591081
"55",2020-05-21,0.00762910798122066,0,0,0,0.00830717009540123,0.00732535370475996,0.0092889864860425,1.84253905309813,-5.86810890111912,9.55318700731537,0.000254281814661508,-0.000650408166703416,0.00115897179602643
"56",2020-05-22,0.00762910798122066,0,0,0,0.00837835340826944,0.0073987295403512,0.00935797727618768,1.38711248911469,-4.15859140735581,6.93281638558519,0.000274520149388105,-0.000682610196537441,0.00123165049531365
"57",2020-05-23,0.00762910798122066,0,0,0,0.00844978219024348,0.0074721877907474,0.00942737658973955,1.04425523802208,-2.93570483183582,5.02421530787998,0.000296369256764926,-0.000715818351747138,0.00130855686527699
"58",2020-05-24,0.00762910798122066,0,0,0,0.00852144712088396,0.00754572613468225,0.00949716810708568,0.786143164807438,-2.06332107022061,3.63560739983548,0.000319957338472877,-0.000749988840699407,0.00138990351764516
"59",2020-05-25,0.00762910798122066,0,0,0,0.00859333863722087,0.00761934589304621,0.00956733138139553,0.59182951932714,-1.44287699956671,2.62653603822099,0.000345422799787385,-0.000785064533977396,0.00147591013355217
"60",2020-05-26,0.00762910798122066,0,0,0,0.00866544693253428,0.00769305243328497,0.00963784143178359,0.44554502999818,-1.00312087838063,1.89421093837699,0.000372915061684294,-0.000820973119780605,0.00156680324314919
"61",2020-05-27,0.00762910798122066,0,0,0,0.00873776195523888,0.00776685543129187,0.00970866847918588,0.335418169039234,-0.692632594715559,1.36346893279403,0.000402595437581418,-0.000857625050401869,0.0016628159255647
"62",2020-05-28,0.00762910798122066,0,0,0,0.00881027340787547,0.0078407689723555,0.00977977784339545,0.252511734048725,-0.474372954132376,0.979396422229826,0.000434638079860105,-0.000894911258253811,0.00176418741797402
"63",2020-05-29,0.00762910798122066,0,0,0,0.00888297074621288,0.00791481147311586,0.0098511300193099,0.19009756094887,-0.321715926972796,0.701911048870537,0.000469231001720616,-0.000932700617824239,0.00187116262126547
"64",2020-05-30,0.00762910798122066,0,0,0,0.00895584317846389,0.0079890054067383,0.00992268095018948,0.143110508566451,-0.21556376537512,0.501784782508021,0.00050657718036717,-0.000970837127652707,0.00198399148838705
"65",2020-05-31,0.00762910798122066,0,0,0,0.00902887966461848,0.00806337681340795,0.009994382515829,0.107737403677982,-0.142252083940904,0.357726891296867,0.000546895747995666,-0.00100913678392191,0.00210292827991324
"66",2020-06-01,0.00762910798122066,0,0,0,0.00910206891589789,0.00813795457753665,0.0100661832542591,0.081107587888158,-0.0920306392499623,0.254245815026278,0.000590423277572341,-0.00104738411452996,0.00222823066967465
"67",2020-06-02,0.00762910798122066,0,0,0,0.00917539939433298,0.00821276945150916,0.0101380293371568,0.0610599530753285,-0.0579632043086375,0.180083110459295,0.00063741517094777,-0.00108532833953298,0.00236015868142852
"68",2020-06-03,0.00762910798122066,0,0,0,0.00924885928454134,0.00828785266459919,0.0102098659044835,0.0459675594680785,-0.0351321822760714,0.127067301212228,0.00068814715745111,-0.00112267912060172,0.00249897343550394
"69",2020-06-04,0.00762910798122066,0,0,0,0.00932243311431995,0.00836321733821626,0.0102816488904237,0.0346056034606603,-0.0200645374039053,0.0892757443252258,0.000742916911757731,-0.00115910185859893,0.00264493568211439
"70",2020-06-05,0.00818126202067094,0,0,0,0.00939609838542814,0.00843883875407841,0.0103533580167779,0.0260520202667726,-0.0103182557377302,0.0624222962712754,0.000802045800523204,-0.00119421249453307,0.00279830409557948
"71",2020-06-06,0.00957467629175228,0,0,0,0.00946983125974234,0.00851468183467017,0.0104249806848145,0.0196126549491295,-0.00418510480524248,0.0434104147035015,0.000865880768032219,-0.00122757176495584,0.00295933330102027
"72",2020-06-07,0.00812966701372896,0,0,0,0.00954360730694013,0.00859070594165688,0.0104965086722234,0.0147649291768829,-0.000477583805751736,0.0300074421595175,0.000934796371926611,-0.00125867885832074,0.00312827160217397
"73",2020-06-08,0.00812966701372896,0,0,0,0.00961740150467997,0.00866686604467046,0.0105679369646895,0.0111154320597499,0.00162311348730771,0.0206077506321921,0.00100919698095736,-0.00128696441388593,0.00330535837580064
"74",2020-06-09,0.00812781142715591,0,0,0,0.00969118823938926,0.00874311388713434,0.0106392625916442,0.00836799339805572,0.00267453070153111,0.0140614560945803,0.00108951914765605,-0.00131178279940243,0.00349082109471453
"75",2020-06-10,0.00801644491886427,0,0,0,0.00976494130768049,0.00881939914261355,0.0107104834727474,0.00629964837475509,0.00304641898756853,0.00955287776194166,0.00117623416984768,-0.00133240359806237,0.00368487193775773
"76",2020-06-11,0.00932103125081826,0.0041210857569243,0,0.000588726536703472,0.00983863391841613,0.00889567055295845,0.0107815972838738,0.00474550047646526,0.00296477122173466,0.00652622973119586,0.00126985085603473,-0.0013480022289745,0.00388770394104395
"77",2020-06-12,0.00932103125081826,0.0041210857569243,0,0.000588726536703472,0.00991223869544176,0.00897187703693962,0.0108526003539439,0.0036559641545463,0.00258366306281117,0.00472826524628143,0.00137091851087862,-0.00135764961878444,0.00409948664054168
"78",2020-06-13,0.00985114856055725,0.00355389736025176,0,0.000507699622893108,0.00998572768100741,0.00904796875534807,0.0109234866066668,0.0029090194603475,0.0020903891212548,0.00372764979944021,0.0014800301582962,-0.00136030083497288,0.00432036115156528
"79",2020-06-14,0.00985114856055725,0.00355389736025176,0,0.000507699622893108,0.0100590723398964,0.00912389811585946,0.0109942465639334,0.00238741568618817,0.00164394361057034,0.00313088776180601,0.00159782602108305,-0.0013547825838806,0.0045504346260467
"80",2020-06-15,0.00935083867837118,0.00152460796772918,0,0.000217801138247025,0.010132243564281,0.00919962069853577,0.0110648664300262,0.0020181716788053,0.00130956516632832,0.00272677819128228,0.00172499727748058,-0.00133977946869499,0.00478977402365614
"81",2020-06-16,0.00935083867837118,0.00152460796772918,0,0.000217801138247025,0.0102052116793232,0.00927509608084065,0.0111353272778057,0.00175488535081678,0.00108016576816874,0.00242960493346482,0.00186229011672901,-0.00131381889461352,0.00503839912807153
"82",2020-06-17,0.00935083867837118,0.00152460796772918,0,0.000217801138247025,0.0102779464495395,0.00935028853962236,0.0112056043594567,0.00156751568711701,0.000930975869042883,0.00220405550519114,0.00201051011740254,-0.00127525450039142,0.0052962747351965
"83",2020-06-18,0.00968256849560156,0.00147665189946704,0,0.000210950271352434,0.0103504170859476,0.00942516760675901,0.0112756665651362,0.00143634735103022,0.000840251252421673,0.00203244344963877,0.00217052697421697,-0.00122224798783847,0.00556330193627242
"84",2020-06-19,0.00968256849560156,0.00147665189946704,0,0.000210950271352434,0.0104225922540113,0.00949970845508102,0.0113454760529415,0.00134835243456725,0.000792471274824957,0.00190423359430954,0.00234327960104476,-0.00115274921413008,0.0058393084162196
"85",2020-06-20,0.00968256849560156,0.00147665189946704,0,0.000210950271352434,0.0104944400824017,0.00957389209171669,0.0114149880730867,0.00129495793850027,0.000777278594527958,0.00181263728247258,0.00252978164008001,-0.00106447440698061,0.00612403768714063
"86",2020-06-21,0.00968256849560156,0.00147665189946704,0,0.000210950271352434,0.0105659281725905,0.00964770533698789,0.011484151008193,0.00127065638426295,0.000787943913389811,0.00175336885513609,0.00273112740947879,-0.00095488236132108,0.00641713718027866
"87",2020-06-22,0.00968256849560156,0.00147665189946704,0,0.000210950271352434,0.0106370236092901,0.00972114056816709,0.0115529066504131,0.00127213363138296,0.000820126584277892,0.00172414067848803,0.00294849832437334,-0.000821148480650062,0.00671814512939673
"88",2020-06-23,0.00968256849560156,0.00147665189946704,0,0.000210950271352434,0.0107076929717562,0.00979419520847581,0.0116211907350367,0.00129772127736357,0.000870999406618141,0.001724443148109,0.00318316982893576,-0.000660136540896586,0.00702647619876811
"89",2020-06-24,0.00971780704193523,0.00138543358272403,0,0.000197919083246291,0.0107779023459666,0.00986687094229117,0.011688933749642,0.00134705747225156,0.000938716873881402,0.00175539807062172,0.00343651888016605,-0.000468368086620229,0.00734140584695233
"90",2020-06-25,0.00971780704193523,0.00138543358272403,0,0.000197919083246291,0.0108476173376882,0.00993917263724816,0.0117560620381283,0.00142088445531382,0.00102227240926384,0.0018194965013638,0.00371003202731601,-0.000241989431166031,0.00766205348579806
"91",2020-06-26,0.00971780704193523,0.00138543358272403,0,0.000197919083246291,0.0109168064797678,0.0100111039311347,0.0118225090284009,0.00152093714844202,0.00112183739801612,0.00192003689886793,0.00400531413435608,2.32636536668124e-05,0.00798736461504534
"92",2020-06-27,0.00971780704193523,0.00138543358272403,0,0.000197919083246291,0.0109854515976435,0.0100826543841463,0.0118882488111407,0.00164989180271733,0.00123954930542539,0.00206023430000927,0.00432409779666467,0.000332103265591593,0.00831609232773775
"93",2020-06-28,0.00971780704193523,0.00138543358272403,0,0.000197919083246291,0.011053537938993,0.0101538043526598,0.0119532715253262,0.00181119138539406,0.00138015775892876,0.00224222501185935,0.00466825350719371,0.000689728045238878,0.00864677896914854
"94",2020-06-29,0.00971780704193523,0.00138543358272403,0,0.000197919083246291,0.0111210508290424,0.0102245283920843,0.0120175732660005,0.00200869438945292,0.00154992346316305,0.00246746531574279,0.00503980063176086,0.00110186181490103,0.0089777394486207
"95",2020-06-30,0.00971780704193523,0.00138543358272403,0,0.000197919083246291,0.0111879756760042,0.0102947963048303,0.0120811550471781,0.00224680349599772,0.00175563339117645,0.00273797360081898,0.00544091925786737,0.00157478944016493,0.0093070490755698
"96",2020-07-01,0.00993669360249611,0.00106210318939338,0,0.000151729027056196,0.0112542979764993,0.0103645741826947,0.0121440217703039,0.0025303411326581,0.00200448059932559,0.00305620166599061,0.00587396298656537,0.0021153844394244,0.00963254153370633
"97",2020-07-02,0.00993669360249611,0.00106210318939338,0,0.000151729027056196,0.0113200033209578,0.0104338254385013,0.0122061812034142,0.00286428928173224,0.00230390104681746,0.00342467751664703,0.00634147274243211,0.00273111709106496,0.00995182839379926
"98",2020-07-03,0.00993669360249611,0.00106210318939338,0,0.000151729027056196,0.011385077398997,0.0105025118208994,0.0122676429770945,0.00325341568915983,0.00266123177053414,0.00384559960778551,0.00684619168268265,0.00343001876710453,0.0102623645982608
"99",2020-07-04,0.0103457842574354,0.00103224624248984,0,0.00014746374892712,0.0114495060047734,0.0105705944047941,0.0123284176047527,0.00370175924726064,0.00308311072665861,0.00432040776786266,0.00739108129290122,0.0042205464343072,0.0105616161514952
"100",2020-07-05,0.0131658912220801,0.00177585750464504,0,0.000253693929235006,0.0115132750423059,0.0106380345481411,0.0123885155364707,0.00421195551710876,0.00357455042590566,0.00484936060831187,0.00797933876383498,0.00511120564041086,0.0108474718872591
"101",2020-07-06,0.0131658912220801,0.00177585750464504,0,0.000253693929235006,0.0115763705307667,0.0107047948039291,0.0124479462576044,0.00478439946003239,0.00413763870014446,0.00543116021992032,0.00861441575120972,0.00610952948886926,0.0111193020135502
"102",2020-07-07,0.0152083364272791,0.0020354726317194,0,0.000290781804531343,0.0116387786097383,0.0107708397742627,0.0125067174452139,0.00541626866283707,0.00476987169242951,0.00606266563324462,0.00930003862864254,0.00721908370911391,0.0113809935481712
"103",2020-07-08,0.0181145791542788,0.010648940970028,0.0103672212952779,0.00152127728143257,0.0117004855444322,0.0108361368917139,0.0125648341971505,0.0061004676924517,0.00546225235937018,0.00673868302553321,0.0100369755345201,0.00842490782160705,0.0116490432474332
"104",2020-07-09,0.0144333761887101,0.0107866751400266,0.0107905968362424,0.00154095359143236,0.0117614777308681,0.0109006571116646,0.0126222983500716,0.00682460138321001,0.00619758455619774,0.00745161821022228,0.0106715680588096,0.00947052574905975,0.0118726103685595
"105",2020-07-10,0.0146012848845068,0.0108673220606347,0.010871316574958,0.00155247458009067,0.0118217417010095,0.0109643754983556,0.0126791079036635,0.00757013687005678,0.00694993876975385,0.00819033497035971,0.0111099851385,0.0101635050390944,0.0120564652379057
"106",2020-07-11,0.0148873819197874,0.0110764800689452,0.0110805514637231,0.0015823542955636,0.0118812641278535,0.0110272716868602,0.0127352565688468,0.00831196135436101,0.00768669168491483,0.0089372310238072,0.011353856264267,0.0104884608931583,0.0122192516353757
"107",2020-07-12,0.0150196390448273,0.0110525819188803,0.0110566445293872,0.00157894027412576,0.0119400318304718,0.0110893302032583,0.0127907334576853,0.00901857038080855,0.00837341600138329,0.0096637247602338,0.0114183351967575,0.0105373752348131,0.0122992951587019
"108",2020-07-13,0.0150196390448273,0.0110525819188803,0.0110566445293872,0.00157894027412576,0.0119980317790009,0.0111505406258687,0.0128455229321332,0.00965312162431114,0.00897878027158543,0.0103274629770368,0.0113286060378133,0.0104249801093672,0.0122322319662594
"109",2020-07-14,0.0150196390448273,0.0110525819188803,0.0110566445293872,0.00157894027412576,0.0120552510995776,0.0112108975714162,0.012899604627739,0.0101824673796716,0.00948125273451642,0.0108836820248267,0.01111601842458,0.0102226963731444,0.0120093404760157
"110",2020-07-15,0.0150196390448273,0.0110525819188803,0.0110566445293872,0.00157894027412576,0.0121116770792176,0.0112704004913175,0.0129529536671177,0.0105942031943875,0.00987702662042896,0.0113113797683461,0.0108144876088717,0.00996678373495712,0.0116621914827864
"111",2020-07-16,0.0150196390448273,0.0110525819188803,0.0110566445293872,0.00157894027412576,0.0121672971706358,0.0113290532646568,0.0130055410766149,0.0108849595217196,0.0101667184422131,0.0116032006012261,0.0104575837214656,0.0096753806827558,0.0112397867601754
"112",2020-07-17,0.0151671880477256,0.00975749986702073,0.00976161503069762,0.00139392855243153,0.0122220989970034,0.011386863575657,0.0130573344183498,0.0110571147087472,0.01035258367915,0.0117616457383444,0.0100765131059759,0.00935823391446262,0.0107947922974892
"113",2020-07-18,0.0161282740606895,0.0100542308219876,0.0100589393432147,0.00143631868885538,0.0122760715864942,0.0114438423986836,0.0131083007743049,0.0111179960678411,0.0104384816799919,0.0117975104556902,0.00969901267743001,0.00902390726919884,0.0103741180856612
"114",2020-07-19,0.0161282740606895,0.0100542308219876,0.0100589393432147,0.00143631868885538,0.0123292149189657,0.0115000042231211,0.0131584256148102,0.0110788363947708,0.0104298795606041,0.0117277932289376,0.00934905934672533,0.00868727052537905,0.0100108481680716
"115",2020-07-20,0.0152455217747247,0.00916630158507994,0.00917059427801205,0.00130947165501142,0.0123815349203672,0.0115553615597278,0.0132077082810065,0.0109536268357437,0.0103340097841715,0.0115732438873159,0.00904724290914479,0.00837353424551016,0.00972095157277942
"116",2020-07-21,0.0148209701401975,0.00854592879768642,0.00855000771578641,0.00122084697109806,0.0124330380386797,0.0116099230123824,0.013256153064977,0.0107579896213179,0.0101603570745725,0.0113556221680633,0.00881165200424548,0.00811462040077263,0.00950868360771834
"117",2020-07-22,0.0125509237598902,0.00830208470813176,0.00830715902781514,0.00118601210116168,0.0124837311909304,0.0116636939103625,0.0133037684714983,0.0105081657660373,0.00992135559272912,0.0110949759393455,0.00865881595861995,0.007942383573875,0.0093752483433649
"118",2020-07-23,0.0123003854789923,0.00862168312980678,0.00862695279133728,0.00123166901854383,0.0125336217554298,0.0117166769495203,0.0133505665613392,0.0102201801614026,0.00963264405120866,0.0108077162715965,0.00859121838371996,0.00786849498587649,0.00931394178156342
"119",2020-07-24,0.0120765307194658,0.00874029905336937,0.00874564121417408,0.00124861415048134,0.0125827175638965,0.0117688728201846,0.0133965623076084,0.00990921514937859,0.00931218620440824,0.0105062440943489,0.00859405045406861,0.0078787057404124,0.00930939516772482
"120",2020-07-25,0.0118464305102914,0.00886222430919557,0.00886764099197244,0.0012660320441708,0.0126310268934825,0.0118202808164732,0.0134417729704919,0.0095891974609322,0.00897845237670742,0.010199942545157,0.00865308022817341,0.00795617372014385,0.00934998673620296
"121",2020-07-26,0.0118464305102914,0.00886222430919557,0.00886764099197244,0.0012660320441708,0.0126785584587133,0.0118708994217171,0.0134862174957095,0.00927258430482501,0.00864863646520605,0.00989653214444398,0.00875499803912184,0.00808314115494279,0.00942685492330089
"122",2020-07-27,0.0122295348162513,0.00894291539521682,0.00894838139721657,0.00127755934217383,0.0127253214033554,0.0119207268645272,0.0135299159421836,0.00897032280982804,0.0083376185716679,0.00960302704798818,0.00888662118950493,0.00824040997037925,0.00953283240863061
"123",2020-07-28,0.0122295348162513,0.00894291539521682,0.00894838139721657,0.00127755934217383,0.0127713252922264,0.0119697616397526,0.0135728889447003,0.00869195228848672,0.00805769520594717,0.00932620937102627,0.009034318035155,0.00840724920181562,0.00966138686849437
"124",2020-07-29,0.0122295348162513,0.00894291539521682,0.00894838139721657,0.00127755934217383,0.0128165801029587,0.0120180029882411,0.0136151572176762,0.00844581743334506,0.0078187546418139,0.00907288022487622,0.0091836426204364,0.00856250458931103,0.00980478065156178
"125",2020-07-30,0.013364486660341,0.00893366891971195,0.00893912927017063,0.00127623841710171,0.0128610962177307,0.0120654513289856,0.0136567411064759,0.00823616840309963,0.00762480024879439,0.00884753655740487,0.00931919218658375,0.00868701791539348,0.00995136645777402
"126",2020-07-31,0.0133896982663367,0.00892966699914654,0.00893498046698932,0.00127566671416379,0.0129048844149797,0.0121121086369617,0.0136976601929977,0.00805756496926214,0.00746743423398361,0.00864769570454066,0.00942471128817751,0.00876598389385688,0.0100834386824981
"127",2020-08-01,0.0133896982663367,0.00892966699914654,0.00893498046698932,0.00127566671416379,0.012947955861106,0.0121579787597947,0.0137379329624172,0.0079034784167178,0.00733641248568611,0.0084705443477495,0.00948346697862771,0.00878936693785037,0.010177567019405
"128",2020-08-02,0.013364486660341,0.00892928547170484,0.00893456350093789,0.00127561221024355,0.0129903221021833,0.0122030676663425,0.0137775765380241,0.00776800279449405,0.00722197182981294,0.00831403375917516,0.00947890808893059,0.00875038515261969,0.0102074310252415
"129",2020-08-03,0.0138274477091921,0.00905980145028178,0.0090650172155938,0.00129425735004025,0.0130319950556867,0.0122473836203816,0.0138166064909919,0.00764571153821275,0.00711505905408015,0.00817636402234535,0.00939559705741696,0.00864368432803104,0.0101475097868029
"130",2020-08-04,0.0138274477091921,0.00905980145028178,0.0090650172155938,0.00129425735004025,0.0130729870022494,0.0122909372728187,0.0138550367316802,0.00753155525229368,0.00700781336377459,0.00805529714081278,0.00922036577092617,0.0084641899842876,0.00997654155756474
"131",2020-08-05,0.0138274477091921,0.00905980145028178,0.0090650172155938,0.00129425735004025,0.0131133105774608,0.0123337416662109,0.0138928794887106,0.00742079500635945,0.00689416590779842,0.00794742410492049,0.00894469362266266,0.00820721368085552,0.0096821735644698
"132",2020-08-06,0.0138529228166425,0.00905856174328639,0.00906377679489395,0.00129408024904091,0.0131529787637167,0.0123758121458296,0.0139301453816037,0.007308967009214,0.00677020389274503,0.00784773012568298,0.00857976674050565,0.00787781058418032,0.00928172289683098
"133",2020-08-07,0.0138529228166425,0.00905856174328639,0.00906377679489395,0.00129408024904091,0.0131920048821339,0.0124171661720006,0.0139668435922673,0.00719187541219497,0.00663401373003643,0.00774973709435351,0.00814985017680073,0.00748796927847272,0.00881173107512873
"134",2020-08-08,0.0138529228166425,0.00905856174328639,0.00906377679489395,0.00129408024904091,0.0132304025845385,0.0124578230289456,0.0140029821401314,0.00706561035914037,0.00648508568391826,0.00764613503436249,0.00767844378824891,0.00704999923836347,0.00830688833813435
"135",2020-08-09,0.0138529228166425,0.00905856174328639,0.00906377679489395,0.00129408024904091,0.0132681856850356,0.012497803213108,0.0140385681569633,0.00692658831876387,0.00632362474482978,0.00752955189269796,0.00718673350778015,0.0065780610589741,0.00779540595658619
"136",2020-08-10,0.0138529228166425,0.00905856174328639,0.00906377679489395,0.00129408024904091,0.0133053646089464,0.0125371228528998,0.014073606364993,0.00677161127802675,0.00615003118305693,0.00739319137299656,0.00669283205788061,0.00608908670522208,0.00729657741053915
"137",2020-08-11,0.0141071826468722,0.00398244465809845,0.00398766042341048,0.000568920665442636,0.0133419463342534,0.0125757917069292,0.0141081009615776,0.0065979406214235,0.00596459757389023,0.00723128366895678,0.00621145975686374,0.00560159786508153,0.00682132164864596
"138",2020-08-12,0.0141071826468722,0.00398244465809845,0.00398766042341048,0.000568920665442636,0.0133779378958856,0.0126138173593356,0.0141420584324355,0.00640338056831032,0.0057673460713833,0.00703941506523733,0.00575397662674303,0.00513295164047777,0.00637500161300828
"139",2020-08-13,0.0141071826468722,0.00398244465809845,0.00398766042341048,0.000568920665442636,0.0134133465415541,0.0126512057947974,0.0141754872883108,0.00618636500983537,0.00555791584507893,0.0068148141745918,0.00532866585094325,0.00469701278653143,0.00596031891535508
"140",2020-08-14,0.0141071826468722,0.00398244465809845,0.00398766042341048,0.000568920665442636,0.0134481797275413,0.0126879617657471,0.0142083976893355,0.00594604103181928,0.00533543723489363,0.00655664482874493,0.00494117420055699,0.00430335007447237,0.00557899832664161
"141",2020-08-15,0.0141071826468722,0.00398244465809845,0.00398766042341048,0.000568920665442636,0.0134824451144946,0.0127240891450304,0.0142408010839588,0.00568412503530324,0.00509951223517373,0.00626873783543275,0.00459503087512883,0.00395763986455056,0.0052324218857071
"142",2020-08-16,0.0141071826468722,0.00398244465809845,0.00398766042341048,0.000568920665442636,0.0135161505632296,0.0127595912613106,0.0142727098651486,0.00540842240316927,0.00485281495152251,0.00596402985481603,0.00429218666335637,0.00366257982229346,0.00492179350441928
"143",2020-08-17,0.0131578428426664,0.0039054429509223,0.00391072639943012,0.000557920421560328,0.0135493041305452,0.012794471214557,0.0143041370465335,0.00512707519177746,0.0045984373079567,0.00565571307559823,0.00403353633188445,0.00341885307968719,0.00464821958408171
"144",2020-08-18,0.0124173234121179,0.00365189901135917,0.00365683945489521,0.000521699858765595,0.0135819140650575,0.012828732168963,0.014335095961152,0.00484709706851671,0.0043396292884458,0.00535456484858761,0.00381940628418777,0.00322593607552337,0.00441287649285217
"145",2020-08-19,0.0130400822874212,0.00364606517916278,0.00365084039185737,0.000520866454166111,0.0136139888030527,0.0128623776206255,0.01436559998548,0.0045743304800936,0.00408023562389834,0.00506842533628886,0.00364921536360707,0.00308166412416522,0.00421676660304891
"146",2020-08-20,0.0130400822874212,0.00364606517916278,0.00365084039185737,0.000520866454166111,0.0136455369643669,0.0128954116373205,0.0143956622914132,0.00431348202241116,0.00382482592570447,0.00480213811911785,0.00351771871561309,0.00297750776664915,0.00405792966457702
"147",2020-08-21,0.0130400822874212,0.00364606517916278,0.00365084039185737,0.000520866454166111,0.0136765673482927,0.0129278390677264,0.0144252956288591,0.00406821525933496,0.00357839729523604,0.00455803322343388,0.00341891685042792,0.00290387909432833,0.00393395460652751
"148",2020-08-22,0.0130400822874212,0.00364606517916278,0.00365084039185737,0.000520866454166111,0.0137070889295201,0.0129596657175056,0.0144545121415346,0.00384128188029151,0.00334580496486097,0.00433675879572206,0.00334802623492652,0.00285276879406902,0.00384328367578403
"149",2020-08-23,0.0130400822874212,0.00364606517916278,0.00365084039185737,0.000520866454166111,0.0137371108541118,0.0129908984897547,0.0144833232184689,0.00363467509797205,0.00313123960792228,0.00413811058802182,0.00330117935563408,0.0028175976111552,0.00378476110011297
"150",2020-08-24,0.0130400822874212,0.00364606517916278,0.00365084039185737,0.000520866454166111,0.0137666424355191,0.0130215454874768,0.0145117393835614,0.00344979288121654,0.00293796429592072,0.00396162146651236,0.00327518934800604,0.0027933426849282,0.00375703601108387
"151",2020-08-25,0.0130400822874212,0.00364606517916278,0.00365084039185737,0.000520866454166111,0.0137956931506408,0.0130516160759208,0.0145397702253608,0.00328760248195881,0.00276832255576206,0.00380688240815557,0.00326736610395091,0.00277676271623184,0.00375796949166997
"152",2020-08-26,0.0130400822874212,0.00364606517916278,0.00365084039185737,0.000520866454166111,0.0138242726359278,0.0130811209028566,0.014567424368999,0.00314880142319821,0.00262392071582394,0.00367368213057249,0.00327536987113961,0.00276643744688182,0.00378430229539739
"153",2020-08-27,0.0130400822874212,0.00364606517916278,0.00365084039185737,0.000520866454166111,0.0138523906835389,0.013110071875109,0.0145947094919688,0.00303397351604475,0.00250588552831929,0.00356206150377022,0.00329709252098823,0.00276247272665453,0.00383171231532192
"154",2020-08-28,0.0130400822874212,0.00364606517916278,0.00365084039185737,0.000520866454166111,0.0138800572375478,0.0131384820899337,0.014621632385162,0.002943741567772,0.00241513580891189,0.0034723473266321,0.00333055969777053,0.00276599158927731,0.00389512780626376
"155",2020-08-29,0.0130400822874212,0.00364606517916278,0.00365084039185737,0.000520866454166111,0.013907282390208,0.0131663657200871,0.0146481990603289,0.00287892135794902,0.00235264064217406,0.00340520207372399,0.00337384933426778,0.00277864019758822,0.00396905847094735
"156",2020-08-30,0.0135036977272555,0.00364558479439026,0.00365035937793004,0.000520797827770037,0.0139340763782754,0.0131937378516796,0.0146744149048712,0.00284068440998406,0.0023196547592678,0.00336171406070033,0.00342502377104469,0.00280222909996952,0.00404781844211986
"157",2020-08-31,0.0135036977272555,0.00364558479439026,0.00365035937793004,0.000520797827770037,0.0139604495649849,0.0132206142554918,0.014700284874478,0.00282970063897025,0.00231670715135041,0.00334269412659009,0.00348207410218891,0.00283848423021534,0.00412566397416247
"158",2020-09-01,0.0135036977272555,0.00364558479439026,0.00365035937793004,0.000520797827770037,0.0139864107040107,0.0132470087815806,0.0147258126264408,0.00284356786513813,0.00234057710351404,0.00334655862676221,0.00354287652279465,0.00288880712594301,0.0041969459196463
"159",2020-09-02,0.0135036977272555,0.00364558479439026,0.00365035937793004,0.000520797827770037,0.0140119652712838,0.0132729302918482,0.0147510002507194,0.00287966434715073,0.00238764139785255,0.00337168729644891,0.00360544333666315,0.00295332367401937,0.00425756299930692
"160",2020-09-03,0.0135036977272555,0.00364558479439026,0.00365035937793004,0.000520797827770037,0.014037118445199,0.0132983861360906,0.0147758507543074,0.0029357892475218,0.00245455964698968,0.00341701884805392,0.00366861703498999,0.00302907279478139,0.00430816127519859
"161",2020-09-04,0.0135036977272555,0.00364558479439026,0.00365035937793004,0.000520797827770037,0.0140618754931239,0.0133233828396504,0.0148003681465974,0.00300997011100118,0.0025379960318841,0.00348194419011826,0.00373136697239717,0.00311155391336275,0.0043511800314316
"162",2020-09-05,0.0135036977272555,0.00364558479439026,0.00365035937793004,0.000520797827770037,0.0140862417695987,0.0133479263052253,0.0148245572339721,0.00310029742344324,0.00263444050757515,0.00356615433931133,0.00379259321867204,0.00319525976749508,0.00438992666984899
"163",2020-09-06,0.0135036977272555,0.00364558479439026,0.00365035937793004,0.000520797827770037,0.0141102227145465,0.0133720220024516,0.0148484234266413,0.00320477815519721,0.00274017641094984,0.00366937989944458,0.00385112944777901,0.0032739514294948,0.00442830746606322
"164",2020-09-07,0.0135036977272555,0.00364558479439026,0.00365035937793004,0.000520797827770037,0.0141338238514968,0.0133956751441871,0.0148719725588065,0.00332120426692234,0.00285142991948538,0.0037909786143593,0.00390574923377804,0.00334134387893315,0.00447015458862292
"165",2020-09-08,0.0135036977272555,0.00364558479439026,0.00365035937793004,0.000520797827770037,0.0141570507858235,0.0134188908484922,0.0148952107231549,0.0034470356361253,0.00296466869152317,0.00392940258072744,0.00395517603684265,0.00339230325978978,0.00451804881389553
"166",2020-09-09,0.0135036977272555,0.00364558479439026,0.00365035937793004,0.000520797827770037,0.0141799092029969,0.0134416742853778,0.0149181441206161,0.00357929997207654,0.00307691490144107,0.004081685042712,0.0039980970946194,0.00342417956490124,0.00457201462433755
"167",2020-09-10,0.0135036977272555,0.00364558479439026,0.00365035937793004,0.000520797827770037,0.0142024048668522,0.0134640308074512,0.0149407789262532,0.00371451508001519,0.00318589925502075,0.00424313090500963,0.00403318133406466,0.00343745255727568,0.00462891011085363
"168",2020-09-11,0.0135036977272555,0.00364558479439026,0.00365035937793004,0.000520797827770037,0.0142245436178749,0.0134859660636541,0.0149631211720958,0.00384864121894251,0.00328997558802417,0.00440730684986086,0.00405910128570595,0.00343522246806626,0.00468298010334563
"169",2020-09-12,0.0135036977272555,0.00364558479439026,0.00365035937793004,0.000520797827770037,0.0142463313715035,0.0135074860953528,0.0149851766476542,0.00397707304332844,0.00338785846148817,0.00456628762516872,0.00407455881695832,0.00342199003588066,0.00472712759803598
"170",2020-09-13,0.0135036977272555,0.00364558479439026,0.00365035937793004,0.000520797827770037,0.0142677741164515,0.0135285974141167,0.0150069508187864,0.00409468138960101,0.00347830255332605,0.00471106022587598,0.00407831430702846,0.00340248305829313,0.0047541455557638
"171",2020-09-14,0.0135036977272555,0.00364558479439026,0.00365035937793004,0.000520797827770037,0.014288877913049,0.0135493070605924,0.0150284487655056,0.00419591455656125,0.00355979512709431,0.0048320339860282,0.00406921866920107,0.00338085376205694,0.0047575835763452
"172",2020-09-15,0.0117351220774428,0.0036801564851858,0.00368497634690045,0.000525736640740829,0.0143096488916043,0.0135696226439702,0.0150496751392385,0.00427496632817901,0.00363025770498397,0.00491967495137405,0.00404626503337062,0.00336012674686372,0.00473240331987753
"173",2020-09-16,0.0104110458723934,0.0042153873771897,0.00422020723890435,0.000602198196741386,0.0143300932507877,0.0135895523616214,0.015070634139954,0.00432738027599941,0.00368733946125955,0.00496742109073927,0.00401024066896385,0.00334139859467155,0.00467908274325616
"174",2020-09-17,0.0104110458723934,0.0042153873771897,0.00422020723890435,0.000602198196741386,0.0143502172560368,0.013609104998576,0.0150913295134976,0.00435450959072454,0.00373020092691088,0.00497881825453819,0.00396495543988776,0.003323616476956,0.00460629440281953
"175",2020-09-18,0.0104463822860289,0.0042153873771897,0.00422020723890435,0.000602198196741386,0.0143700272379854,0.0136282899065916,0.0151117645693793,0.00435961348856002,0.00375800772934513,0.0049612192477749,0.00391444601439682,0.00330472481251167,0.00452416721628198
"176",2020-09-19,0.0235172298139661,0.00421460250353344,0.0042193904953362,0.000602086071933348,0.0143895295909162,0.0136471169626487,0.0151319422191836,0.00434634292091247,0.0037696561854538,0.00492302965637114,0.00386259157082856,0.00328237807377288,0.00444280506788423
"177",2020-09-20,0.0235172298139661,0.00421460250353344,0.0042193904953362,0.000602086071933348,0.0144087307712375,0.0136655965067759,0.0151518650356991,0.0043185700964954,0.00376421091404657,0.00487292927894423,0.00381308171709485,0.00325473522152721,0.00437142821266249
"178",2020-09-21,0.0235172298139661,0.00421460250353344,0.0042193904953362,0.000602086071933348,0.0144276372959865,0.0136837392591687,0.0151715353328043,0.00428024531073776,0.00374152244133113,0.0048189681801444,0.00376942095708356,0.00322145639156092,0.00431738552260619
"179",2020-09-22,0.0235172298139661,0.00421460250353344,0.0042193904953362,0.000602086071933348,0.0144462557413576,0.0137015562166126,0.0151909552661025,0.00423528624926261,0.00370293144731322,0.004767641051212,0.00373496669247549,0.00318458194619638,0.00428535143875459
"180",2020-09-23,0.0235172298139661,0.00421460250353344,0.0042193904953362,0.000602086071933348,0.0144645927586811,0.0137190583987425,0.0152101271186198,0.0041875018911811,0.00365173322602361,0.00472327055633859,0.00371299829839562,0.00314874102098855,0.00427725557580268
"181",2020-09-24,0.0235172298139661,0.00421460250353344,0.0042193904953362,0.000602086071933348,0.0144826551254498,0.0137362560827953,0.0152290541681043,0.00414055085243008,0.00359306029587696,0.00468804140898319,0.00370681619650905,0.00312052818104667,0.00429310421197143
"182",2020-09-25,0.0235172298139661,0.00421460250353344,0.0042193904953362,0.000602086071933348,0.0145004496919569,0.0137531587512658,0.0152477406326479,0.00409793256007768,0.00353320961674275,0.00466265550341262,0.00371987202244016,0.00310755301078393,0.00433219103409639
"183",2020-09-26,0.0235172298139661,0.00421460250353344,0.0042193904953362,0.000602086071933348,0.0145179833625391,0.0137697752598513,0.0152661914652268,0.00406300902698746,0.00347882089769974,0.00464719715627519,0.00375593398953677,0.00311777407180134,0.00439409390727219
"184",2020-09-27,0.0239566774761887,0.00429821509301113,0.00430305436037105,0.000614030727573018,0.0145352630942287,0.0137861139406455,0.0152844122478118,0.00403905514417177,0.00343628929530312,0.00464182099304042,0.00381929556647998,0.00315930979419801,0.00447928133876195
"185",2020-09-28,0.0239566774761887,0.00429821509301113,0.00430305436037105,0.000614030727573018,0.0145522958954366,0.0138021826977702,0.015302409093103,0.00402933625562082,0.00341151304268162,0.00464715946856002,0.00391504098060105,0.00324055282285139,0.00458952913835071
"186",2020-09-29,0.0239566774761887,0.00429821509301113,0.00430305436037105,0.000614030727573018,0.0145690888246677,0.0138179890951711,0.0153201885541643,0.00403721328033704,0.0034098669904976,0.00466455957017648,0.00404900599824503,0.00336979507615918,0.00472821692033088
"187",2020-09-30,0.0239566774761887,0.00429821509301113,0.00430305436037105,0.000614030727573018,0.0145856489892677,0.0138335404363453,0.0153377575421901,0.00406627780609351,0.00343622757282575,0.00469632803936127,0.00421936817326713,0.00354453215940798,0.00489420418712628
"188",2020-10-01,0.0239566774761887,0.00429821509301113,0.00430305436037105,0.000614030727573018,0.0146019835442038,0.0138488438358,0.0153551232526075,0.00412052249204617,0.00349484727133425,0.00474619771275809,0.00441486718659417,0.0037490759689499,0.00508065840423844
"189",2020-10-02,0.0239566774761887,0.00429821509301113,0.00430305436037105,0.000614030727573018,0.0146180996908785,0.0138639062820708,0.0153722930996863,0.00420223264052577,0.00358621348083588,0.00481825180021566,0.00462170671664891,0.00396293053192841,0.0052804829013694
"190",2020-10-03,0.0239566774761887,0.00429821509301113,0.00430305436037105,0.000614030727573018,0.0146340046759779,0.013878734692147,0.0153892746598087,0.00430384000759727,0.0036975636315718,0.00491011638362273,0.00482330741049151,0.00416173015776711,0.0054848846632159
"191",2020-10-04,0.0239566774761887,0.00429821509301113,0.00430305436037105,0.000614030727573018,0.0146497057903536,0.0138933359571768,0.0154060756235303,0.00441433398130169,0.00381142711400186,0.00501724084860151,0.0050002143619373,0.00432026779237649,0.00568016093149811
"192",2020-10-05,0.0239566774761887,0.00429821509301113,0.00430305436037105,0.000614030727573018,0.014665210367941,0.0139077169793366,0.0154227037565454,0.00452159970264698,0.00391012480652853,0.00513307459876543,0.0051307012390017,0.00441695523184843,0.00584444724615496
"193",2020-10-06,0.0239566774761887,0.00429821509301113,0.00430305436037105,0.000614030727573018,0.0146805257847124,0.0139218846997716,0.0154391668696533,0.0046123440953031,0.0039782099325599,0.00524647825804629,0.00519221363189343,0.00443656709665032,0.00594786016713655
"194",2020-10-07,0.0239566774761887,0.00429821509301113,0.00430305436037105,0.000614030727573018,0.0146956594576667,0.0139358461175264,0.0154554727978069,0.00467238652271091,0.00400444423489397,0.00534032881052786,0.0051636809942818,0.0043697456108676,0.00595761637769599
"195",2020-10-08,0.0239566774761887,0.00429821509301113,0.00430305436037105,0.000614030727573018,0.0147106188438547,0.0139496082994017,0.0154716293883077,0.00468735785887298,0.00398179995125422,0.00539291576649175,0.00502852462325017,0.00421102564240643,0.00584602360409391
"196",2020-10-09,0.0239566774761887,0.00429821509301113,0.00430305436037105,0.000614030727573018,0.014725411439443,0.0139631783806888,0.0154876444981973,0.00464381121683146,0.00390587034736939,0.00538175208629352,0.00477792562032183,0.00395748269952363,0.00559836854112003
"197",2020-10-10,0.0239566774761887,0.00429821509301113,0.00430305436037105,0.000614030727573018,0.014740044778814,0.0139765635567473,0.0155035260008807,0.00453067498089049,0.0037730909873939,0.00528825897438709,0.0044136624511347,0.00360888067856796,0.00521844422370143
"198",2020-10-11,0.0239566774761887,0.00429821509301113,0.00430305436037105,0.000614030727573018,0.0147545264337041,0.0139897710654059,0.0155192818020023,0.00434088197182345,0.00357958602573649,0.00510217791791041,0.00394969059981974,0.00317000448564563,0.00472937671399386
"199",2020-10-12,0.0239566774761887,0.00429821509301113,0.00430305436037105,0.000614030727573018,0.0147688640123808,0.0140028081601811,0.0155349198645806,0.00407290776537361,0.00332096369711532,0.00482485183363191,0.00341172931176805,0.00265580598282017,0.00416765264071592
"200",2020-10-13,0.0239566774761887,0.00429821509301113,0.00430305436037105,0.000614030727573018,0.0147830651588578,0.0140156820743191,0.0155504482433965,0.00373187863595522,0.0029937543145948,0.00447000295731564,0.0028364067535174,0.00209881916646647,0.00357399434056834
"201",2020-10-14,0.0239566774761887,0.00429821509301113,0.00430305436037105,0.000614030727573018,0.0147971375521494,0.0140283999756827,0.0155658751286161,0.00332990311374066,0.0025995915011631,0.00406021472631823,0.00227753496716757,0.00155874721404682,0.00299632272028833
"202",2020-10-15,0.0239566774761887,0.00429821509301113,0.00430305436037105,0.000614030727573018,0.0148110886873729,0.0140409687150206,0.0155812086597252,0.00288537087349502,0.00215151417865496,0.00361922756833507,0.00177881318657311,0.00109059167030423,0.00246703470284199
"203",2020-10-16,0.0239566774761887,0.00429821509301113,0.00430305436037105,0.000614030727573018,0.0148249241916111,0.014053393207637,0.0155964551755853,0.00242115425660862,0.00167735325301874,0.0031649552601985,0.00136096526136834,0.000720621111301829,0.00200130941143485
"204",2020-10-17,0.00875882922573775,0,0,0,0.0148386487374678,0.0140656771508538,0.0156116203240819,0.00196190899356504,0.00121492866279142,0.00270888932433865,0.0010273012613309,0.000449420823183851,0.00160518169947795
"205",2020-10-18,0.00791584693346582,0,0,0,0.0148522670105655,0.0140778239250036,0.0156267100961274,0.00153266091125047,0.000803046088125062,0.00226227573437587,0.00077048706674753,0.000262594492459659,0.0012783796410354
"206",2020-10-19,0.00827760770343063,0,0,0,0.0148657837172647,0.0140898366558032,0.0156417307787263,0.0011587171347022,0.00047376599541927,0.00184366827398513,0.000578272186243515,0.000140539267009906,0.00101600510547712
"207",2020-10-20,0.00827760770343063,0,0,0,0.0148792035843249,0.0141017182641357,0.0156566889045141,0.000852404982769558,0.000236522923285079,0.00146828704225404,0.00043740258264617,6.4496063178339e-05,0.000810309102114001
"208",2020-10-21,0.00827760770343063,0,0,0,0.0148925313585796,0.0141134715103816,0.0156715912067776,0.000613514692779554,8.18398542244011e-05,0.00114518953133471,0.000335811170582234,1.92273825485577e-05,0.00065239495861591
"209",2020-10-22,0.00827760770343063,0,0,0,0.0149057718066269,0.0141250990332581,0.0156864445799957,0.000434397811558519,-8.63915865192743e-06,0.000877434781768966,0.00026354595792255,-6.44939995963063e-06,0.00053354131580473
"210",2020-10-23,0.00827760770343063,0,0,0,0.0149189297145353,0.0141366033831406,0.01570125604593,0.000304233614354641,-5.44769099056056e-05,0.000662944138614887,0.000212935305455083,-2.01693322210563e-05,0.000446039943131222
"211",2020-10-24,0.00827760770343063,0,0,0,0.0149320098875642,0.0141479870498387,0.0157160327252897,0.000211912662361579,-7.22588970743516e-05,0.000496084221797509,0.000178382297566688,-2.68524919365587e-05,0.000383617087069934
"212",2020-10-25,0.00827760770343063,0,0,0,0.0149450171499,0.0141592524848112,0.0157307818149888,0.000147608034047204,-7.41948911296655e-05,0.000369410959224074,0.000156045505141973,-2.94928885702555e-05,0.000341583898854202
"213",2020-10-26,0.00881250526802839,0,0,0,0.0149579563444078,0.0141704021178088,0.0157455105710069,0.000103380754317138,-6.83532647216565e-05,0.000275114773355932,0.000143558487487562,-2.97549432448641e-05,0.000316871918219988
"214",2020-10-27,0.005906421195677,0,0,0,0.0149708323323987,0.0141814383679404,0.015760226296857,7.32013759843371e-05,-5.95739240063121e-05,0.000205976675974986,0.000139638516086807,-2.83877175965119e-05,0.000307664749770126
"215",2020-10-28,0.005906421195677,0,0,0,0.0149836499934125,0.0141923636491693,0.0157749363376557,5.26892328079035e-05,-5.04771807746976e-05,0.000155855646390505,0.000143187462268501,-2.55901540997453e-05,0.000311965078636748
"216",2020-10-29,0.005906421195677,0,0,0,0.0149964142250166,0.0142031803702527,0.0157896480797804,3.87633071598102e-05,-4.23020448014786e-05,0.000119828659121099,0.000153954766949957,-2.09820776278799e-05,0.000328891611527794
"217",2020-10-30,0.00579335661072305,0,0,0,0.0150091299426203,0.0142138909291502,0.0158043689560904,2.93082118654848e-05,-3.55049940478256e-05,9.41214177787953e-05,0.000172637240619758,-1.36031261928792e-05,0.000358877607432395
"218",2020-10-31,0.00579335661072305,0,0,0,0.0150218020793061,0.0142244977019368,0.0158191064566753,2.28981612456588e-05,-3.01452960802357e-05,7.59416185715533e-05,0.00020081393325565,-1.82301859896538e-06,0.000403450885110265
"219",2020-11-01,0.00579335661072305,0,0,0,0.0150344355856759,0.0142350030262679,0.0158338681450839,1.85877968933801e-05,-2.61133573307681e-05,6.32889511175283e-05,0.000241010534658243,1.68680208006242e-05,0.000465153048515861
"220",2020-11-02,0.00579335661072305,0,0,0,0.0150470354297147,0.0142454091794572,0.0158486616799721,1.57632035809092e-05,-2.32573332612855e-05,5.47837404231039e-05,0.000296842343549091,4.61522394994726e-05,0.000547532447598709
"221",2020-11-03,0.00579335661072305,0,0,0,0.0150596065966694,0.0142557183512418,0.0158634948420969,1.40263771231443e-05,-2.1434243024106e-05,4.94869972703945e-05,0.000373188398511926,9.12082153343479e-05,0.000655168581689505
"222",2020-11-04,0.00579335661072305,0,0,0,0.0150721540889454,0.0142659326113234,0.0158783755665673,1.307591196728e-05,-2.0477607234434e-05,4.66294311689939e-05,0.000476329730060664,0.000158959869404747,0.000793699590716582
"223",2020-11-05,0.00579335661072305,0,0,0,0.0150846829260185,0.0142760538717881,0.0158933119802489,1.27266852876905e-05,-2.02730175206201e-05,4.57263880960011e-05,0.000613944807546252,0.000258058700848904,0.0009698309142436
"224",2020-11-06,0.00579335661072305,0,0,0,0.0150971980608028,0.0142860837700671,0.0159083123515385,1.28874288218594e-05,-2.07779645615055e-05,4.65528222052243e-05,0.000794800030076673,0.000398317574827364,0.00119128248532598
"225",2020-11-07,0.00579335661072305,0,0,0,0.0151097025393681,0.0142960220045057,0.0159233830742306,1.35305587318423e-05,-2.20132032211469e-05,4.90743206848315e-05,0.00102791720811891,0.000589317400687772,0.00146651701555004
"226",2020-11-08,0.00579335661072305,0,0,0,0.0151221974929476,0.0143058664011413,0.0159385285847539,1.46775806734204e-05,-2.40596527447298e-05,5.34148140915705e-05,0.00132097601071113,0.000838195862319247,0.00180375615910301
"227",2020-11-09,0.00579335661072305,0,0,0,0.0151346839728936,0.0143156146262942,0.0159537533194931,1.63935622350149e-05,-2.70597325884363e-05,5.98468570584661e-05,0.0016777796079599,0.00114734607137794,0.00220821314454185
"228",2020-11-10,0.00579335661072305,0,0,0,0.0151471630341641,0.0143252643098871,0.0159690617584412,1.87872459848417e-05,-3.1221295581494e-05,6.87957875511774e-05,0.00209778070500315,0.00151572738501825,0.00267983402498806
"229",2020-11-11,0.00579335661072305,0,0,0,0.0151596357353168,0.0143348130884202,0.0159844583822135,2.20147956259907e-05,-3.68214007533846e-05,8.0850992005366e-05,0.00258081768271418,0.00194463640010684,0.00321699896532151
"230",2020-11-12,0.00579335661072305,0,0,0,0.0151721031385048,0.0143442586425892,0.0159999476344203,2.6285652417691e-05,-4.4205605442753e-05,9.6776910278135e-05,0.00312420317647048,0.00243519657934438,0.00381320977359659
"231",2020-11-13,0.00579335661072305,0,0,0,0.0151845663094719,0.0143535987295229,0.0160155338894209,3.18688394295631e-05,-5.37760416092057e-05,0.000117513720468332,0.00372150459047323,0.00298668713514679,0.00445632204579967
"232",2020-11-14,0.00579335661072305,0,0,0,0.0151970263175499,0.0143628312096324,0.0160312214254675,3.90974054205911e-05,-6.59583189806657e-05,0.000144153129821848,0.004362222711398,0.00359485357873114,0.00512959184406485
"233",2020-11-15,0.0242574908720781,0,0.0103957730715192,0,0.0152094842356556,0.0143719540680713,0.0160470144032399,4.83676122224622e-05,-8.11337931787432e-05,0.000177869017623668,0.00503175789554185,0.00424993128868972,0.00581358450239399
"234",2020-11-16,0.0229752593261507,0,0.00958989919000612,0,0.015221941140289,0.0143809654308221,0.0160629168497558,6.0128060694682e-05,-9.95213445329019e-05,0.000219777465922266,0.00571171996047103,0.00493477101206707,0.00648866890887498
"235",2020-11-17,0.0229752593261507,0,0.00958989919000612,0,0.0152343981115325,0.0143898635754378,0.0160789326476271,7.4852515912708e-05,-0.000120994254371014,0.00027069928619643,0.0063806068212593,0.00562352653015554,0.00713768711236307
"236",2020-11-18,0.0221246700828127,0,0.00906298165209369,0,0.0152468562330503,0.0143986469364834,0.0160950655296173,9.298932224689e-05,-0.000144827388564012,0.000330806033057792,0.00701483741925635,0.00628184043058448,0.00774783440792823
"237",2020-11-19,0.0216029028792315,0,0.00874273495060628,0,0.0152593165920892,0.0144073141057408,0.0161113190784375,0.00011491673460609,-0.000169518545305895,0.000399352014518076,0.00759008125715982,0.00687050889203187,0.00830965362228777
"238",2020-11-20,0.0158095462685085,0,0.00874273495060628,0,0.0152717802794792,0.0144158638272566,0.0161276967317018,0.000141084729721136,-0.000193351424683725,0.000475520884125997,0.00808278581448091,0.00735449238966784,0.00881107923929397
"239",2020-11-21,0.0122788783673527,0,0.00874273495060628,0,0.0152842483896365,0.0144242949873294,0.0161442017919435,0.000171963904850313,-0.000214332689481963,0.000558260499182588,0.00847177058000808,0.00771370285960125,0.00922983830041491
"240",2020-11-22,0.0115616541636522,0,0.00803309737344668,0,0.0152967220205653,0.0144326065995546,0.0161608374415761,0.000207955103378475,-0.000230078228456409,0.000645988435213359,0.00873973799323912,0.00794610059565609,0.00953337539082216
"241",2020-11-23,0.0115616541636522,0,0.00803309737344668,0,0.0153092022738622,0.0144407977850569,0.0161776067626674,0.00024933962771651,-0.000237967960389322,0.000736647215822343,0.00887472389493599,0.0080610623486192,0.00968838544125279
"242",2020-11-24,0.013750015641506,0,0.0078050283628441,0,0.0153216902547198,0.0144488677480626,0.0161945127613771,0.000296221729180031,-0.000235414901771849,0.000827858360131912,0.00887797093144672,0.00807205920205985,0.00968388266083359
"243",2020-11-25,0.0132771810786542,0,0.00736367259232613,0,0.0153341870719327,0.0144568157469753,0.0162115583968901,0.000348466347817154,-0.000220259301497011,0.00091719199713132,0.00876618965604524,0.00799141109529593,0.00954096821679456
"244",2020-11-26,0.0137713487282367,0.000888081116662447,0.00710464893329958,0.000126868730951778,0.0153466938379028,0.0144646410611369,0.0162287466146688,0.000405636981223266,-0.000191276850428393,0.00100255081287493,0.00856080277911865,0.00782854258507031,0.00929306297316699
"245",2020-11-27,0.0137713487282367,0.000888081116662447,0.00710464893329958,0.000126868730951778,0.0153592116686465,0.0144723429534663,0.0162460803838268,0.000466940399458359,-0.000148748614512723,0.00108262941342944,0.00828500583096792,0.00759232721273366,0.00897768444920218
"246",2020-11-28,0.0144367809162293,0.000947603979709528,0.00758083183767623,0.000135371997101361,0.0153717416807692,0.0144799206252604,0.0162635627362781,0.000531186479004718,-9.49673176465799e-05,0.00115734027565602,0.00796185111574651,0.00729410339483936,0.00862959883665367
"247",2020-11-29,0.0144367809162293,0.000947603979709528,0.00758083183767623,0.000135371997101361,0.015384284627222,0.0144873727112203,0.0162811965432236,0.000596772316602994,-3.44406664450732e-05,0.00122798529965106,0.00761283476995079,0.00695056174664223,0.00827510779325935
"248",2020-11-30,0.0144367809162293,0.000947603979709528,0.00758083183767623,0.000135371997101361,0.0153968405495019,0.0144946968756951,0.0162989842233087,0.000661699587087123,2.65647803849643e-05,0.00129683439378928,0.00725701606278729,0.0065839510710429,0.00793008105453169
"249",2020-12-01,0.0140298138946925,0.000910969805236222,0.00728775844188977,0.000130138543605175,0.0154094094071242,0.0145018907045803,0.016316928109668,0.000723632459485613,8.14381471619992e-05,0.00136582677180923,0.00691062463758757,0.00621859332731142,0.00760265594786371
"250",2020-12-02,0.0134015007828663,0.000855826354556063,0.00684661083644851,0.000122260907793723,0.0154219911594416,0.0145089518599526,0.0163350304589306,0.000780000064918714,0.000125372744776064,0.00143462738506136,0.00658706992906973,0.00587655704086355,0.00729758281727591
"251",2020-12-03,0.0124051757055417,0.000771738612296188,0.0061739088983695,0.00011024837318517,0.0154345857656446,0.0145158781210945,0.0163532934101946,0.000828142559745588,0.000157155478486865,0.00149912964100431,0.00629725390648809,0.00557535442076451,0.00701915339221167
"252",2020-12-04,0.0124051757055417,0.000771738612296188,0.0061739088983695,0.00011024837318517,0.0154471931847602,0.0145226674194723,0.0163717189500481,0.000865493635967567,0.000179291857861492,0.00155169541407364,0.00605009656372272,0.00532775855422526,0.00677243457322019
"253",2020-12-05,0.0124051757055417,0.000771738612296188,0.0061739088983695,0.00011024837318517,0.0154598133756523,0.0145293178677418,0.0163903088835628,0.000889953018871771,0.000195951237405948,0.00158395480033759,0.0058532057453463,0.00514251268373414,0.00656389880695847
"254",2020-12-06,0.0124051757055417,0.000771738612296188,0.0061739088983695,0.00011024837318517,0.0154724462970207,0.014535827782873,0.0164090648111683,0.000901036871222765,0.000208875225416638,0.00159319851702889,0.00571365307062832,0.00502480060403738,0.00640250553721926
"255",2020-12-07,0.0124051757055417,0.000771738612296188,0.0061739088983695,0.00011024837318517,0.0154850919074006,0.014542195703505,0.0164279881112963,0.000899354716100552,0.000217188707822002,0.0015815207243791,0.00563770517309283,0.00497417890732483,0.00630123143886083
"256",2020-12-08,0.0124051757055417,0.000771738612296188,0.0061739088983695,0.00011024837318517,0.0154977501651629,0.0145484204016642,0.0164470799286616,0.000886081552922301,0.000218779467477431,0.00155338363836717,0.00561668278747141,0.00496740557801158,0.00626595999693124
"257",2020-12-09,0.0124051757055417,0.000771738612296188,0.0061739088983695,0.00011024837318517,0.0155104210285127,0.0145545008889928,0.0164663411680326,0.000862803412480679,0.000211314609795066,0.00151429221516629,0.00563156583999052,0.00497132480839004,0.00629180687159101
"258",2020-12-10,0.0124051757055417,0.000771738612296188,0.0061739088983695,0.00011024837318517,0.0155231044554899,0.0145604364176577,0.0164857724933221,0.00083135544918972,0.000193081630941766,0.00146962926743767,0.00566383347201797,0.004964005985452,0.00636366095858394
"259",2020-12-11,0.0124051757055417,0.000771738612296188,0.0061739088983695,0.00011024837318517,0.015535800403968,0.0145662264761211,0.0165053743318148,0.00079366938968976,0.000163440682715953,0.00142389809666357,0.0056948742001697,0.00493687988900818,0.00645286851133122
"260",2020-12-12,0.0124051757055417,0.000771738612296188,0.0061739088983695,0.00011024837318517,0.0155485088316539,0.0145718707799753,0.0165251468833326,0.00075164324296036,0.000122791298181458,0.00138049518773926,0.00570571995470169,0.00488928430093567,0.0065221556084677
"261",2020-12-13,0.0124051757055417,0.000771738612296188,0.0061739088983695,0.00011024837318517,0.0155612296960879,0.0145773692580504,0.0165450901341255,0.000707040649440968,7.21524171928304e-05,0.00134192888168911,0.00567740316369017,0.00482096843015309,0.00653383789722725
"262",2020-12-14,0.0178379473366333,0.00058616299242397,0.00468930393939176,8.37375703462815e-05,0.0155739629546426,0.0145827220340206,0.0165652038752647,0.000661422191330873,1.26208563871318e-05,0.00131022352627461,0.00559193730616135,0.00472606373578076,0.00645781087654194
"263",2020-12-15,0.0187850671695788,0.00056734556088548,0.00453876448708384,8.10493658407829e-05,0.0155867085645229,0.01458792940374,0.0165854877253057,0.000616107007309503,-5.5022227782771e-05,0.00128723624240178,0.00543385987930315,0.00458692993543283,0.00628078982317347
"264",2020-12-16,0.0198893201888735,0.000541280680599777,0.00433024544479821,7.73258115142538e-05,0.0155994664827652,0.0145929918085467,0.0166059411569838,0.000572160401022333,-0.000130436879884267,0.00127475768192893,0.00519216480061704,0.00436667029067431,0.00601765931055977
"265",2020-12-17,0.0198893201888735,0.000541280680599777,0.00433024544479821,7.73258115142538e-05,0.0156122366662377,0.0145979098047773,0.0166265635276982,0.000530401768068362,-0.000213636063915099,0.00127443960005182,0.00486231065103028,0.00400968130775279,0.00571493999430777
"266",2020-12-18,0.0197661555073596,0.000537167605519231,0.00429734084415385,7.67382293598902e-05,0.0156250190716391,0.0146026840297374,0.0166473541135408,0.000491426871966163,-0.000304828056986095,0.00128768180091842,0.00444786343819027,0.00347587797899118,0.00541984889738935
"267",2020-12-19,0.0197661555073596,0.000537167605519231,0.00429734084415385,7.67382293598902e-05,0.0156378136554987,0.0146073151643716,0.0166683121466258,0.000455638973227665,-0.000404320202575863,0.00131559814903119,0.00396127510345144,0.0027881992636603,0.00513435094324258
"268",2020-12-20,0.0197661555073596,0.000537167605519231,0.00429734084415385,7.67382293598902e-05,0.0156506203741759,0.0146118038928756,0.0166894368554762,0.000423284250141793,-0.000512541334630689,0.00135910983491427,0.00342336881264099,0.00202181885728357,0.00482491876799841
