"","date","cases","deaths","cum_cases","cum_deaths","cases_active","cases_infect","p_cases","p_cases_daily","p_cases_active","p_infect","population"
"1","2019/12/31",0,0,0,0,0,0,0,0,0,0,8544527
"2","2020/01/01",0,0,0,0,0,0,0,0,0,0,8544527
"3","2020/01/02",0,0,0,0,0,0,0,0,0,0,8544527
"4","2020/01/03",0,0,0,0,0,0,0,0,0,0,8544527
"5","2020/01/04",0,0,0,0,0,0,0,0,0,0,8544527
"6","2020/01/05",0,0,0,0,0,0,0,0,0,0,8544527
"7","2020/01/06",0,0,0,0,0,0,0,0,0,0,8544527
"8","2020/01/07",0,0,0,0,0,0,0,0,0,0,8544527
"9","2020/01/08",0,0,0,0,0,0,0,0,0,0,8544527
"10","2020/01/09",0,0,0,0,0,0,0,0,0,0,8544527
"11","2020/01/10",0,0,0,0,0,0,0,0,0,0,8544527
"12","2020/01/11",0,0,0,0,0,0,0,0,0,0,8544527
"13","2020/01/12",0,0,0,0,0,0,0,0,0,0,8544527
"14","2020/01/13",0,0,0,0,0,0,0,0,0,0,8544527
"15","2020/01/14",0,0,0,0,0,0,0,0,0,0,8544527
"16","2020/01/15",0,0,0,0,0,0,0,0,0,0,8544527
"17","2020/01/16",0,0,0,0,0,0,0,0,0,0,8544527
"18","2020/01/17",0,0,0,0,0,0,0,0,0,0,8544527
"19","2020/01/18",0,0,0,0,0,0,0,0,0,0,8544527
"20","2020/01/19",0,0,0,0,0,0,0,0,0,0,8544527
"21","2020/01/20",0,0,0,0,0,0,0,0,0,0,8544527
"22","2020/01/21",0,0,0,0,0,0,0,0,0,0,8544527
"23","2020/01/22",0,0,0,0,0,0,0,0,0,0,8544527
"24","2020/01/23",0,0,0,0,0,0,0,0,0,0,8544527
"25","2020/01/24",0,0,0,0,0,0,0,0,0,0,8544527
"26","2020/01/25",0,0,0,0,0,0,0,0,0,0,8544527
"27","2020/01/26",0,0,0,0,0,0,0,0,0,0,8544527
"28","2020/01/27",0,0,0,0,0,0,0,0,0,0,8544527
"29","2020/01/28",0,0,0,0,0,0,0,0,0,0,8544527
"30","2020/01/29",0,0,0,0,0,0,0,0,0,0,8544527
"31","2020/01/30",0,0,0,0,0,0,0,0,0,0,8544527
"32","2020/01/31",0,0,0,0,0,0,0,0,0,0,8544527
"33","2020/02/01",0,0,0,0,0,0,0,0,0,0,8544527
"34","2020/02/02",0,0,0,0,0,0,0,0,0,0,8544527
"35","2020/02/03",0,0,0,0,0,0,0,0,0,0,8544527
"36","2020/02/04",0,0,0,0,0,0,0,0,0,0,8544527
"37","2020/02/05",0,0,0,0,0,0,0,0,0,0,8544527
"38","2020/02/06",0,0,0,0,0,0,0,0,0,0,8544527
"39","2020/02/07",0,0,0,0,0,0,0,0,0,0,8544527
"40","2020/02/08",0,0,0,0,0,0,0,0,0,0,8544527
"41","2020/02/09",0,0,0,0,0,0,0,0,0,0,8544527
"42","2020/02/10",0,0,0,0,0,0,0,0,0,0,8544527
"43","2020/02/11",0,0,0,0,0,0,0,0,0,0,8544527
"44","2020/02/12",0,0,0,0,0,0,0,0,0,0,8544527
"45","2020/02/13",0,0,0,0,0,0,0,0,0,0,8544527
"46","2020/02/14",0,0,0,0,0,0,0,0,0,0,8544527
"47","2020/02/15",0,0,0,0,0,0,0,0,0,0,8544527
"48","2020/02/16",0,0,0,0,0,0,0,0,0,0,8544527
"49","2020/02/17",0,0,0,0,0,0,0,0,0,0,8544527
"50","2020/02/18",0,0,0,0,0,0,0,0,0,0,8544527
"51","2020/02/19",0,0,0,0,0,0,0,0,0,0,8544527
"52","2020/02/20",0,0,0,0,0,0,0,0,0,0,8544527
"53","2020/02/21",0,0,0,0,0,0,0,0,0,0,8544527
"54","2020/02/22",0,0,0,0,0,0,0,0,0,0,8544527
"55","2020/02/23",0,0,0,0,0,0,0,0,0,0,8544527
"56","2020/02/24",0,0,0,0,0,0,0,0,0,0,8544527
"57","2020/02/25",0,0,0,0,0,0,0,0,0,0,8544527
"58","2020/02/26",1,0,1,0,1,1,1.17033979762718e-07,1.17033979762718e-07,1.17033979762718e-07,1.17033979762718e-07,8544527
"59","2020/02/27",0,0,1,0,1,1,1.17033979762718e-07,0,1.17033979762718e-07,1.17033979762718e-07,8544527
"60","2020/02/28",7,0,8,0,8,8,9.36271838101746e-07,8.19237858339028e-07,9.36271838101746e-07,9.36271838101746e-07,8544527
"61","2020/02/29",4,0,12,0,12,12,1.40440775715262e-06,4.68135919050873e-07,1.40440775715262e-06,1.40440775715262e-06,8544527
"62","2020/03/01",6,0,18,0,18,18,2.10661163572893e-06,7.0220387857631e-07,2.10661163572893e-06,2.10661163572893e-06,8544527
"63","2020/03/02",6,0,24,0,24,24,2.80881551430524e-06,7.0220387857631e-07,2.80881551430524e-06,2.80881551430524e-06,8544527
"64","2020/03/03",6,0,30,0,30,30,3.51101939288155e-06,7.0220387857631e-07,3.51101939288155e-06,3.51101939288155e-06,8544527
"65","2020/03/04",7,0,37,0,37,37,4.33025725122058e-06,8.19237858339028e-07,4.33025725122058e-06,4.33025725122058e-06,8544527
"66","2020/03/05",20,0,57,0,57,57,6.67093684647494e-06,2.34067959525437e-06,6.67093684647494e-06,6.67093684647494e-06,8544527
"67","2020/03/06",30,1,87,1,87,87,1.01819562393565e-05,3.51101939288155e-06,1.01819562393565e-05,1.01819562393565e-05,8544527
"68","2020/03/07",122,0,209,1,209,209,2.44601017704081e-05,1.42781455310516e-05,2.44601017704081e-05,2.44601017704081e-05,8544527
"69","2020/03/08",55,0,264,1,264,264,3.08969706573576e-05,6.43686888694951e-06,3.08969706573576e-05,3.08969706573576e-05,8544527
"70","2020/03/09",68,1,332,2,331,331,3.88552812812225e-05,7.95831062386484e-06,3.87382473014598e-05,3.87382473014598e-05,8544527
"71","2020/03/10",42,0,374,2,373,373,4.37707084312566e-05,4.91542715003417e-06,4.36536744514939e-05,4.36536744514939e-05,8544527
"72","2020/03/11",116,1,490,3,482,482,5.7346650083732e-05,1.35759416524753e-05,5.64103782456302e-05,5.64103782456302e-05,8544527
"73","2020/03/12",152,1,642,4,630,630,7.51358150076651e-05,1.77891649239332e-05,7.37314072505125e-05,7.37314072505125e-05,8544527
"74","2020/03/13",212,0,854,4,836,836,9.99470187173614e-05,2.48112037096963e-05,9.78404070816325e-05,9.78404070816325e-05,8544527
"75","2020/03/14",267,3,1121,7,1097,1097,0.000131195091314007,3.12480725966458e-05,0.000128386275799702,0.000128386275799702,8544527
"76","2020/03/15",238,4,1359,11,1329,1329,0.000159049178497534,2.7854087183527e-05,0.000155538159104653,0.000155538159104653,8544527
"77","2020/03/16",841,2,2200,13,2163,2163,0.00025747475547798,9.84255769804461e-05,0.00025314449822676,0.00025314449822676,8544527
"78","2020/03/17",0,1,2200,14,2143,2143,0.00025747475547798,0,0.000250803818631505,0.000250803818631505,8544527
"79","2020/03/18",450,5,2650,19,2563,2563,0.000310140046371203,5.26652908932232e-05,0.000299958090131847,0.000299958090131847,8544527
"80","2020/03/19",353,6,3003,25,2794,2794,0.000351453041227443,4.13129948562396e-05,0.000326992939457035,0.000326992939457035,8544527
"81","2020/03/20",860,8,3863,33,3599,3599,0.000452102263823381,0.000100649222595938,0.000421205293166023,0.000421205293166023,8544527
"82","2020/03/21",943,10,4806,43,4474,4474,0.000562465306739624,0.000110363042916243,0.000523610025458402,0.000523610025458402,8544527
"83","2020/03/22",1271,13,6077,56,5703,5703,0.000711215495018039,0.000148750188278415,0.000667444786586782,0.000667444786586782,8544527
"84","2020/03/23",894,4,6971,60,6481,6481,0.000815843872925909,0.00010462837790787,0.000758497222842177,0.000758497222842177,8544527
"85","2020/03/24",1044,6,8015,66,7373,7373,0.000938027347798187,0.000122183474872278,0.000862891532790522,0.000862891532790522,8544527
"86","2020/03/25",774,20,8789,86,7935,7935,0.00102861164813453,9.0584300336344e-05,0.00092866462941717,0.00092866462941717,8544527
"87","2020/03/26",925,17,9714,103,8593,8593,0.00113686807941505,0.000108256431280514,0.00100567298810104,0.00100567298810104,8544527
"88","2020/03/27",1000,58,10714,161,9355,9355,0.00125390205917776,0.000117033979762718,0.00109485288068023,0.00109485288068023,8544527
"89","2020/03/28",1390,36,12104,197,9904,9904,0.00141657929104794,0.000162677231870178,0.00115910453556996,0.00115910453556996,8544527
"90","2020/03/29",1048,38,13152,235,10952,10952,0.00153923090183927,0.000122651610791329,0.00128175614636129,0.00128175614636129,8544527
"91","2020/03/30",1122,22,14274,257,11624,11624,0.00167054302713304,0.00013131212529377,0.00136040298076184,0.00136040298076184,8544527
"92","2020/03/31",1138,38,15412,295,12409,12409,0.00180372769610301,0.000133184668969973,0.00145227465487557,0.00145227465487557,8544527
"93","2020/04/01",696,78,16108,373,12245,12245,0.00188518334601787,8.14556499148519e-05,0.00143308108219449,0.00143308108219449,8544527
"94","2020/04/02",962,5,17070,378,12264,12264,0.0019977700345496,0.000112586688531735,0.00143530472780998,0.00143530472780998,8544527
"95","2020/04/03",1124,54,18194,432,12117,12117,0.0021293162278029,0.000131546193253295,0.00141810073278486,0.00141810073278486,8544527
"96","2020/04/04",1033,52,19227,484,12256,12256,0.00225021232889778,0.000120896101094888,0.00143436845597188,0.00143436845597188,8544527
"97","2020/04/05",974,56,20201,540,12186,12186,0.00236420342518667,0.000113991096288888,0.00142617607738849,0.00142617607738849,8544527
"98","2020/04/06",821,19,21022,559,12233,12233,0.00246028832257186,9.60848973851917e-05,0.00143167667443733,0.00143167667443733,8544527
"99","2020/04/07",552,25,21574,584,11860,11860,0.00252489107940088,6.46027568290205e-05,0.00138802299998584,0.00138802299998584,8544527
"100","2020/04/08",590,57,22164,641,11450,11450,0.00259394112746089,6.90500480600038e-05,0.00134003906828312,0.00134003906828312,8544527
"101","2020/04/09",546,64,22710,705,10606,10606,0.00265784168041133,6.39005529504442e-05,0.00124126238936339,0.00124126238936339,8544527
"102","2020/04/10",785,51,23495,756,10343,10343,0.00274971335452507,9.18716741137339e-05,0.0012104824526858,0.0012104824526858,8544527
"103","2020/04/11",733,49,24228,805,9954,9954,0.00283549926169114,8.57859071660725e-05,0.0011649562345581,0.0011649562345581,8544527
"104","2020/04/12",592,26,24820,831,9408,9408,0.00290478337771067,6.92841160195292e-05,0.00110105568160765,0.00110105568160765,8544527
"105","2020/04/13",400,27,25220,858,9112,9112,0.00295159696961576,4.68135919050873e-05,0.00106641362359789,0.00106641362359789,8544527
"106","2020/04/14",279,0,25499,858,8429,8429,0.00298424944996955,3.26524803537984e-05,0.000986479415419953,0.000986479415419953,8544527
"107","2020/04/15",254,42,25753,900,7559,7559,0.00301397608082928,2.97266308597304e-05,0.000884659853026388,0.000884659853026388,8544527
"108","2020/04/16",583,73,26336,973,7109,7109,0.00308220689103095,6.82308102016648e-05,0.000831994562133164,0.000831994562133164,8544527
"109","2020/04/17",315,43,26651,1016,6450,6450,0.0031190725946562,3.68657036252563e-05,0.000754869169469533,0.000754869169469533,8544527
"110","2020/04/18",346,42,26997,1058,5975,5975,0.00315956635165411,4.04937569979005e-05,0.000699278029082242,0.000699278029082242,8544527
"111","2020/04/19",325,52,27322,1110,5748,5748,0.00319760239507699,3.80360434228834e-05,0.000672711315676105,0.000672711315676105,8544527
"112","2020/04/20",336,24,27658,1134,5494,5494,0.00323692581227726,3.93234172002733e-05,0.000642984684816374,0.000642984684816374,8544527
"113","2020/04/21",168,7,27826,1141,5116,5116,0.0032565875208774,1.96617086001367e-05,0.000598745840466067,0.000598745840466067,8544527
"114","2020/04/22",155,45,27981,1186,4486,4486,0.00327472778774062,1.81402668632213e-05,0.000525014433215554,0.000525014433215554,8544527
"115","2020/04/23",205,30,28186,1216,3958,3958,0.00329871975359198,2.39919658513572e-05,0.000463220491900839,0.000463220491900839,8544527
"116","2020/04/24",228,51,28414,1267,3594,3594,0.00332540350097788,2.66837473858998e-05,0.00042062012326721,0.00042062012326721,8544527
"117","2020/04/25",181,41,28595,1308,3375,3375,0.00334658665131493,2.1183150337052e-05,0.000394989681699174,0.000394989681699174,8544527
"118","2020/04/26",216,20,28811,1328,3312,3312,0.00337186599094368,2.52793396287471e-05,0.000387616540974123,0.000387616540974123,8544527
"119","2020/04/27",167,8,28978,1336,3225,3225,0.00339141066556405,1.9544674620374e-05,0.000377434584734766,0.000377434584734766,8544527
"120","2020/04/28",103,16,29081,1352,2745,2745,0.00340346516547961,1.205449991556e-05,0.000321258274448662,0.000321258274448662,8544527
"121","2020/04/29",100,27,29181,1379,2530,2530,0.00341516856345588,1.17033979762718e-05,0.000296095968799677,0.000296095968799677,8544527
"122","2020/04/30",143,28,29324,1407,2327,2327,0.00343190442256195,1.67358591060687e-05,0.000272338070907845,0.000272338070907845,8544527
"123","2020/05/01",179,15,29503,1422,2181,2181,0.00345285350493948,2.09490823775266e-05,0.000255251109862489,0.000255251109862489,8544527
"124","2020/05/02",119,12,29622,1434,1964,1964,0.00346678054853124,1.39270435917635e-05,0.000229854736253979,0.000229854736253979,8544527
"125","2020/05/03",112,32,29734,1466,1908,1908,0.00347988835426467,1.31078057334244e-05,0.000223300833387266,0.000223300833387266,8544527
"126","2020/05/04",88,6,29822,1472,1841,1841,0.00349018734448378,1.02989902191192e-05,0.000215459556743164,0.000215459556743164,8544527
"127","2020/05/05",76,4,29898,1476,1712,1712,0.00349908192694575,8.89458246196659e-06,0.000200362173353774,0.000200362173353774,8544527
"128","2020/05/06",28,6,29926,1482,1512,1512,0.00350235887837911,3.27695143335611e-06,0.00017695537740123,0.00017695537740123,8544527
"129","2020/05/07",51,22,29977,1504,1382,1382,0.00350832761134701,5.96873296789863e-06,0.000161740960032077,0.000161740960032077,8544527
"130","2020/05/08",66,13,30043,1517,1232,1232,0.00351605185401135,7.72424266433941e-06,0.000144185863067669,0.000144185863067669,8544527
"131","2020/05/09",81,8,30124,1525,1146,1146,0.00352553160637213,9.47975236078018e-06,0.000134120940808075,0.000134120940808075,8544527
"132","2020/05/10",44,6,30168,1531,1087,1087,0.00353068110148169,5.1494951095596e-06,0.000127215936002075,0.000127215936002075,8544527
"133","2020/05/11",54,6,30222,1537,1041,1041,0.00353700093638887,6.31983490718679e-06,0.00012183237293299,0.00012183237293299,8544527
"134","2020/05/12",39,5,30261,1542,937,937,0.00354156526159962,4.56432521074601e-06,0.000109660839037667,0.000109660839037667,8544527
"135","2020/05/13",36,18,30297,1560,794,794,0.00354577848487108,4.21322327145786e-06,9.29249799315983e-05,9.29249799315983e-05,8544527
"136","2020/05/14",33,3,30330,1563,708,708,0.00354964060620325,3.8621213321697e-06,8.28600576720045e-05,8.28600576720045e-05,8544527
"137","2020/05/15",50,25,30380,1588,646,646,0.00355549230519138,5.85169898813591e-06,7.5603950926716e-05,7.5603950926716e-05,8544527
"138","2020/05/16",51,6,30431,1594,609,609,0.00356146103815928,5.96873296789863e-06,7.12736936754954e-05,7.12736936754954e-05,8544527
"139","2020/05/17",58,7,30489,1601,591,591,0.00356824900898552,6.78797082623766e-06,6.91670820397665e-05,6.91670820397665e-05,8544527
"140","2020/05/18",15,1,30504,1602,578,578,0.00357000451868196,1.75550969644077e-06,6.76456403028512e-05,6.76456403028512e-05,8544527
"141","2020/05/19",10,0,30514,1602,537,537,0.00357117485847959,1.17033979762718e-06,6.28472471325797e-05,6.28472471325797e-05,8544527
"142","2020/05/20",21,11,30535,1613,492,492,0.0035736325720546,2.45771357501708e-06,5.75807180432574e-05,5.75807180432574e-05,8544527
"143","2020/05/21",40,16,30575,1629,451,451,0.00357831393124511,4.68135919050873e-06,5.27823248729859e-05,5.27823248729859e-05,8544527
"144","2020/05/22",36,8,30611,1637,443,443,0.00358252715451657,4.21322327145786e-06,5.18460530348842e-05,5.18460530348842e-05,8544527
"145","2020/05/23",13,0,30624,1637,402,402,0.00358404859625348,1.52144173691534e-06,4.70476598646128e-05,4.70476598646128e-05,8544527
"146","2020/05/24",18,4,30642,1641,381,381,0.00358615520788921,2.10661163572893e-06,4.45899462895957e-05,4.45899462895957e-05,8544527
"147","2020/05/25",11,0,30653,1641,356,356,0.0035874425816666,1.2873737773899e-06,4.16640967955277e-05,4.16640967955277e-05,8544527
"148","2020/05/26",10,0,30663,1641,333,333,0.00358861292146423,1.17033979762718e-06,3.89723152609852e-05,3.89723152609852e-05,8544527
"149","2020/05/27",15,6,30678,1647,298,298,0.00359036843116067,1.75550969644077e-06,3.487612596929e-05,3.487612596929e-05,8544527
"150","2020/05/28",0,0,30678,1647,247,247,0.00359036843116067,0,2.89073930013914e-05,2.89073930013914e-05,8544527
"151","2020/05/29",35,7,30713,1654,224,224,0.00359446462045237,4.09618929169514e-06,2.62156114668489e-05,2.62156114668489e-05,8544527
"152","2020/05/30",32,2,30745,1656,241,241,0.00359820970780477,3.74508735240699e-06,2.82051891228151e-05,2.82051891228151e-05,8544527
"153","2020/05/31",17,0,30762,1656,248,248,0.00360019928546074,1.98957765596621e-06,2.90244269811541e-05,2.90244269811541e-05,8544527
"154","2020/06/01",17,0,30779,1656,244,244,0.00360218886311671,1.98957765596621e-06,2.85562910621033e-05,2.85562910621033e-05,8544527
"155","2020/06/02",9,0,30788,1656,213,213,0.00360324216893457,1.05330581786446e-06,2.4928237689459e-05,2.4928237689459e-05,8544527
"156","2020/06/03",3,0,30791,1656,180,180,0.00360359327087386,3.51101939288155e-07,2.10661163572893e-05,2.10661163572893e-05,8544527
"157","2020/06/04",19,3,30810,1659,186,186,0.00360581691648935,2.22364561549165e-06,2.17683202358656e-05,2.17683202358656e-05,8544527
"158","2020/06/05",20,0,30830,1659,188,188,0.0036081575960846,2.34067959525437e-06,2.2002388195391e-05,2.2002388195391e-05,8544527
"159","2020/06/06",23,0,30853,1659,200,200,0.00361084937761915,2.69178153454252e-06,2.34067959525437e-05,2.34067959525437e-05,8544527
"160","2020/06/07",20,1,30873,1660,210,210,0.0036131900572144,2.34067959525437e-06,2.45771357501708e-05,2.45771357501708e-05,8544527
"161","2020/06/08",9,0,30882,1660,204,204,0.00361424336303227,1.05330581786446e-06,2.38749318715945e-05,2.38749318715945e-05,8544527
"162","2020/06/09",7,0,30889,1660,211,211,0.00361506260089061,8.19237858339028e-07,2.46941697299336e-05,2.46941697299336e-05,8544527
"163","2020/06/10",16,2,30905,1662,192,192,0.00361693514456681,1.87254367620349e-06,2.24705241144419e-05,2.24705241144419e-05,8544527
"164","2020/06/11",23,12,30928,1674,183,183,0.00361962692610135,2.69178153454252e-06,2.14172182965774e-05,2.14172182965774e-05,8544527
"165","2020/06/12",33,0,30961,1674,199,199,0.00362348904743352,3.8621213321697e-06,2.32897619727809e-05,2.32897619727809e-05,8544527
"166","2020/06/13",19,2,30980,1676,201,201,0.00362571269304901,2.22364561549165e-06,2.35238299323064e-05,2.35238299323064e-05,8544527
"167","2020/06/14",31,0,31011,1676,223,223,0.00362934074642166,3.62805337264427e-06,2.60985774870862e-05,2.60985774870862e-05,8544527
"168","2020/06/15",23,0,31034,1676,243,243,0.0036320325279562,2.69178153454252e-06,2.84392570823405e-05,2.84392570823405e-05,8544527
"169","2020/06/16",14,0,31048,1676,238,238,0.00363367100367288,1.63847571667806e-06,2.7854087183527e-05,2.7854087183527e-05,8544527
"170","2020/06/17",15,1,31063,1677,233,233,0.00363542651336932,1.75550969644077e-06,2.72689172847134e-05,2.72689172847134e-05,8544527
"171","2020/06/18",37,0,31100,1677,247,247,0.00363975677062054,4.33025725122058e-06,2.89073930013914e-05,2.89073930013914e-05,8544527
"172","2020/06/19",17,0,31117,1677,244,244,0.0036417463482765,1.98957765596621e-06,2.85562910621033e-05,2.85562910621033e-05,8544527
"173","2020/06/20",92,0,31209,1677,327,327,0.00365251347441468,1.07671261381701e-05,3.82701113824089e-05,3.82701113824089e-05,8544527
"174","2020/06/21",0,0,31209,1677,320,320,0.00365251347441468,0,3.74508735240699e-05,3.74508735240699e-05,8544527
"175","2020/06/22",0,2,31209,1679,304,304,0.00365251347441468,0,3.55783298478664e-05,3.55783298478664e-05,8544527
"176","2020/06/23",18,0,31227,1679,299,299,0.0036546200860504,2.10661163572893e-06,3.49931599490528e-05,3.49931599490528e-05,8544527
"177","2020/06/24",22,0,31249,1679,288,288,0.00365719483360518,2.5747475547798e-06,3.37057861716629e-05,3.37057861716629e-05,8544527
"178","2020/06/25",44,2,31293,1681,313,313,0.00366234432871474,5.1494951095596e-06,3.66316356657308e-05,3.66316356657308e-05,8544527
"179","2020/06/26",52,0,31345,1681,334,334,0.0036684300956624,6.08576694766135e-06,3.90893492407479e-05,3.90893492407479e-05,8544527
"180","2020/06/27",58,0,31403,1681,369,369,0.00367521806648864,6.78797082623766e-06,4.3185538532443e-05,4.3185538532443e-05,8544527
"181","2020/06/28",69,0,31472,1681,424,424,0.00368329341109227,8.07534460362756e-06,4.96224074193926e-05,4.96224074193926e-05,8544527
"182","2020/06/29",62,0,31534,1681,471,471,0.00369054951783756,7.25610674528853e-06,5.51230044682403e-05,5.51230044682403e-05,8544527
"183","2020/06/30",35,0,31569,1681,469,469,0.00369464570712925,4.09618929169514e-06,5.48889365087149e-05,5.48889365087149e-05,8544527
"184","2020/07/01",62,2,31631,1683,514,514,0.00370190181387454,7.25610674528853e-06,6.01554655980372e-05,6.01554655980372e-05,8544527
"185","2020/07/02",220,1,31851,1684,642,642,0.00372764928942234,2.5747475547798e-05,7.51358150076651e-05,7.51358150076651e-05,8544527
"186","2020/07/03",33,1,31884,1685,675,675,0.00373151141075451,3.8621213321697e-06,7.89979363398348e-05,7.89979363398348e-05,8544527
"187","2020/07/04",133,0,32017,1685,808,808,0.00374707693006295,1.55655193084415e-05,9.45634556482764e-05,9.45634556482764e-05,8544527
"188","2020/07/05",97,0,32114,1685,887,887,0.00375842922609993,1.13522960369837e-05,0.000103809140049531,0.000103809140049531,8544527
"189","2020/07/06",70,0,32184,1685,935,935,0.00376662160468333,8.19237858339028e-06,0.000109426771078142,0.000109426771078142,8544527
"190","2020/07/07",46,0,32230,1685,937,937,0.00377200516775241,5.38356306908504e-06,0.000109660839037667,0.000109660839037667,8544527
"191","2020/07/08",54,0,32284,1685,939,939,0.0037783250026596,6.31983490718679e-06,0.000109894906997192,0.000109894906997192,8544527
"192","2020/07/09",129,0,32413,1685,1010,1010,0.00379342238604899,1.50973833893907e-05,0.000118204319560345,0.000118204319560345,8544527
"193","2020/07/10",88,0,32501,1685,1029,1029,0.00380372137626811,1.02989902191192e-05,0.000120427965175837,0.000120427965175837,8544527
"194","2020/07/11",104,0,32605,1685,1071,1071,0.00381589291016343,1.21715338953227e-05,0.000125343392325871,0.000125343392325871,8544527
"195","2020/07/12",108,0,32713,1685,1144,1144,0.0038285325799778,1.26396698143736e-05,0.00013388687284855,0.00013388687284855,8544527
"196","2020/07/13",85,0,32798,1685,1167,1167,0.00383848046825763,9.94788827983105e-06,0.000136578654383092,0.000136578654383092,8544527
"197","2020/07/14",63,0,32861,1685,1010,1010,0.00384585360898269,7.37314072505125e-06,0.000118204319560345,0.000118204319560345,8544527
"198","2020/07/15",70,2,32931,1687,1047,1047,0.00385404598756608,8.19237858339028e-06,0.000122534576811566,0.000122534576811566,8544527
"199","2020/07/16",132,0,33063,1687,1046,1046,0.00386949447289475,1.54484853286788e-05,0.000122417542831803,0.000122417542831803,8544527
"200","2020/07/17",142,0,33205,1687,1091,1091,0.00388611329802106,1.6618825126306e-05,0.000127684071921126,0.000127684071921126,8544527
"201","2020/07/18",91,0,33296,1687,1112,1112,0.00389676339017947,1.06500921584074e-05,0.000130141785496143,0.000130141785496143,8544527
"202","2020/07/19",110,0,33406,1687,1176,1176,0.00390963712795337,1.2873737773899e-05,0.000137631960200957,0.000137631960200957,8544527
"203","2020/07/20",98,0,33504,1687,1220,1220,0.00392110645797011,1.14693300167464e-05,0.000142781455310516,0.000142781455310516,8544527
"204","2020/07/21",43,0,33547,1687,1134,1134,0.00392613891909991,5.03246112979689e-06,0.000132716533050923,0.000132716533050923,8544527
"205","2020/07/22",108,3,33655,1690,1154,1154,0.00393877858891428,1.26396698143736e-05,0.000135057212646177,0.000135057212646177,8544527
"206","2020/07/23",141,2,33796,1692,1191,1191,0.00395528038006083,1.65017911465433e-05,0.000139387469897397,0.000139387469897397,8544527
"207","2020/07/24",117,1,33913,1693,1200,1200,0.00396897335569307,1.3692975632238e-05,0.000140440775715262,0.000140440775715262,8544527
"208","2020/07/25",154,6,34067,1699,1269,1269,0.00398699658857652,1.80232328834586e-05,0.000148516120318889,0.000148516120318889,8544527
"209","2020/07/26",148,0,34215,1699,1354,1354,0.00400431761758141,1.73210290048823e-05,0.000158464008598721,0.000158464008598721,8544527
"210","2020/07/27",110,1,34325,1700,1394,1394,0.0040171913553553,1.2873737773899e-05,0.000163145367789229,0.000163145367789229,8544527
"211","2020/07/28",65,0,34390,1700,1327,1327,0.00402479856403988,7.60720868457669e-06,0.000155304091145127,0.000155304091145127,8544527
"212","2020/07/29",132,2,34522,1702,1317,1317,0.00404024704936856,1.54484853286788e-05,0.0001541337513475,0.0001541337513475,8544527
"213","2020/07/30",192,0,34714,1702,1418,1418,0.004062717573483,2.24705241144419e-05,0.000165954183303535,0.000165954183303535,8544527
"214","2020/07/31",219,1,34933,1703,1527,1527,0.00408834801505104,2.56304415680353e-05,0.000178710887097671,0.000178710887097671,8544527
"215","2020/08/01",137,0,35070,1703,1566,1566,0.00410438167027853,1.60336552274924e-05,0.000183275212308417,0.000183275212308417,8544527
"216","2020/08/02",342,2,35412,1705,1865,1865,0.00414440729135738,4.00256210788497e-05,0.00021826837225747,0.00021826837225747,8544527
"217","2020/08/03",49,0,35461,1705,1806,1806,0.00415014195636575,5.7346650083732e-06,0.000211363367451469,0.000211363367451469,8544527
"218","2020/08/04",66,0,35527,1705,1731,1731,0.00415786619903009,7.72424266433941e-06,0.000202585818969265,0.000202585818969265,8544527
"219","2020/08/05",130,0,35657,1705,1744,1744,0.00417308061639925,1.52144173691534e-05,0.000204107260706181,0.000204107260706181,8544527
"220","2020/08/06",181,0,35838,1705,1771,1771,0.0041942637667363,2.1183150337052e-05,0.000207267178159774,0.000207267178159774,8544527
"221","2020/08/07",181,3,36019,1708,1804,1804,0.00421544691707335,2.1183150337052e-05,0.000211129299491944,0.000211129299491944,8544527
"222","2020/08/08",161,3,36180,1711,1855,1855,0.00423428938781515,1.88424707417976e-05,0.000217098032459842,0.000217098032459842,8544527
"223","2020/08/09",182,0,36362,1711,1972,1972,0.00425558957213196,2.13001843168147e-05,0.00023079100809208,0.00023079100809208,8544527
"224","2020/08/10",152,0,36514,1711,1992,1992,0.0042733787370559,1.77891649239332e-05,0.000233131687687335,0.000233131687687335,8544527
"225","2020/08/11",105,0,36619,1711,1905,1905,0.00428566730493098,1.22885678750854e-05,0.000222949731447978,0.000222949731447978,8544527
"226","2020/08/12",187,1,36806,1712,1873,1873,0.00430755265914661,2.18853542156283e-05,0.000219204644095571,0.000219204644095571,8544527
"227","2020/08/13",273,1,37079,1713,2009,2009,0.00433950293562183,3.19502764752221e-05,0.000235121265343301,0.000235121265343301,8544527
"228","2020/08/14",233,1,37312,1714,1900,1900,0.00436677185290655,2.72689172847134e-05,0.000222364561549165,0.000222364561549165,8544527
"229","2020/08/15",268,0,37580,1714,2119,2119,0.00439813695948295,3.13651065764085e-05,0.0002479950031172,0.0002479950031172,8544527
"230","2020/08/16",251,0,37831,1714,2304,2304,0.0044275124884034,2.93755289204423e-05,0.000269646289373303,0.000269646289373303,8544527
"231","2020/08/17",200,1,38031,1715,2374,2374,0.00445091928435594,2.34067959525437e-05,0.000277838667956693,0.000277838667956693,8544527
"232","2020/08/18",125,0,38156,1715,2318,2318,0.00446554853182628,1.46292474703398e-05,0.000271284765089981,0.000271284765089981,8544527
"233","2020/08/19",196,1,38352,1716,2333,2333,0.00448848719185977,2.29386600334928e-05,0.000273040274786422,0.000273040274786422,8544527
"234","2020/08/20",310,2,38662,1718,2482,2482,0.00452476772558621,3.62805337264427e-05,0.000290478337771067,0.000290478337771067,8544527
"235","2020/08/21",264,0,38926,1718,2564,2564,0.00455566469624357,3.08969706573576e-05,0.00030007512411161,0.00030007512411161,8544527
"236","2020/08/22",306,0,39232,1718,2718,2718,0.00459147709405096,3.58123978073918e-05,0.000318098356995068,0.000318098356995068,8544527
"237","2020/08/23",294,1,39526,1719,2907,2907,0.0046258850841012,3.44079900502392e-05,0.000340217779170222,0.000340217779170222,8544527
"238","2020/08/24",276,0,39802,1719,2996,2996,0.00465818646251571,3.23013784145102e-05,0.000350633803369104,0.000350633803369104,8544527
"239","2020/08/25",157,1,39959,1720,2880,2880,0.00467656079733846,1.83743348227468e-05,0.000337057861716629,0.000337057861716629,8544527
"240","2020/08/26",202,2,40161,1722,2849,2849,0.00470020166125053,2.36408639120691e-05,0.000333429808343984,0.000333429808343984,8544527
"241","2020/08/27",379,0,40540,1722,2960,2960,0.0047445575395806,4.43558783300702e-05,0.000346420580097646,0.000346420580097646,8544527
"242","2020/08/28",360,1,40900,1723,3069,3069,0.00478668977229518,4.21322327145786e-05,0.000359177283891782,0.000359177283891782,8544527
"243","2020/08/29",340,1,41240,1724,3209,3209,0.0048264813254145,3.97915531193242e-05,0.000375562041058563,0.000375562041058563,8544527
"244","2020/08/30",375,0,41615,1724,3459,3459,0.00487036906782552,4.38877424110194e-05,0.000404820535999243,0.000404820535999243,8544527
"245","2020/08/31",291,0,41906,1724,3554,3554,0.00490442595593647,3.4056888110951e-05,0.000415938764076701,0.000415938764076701,8544527
"246","2020/09/01",163,1,42069,1725,3407,3407,0.0049235024946378,1.90765387013231e-05,0.000398734769051581,0.000398734769051581,8544527
"247","2020/09/02",216,1,42285,1726,3359,3359,0.00494878183426654,2.52793396287471e-05,0.000393117138022971,0.000393117138022971,8544527
"248","2020/09/03",370,0,42655,1726,3423,3423,0.00499208440677875,4.33025725122058e-05,0.000400607312727785,0.000400607312727785,8544527
"249","2020/09/04",472,4,43127,1730,3601,3601,0.00504732444522675,5.5240038448003e-05,0.000421439361125549,0.000421439361125549,8544527
"250","2020/09/05",297,1,43424,1731,3622,3622,0.00508208353721628,3.47590919895273e-05,0.000423897074700566,0.000423897074700566,8544527
"251","2020/09/06",425,0,43849,1731,3890,3890,0.00513182297861543,4.97394413991553e-05,0.000455262181276974,0.000455262181276974,8544527
"252","2020/09/07",444,1,44293,1732,4132,4132,0.00518378606563008,5.19630870146469e-05,0.000483584404379552,0.000483584404379552,8544527
"253","2020/09/08",191,2,44484,1734,3944,3944,0.00520613955576476,2.23534901346792e-05,0.000461582016184161,0.000461582016184161,8544527
"254","2020/09/09",245,0,44729,1734,3829,3829,0.00523481288080663,2.8673325041866e-05,0.000448123108511448,0.000448123108511448,8544527
"255","2020/09/10",468,0,45197,1734,3957,3957,0.00528958478333558,5.47719025289522e-05,0.000463103457921076,0.000463103457921076,8544527
"256","2020/09/11",405,2,45602,1736,3987,3987,0.00533698354513948,4.73987618039009e-05,0.000466614477313958,0.000466614477313958,8544527
"257","2020/09/12",528,3,46130,1739,4224,4224,0.00539877748645419,6.17939413147153e-05,0.000494351530517722,0.000494351530517722,8544527
"258","2020/09/13",465,3,46595,1742,4526,4526,0.00545319828704386,5.4420800589664e-05,0.000529695792406063,0.000529695792406063,8544527
"259","2020/09/14",473,4,47068,1746,4783,4783,0.00550855535947162,5.53570724277657e-05,0.000559773525205082,0.000559773525205082,8544527
"260","2020/09/15",257,0,47325,1746,4670,4670,0.00553863309227064,3.00777327990186e-05,0.000546548685491894,0.000546548685491894,8544527
"261","2020/09/16",315,1,47640,1747,4513,4513,0.0055754987958959,3.68657036252563e-05,0.000528174350669148,0.000528174350669148,8544527
"262","2020/09/17",514,7,48154,1754,4730,4730,0.00563565426149394,6.01554655980372e-05,0.000553570724277657,0.000553570724277657,8544527
"263","2020/09/18",530,8,48684,1762,4835,4835,0.00569768227076818,6.20280092742407e-05,0.000565859292152743,0.000565859292152743,8544527
"264","2020/09/19",487,2,49171,1764,4878,4878,0.00575467781891262,5.69955481444438e-05,0.00057089175328254,0.00057089175328254,8544527
"265","2020/09/20",0,0,49171,1764,4687,4687,0.00575467781891262,0,0.000548538263147861,0.000548538263147861,8544527
"266","2020/09/21",0,0,49171,1764,4442,4442,0.00575467781891262,0,0.000519864938105995,0.000519864938105995,8544527
"267","2020/09/22",1093,5,50264,1769,5067,5067,0.00588259595879327,0.000127918139880651,0.000593011175457694,0.000593011175457694,8544527
"268","2020/09/23",284,3,50548,1772,4946,4946,0.00591583360904588,3.3237650252612e-05,0.000578850063906405,0.000578850063906405,8544527
"269","2020/09/24",436,0,50984,1772,4854,4854,0.00596686042422243,5.10268151765452e-05,0.000568082937768235,0.000568082937768235,8544527
"270","2020/09/25",508,4,51492,1776,4897,4897,0.00602631368594189,5.94532617194609e-05,0.000573115398898031,0.000573115398898031,8544527
"271","2020/09/26",255,1,51747,1777,4679,4679,0.00605615735078138,2.98436648394932e-05,0.000547601991309759,0.000547601991309759,8544527
"272","2020/09/27",117,1,51864,1778,4539,4539,0.00606985032641362,1.3692975632238e-05,0.000531217234142978,0.000531217234142978,8544527
"273","2020/09/28",0,0,51864,1778,4224,4224,0.00606985032641362,0,0.000494351530517722,0.000494351530517722,8544527
"274","2020/09/29",664,1,52528,1779,4374,4374,0.00614756088897607,7.77105625624449e-05,0.00051190662748213,0.00051190662748213,8544527
"275","2020/09/30",223,2,52751,1781,4067,4067,0.00617365946646315,2.60985774870862e-05,0.000475977195694975,0.000475977195694975,8544527
"276","2020/10/01",411,1,53162,1782,3991,3991,0.00622176043214563,4.81009656824772e-05,0.000467082613233009,0.000467082613233009,8544527
"277","2020/10/02",550,1,53712,1783,4541,4541,0.00628612912101512,6.43686888694951e-05,0.000531451302102504,0.000531451302102504,8544527
"278","2020/10/03",551,0,54263,1783,5092,5092,0.00635061484386438,6.44857228492578e-05,0.000595937024951762,0.000595937024951762,8544527
"279","2020/10/04",0,0,54263,1783,3999,3999,0.00635061484386438,0,0.00046801888507111,0.00046801888507111,8544527
"280","2020/10/05",0,0,54263,1783,3715,3715,0.00635061484386438,0,0.000434781234818498,0.000434781234818498,8544527
"281","2020/10/06",1540,3,55803,1786,4819,4819,0.00653084717269897,0.000180232328834586,0.000563986748476539,0.000563986748476539,8544527
"282","2020/10/07",699,0,56502,1786,5010,5010,0.00661265392455311,8.18067518541401e-05,0.000586340238611219,0.000586340238611219,8544527
"283","2020/10/08",0,0,56502,1786,4755,4755,0.00661265392455311,0,0.000556496573771725,0.000556496573771725,8544527
"284","2020/10/09",2243,4,58745,1790,6881,6881,0.00687516114116089,0.000262507216607777,0.000805310814747265,0.000805310814747265,8544527
"285","2020/10/10",1485,3,60230,1793,8366,8366,0.00704895660110852,0.000173795459947637,0.000979106274694901,0.000979106274694901,8544527
"286","2020/10/11",0,0,60230,1793,7702,7702,0.00704895660110852,0,0.000901395712132456,0.000901395712132456,8544527
"287","2020/10/12",0,0,60230,1793,7479,7479,0.00704895660110852,0,0.00087529713464537,0.00087529713464537,8544527
"288","2020/10/13",4057,7,64287,1800,11125,11125,0.00752376345700587,0.000474806855897348,0.00130200302486024,0.00130200302486024,8544527
"289","2020/10/14",1439,7,65726,1807,12014,12014,0.00769217535388442,0.000168411896878552,0.0014060462328693,0.0014060462328693,8544527
"290","2020/10/15",2724,7,68450,1814,14187,14187,0.00801097591475807,0.000318800560873645,0.00166036107089368,0.00166036107089368,8544527
"291","2020/10/16",2690,3,71140,1817,16877,16877,0.00832579732031978,0.000314821405561712,0.0019751824764554,0.0019751824764554,8544527
"292","2020/10/17",3087,5,74227,1822,19964,19964,0.00868708121584729,0.000361283895527511,0.00233646637198291,0.00233646637198291,8544527
"293","2020/10/18",0,0,74227,1822,18424,18424,0.00868708121584729,0,0.00215623404314832,0.00215623404314832,8544527
"294","2020/10/19",195,1,74422,1823,17920,17920,0.00870990284190102,2.28216260537301e-05,0.00209724891734791,0.00209724891734791,8544527
"295","2020/10/20",8737,14,83159,1837,26657,26657,0.00973242872308789,0.00102252588118687,0.00311977479853478,0.00311977479853478,8544527
